0.01,4.087802710618089e-05,0.01,-0.009442545054309229
0.031579,0.0001432567099440098,0.031579,-0.02974223961626863
0.053157,0.0002671591206033087,0.053157,-0.05001429460356633
0.074736,0.0004154401345165525,0.074736,-0.07028782675771994
0.096315,0.0005912038448585974,0.096315,-0.09057658335188276
0.117893,0.0007977988590737325,0.117893,-0.1108906328911761
0.139472,0.001038810074706761,0.139472,-0.1312410795954134
0.161051,0.001318149720068601,0.161051,-0.1516351961060118
0.182629,0.001639909009684031,0.182629,-0.1720794796932798
0.204208,0.002008544205059465,0.204208,-0.1925827367619218
0.225787,0.002428685867023216,0.225787,-0.2131504684850564
0.247366,0.002905283176625211,0.247366,-0.2337886288072522
0.268944,0.003443576255944828,0.268944,-0.2545020171058801
0.290523,0.004049018701725608,0.290523,-0.2752976966155615
0.312102,0.004727354521149,0.312102,-0.2961796517250571
0.33368,0.005484512544117291,0.33368,-0.3171514593288228
0.355259,0.006326678053111916,0.355259,-0.338219163925717
0.376838,0.007260275096808697,0.376838,-0.3593855726987306
0.398416,0.008291827121365853,0.398416,-0.3806531985294112
0.419995,0.009428139140187131,0.419995,-0.4020269539879925
0.441574,0.01067612016261872,0.441574,-0.4235085596059848
0.463152,0.01204288436007012,0.463152,-0.4450991925891583
0.484731,0.01353559401091742,0.484731,-0.4668026562176937
0.50631,0.0151615033627375,0.50631,-0.4886193127087511
0.527888,0.01692777469390644,0.527888,-0.5105492526166207
0.549467,0.01884191693594178,0.549467,-0.5325949661842776
0.5710460000000001,0.02091129045472903,0.5710460000000001,-0.554755683700257
0.592625,0.02314296697435425,0.592625,-0.5770310882245435
0.6142030000000001,0.02554455022535735,0.6142030000000001,-0.5994196403342072
0.635782,0.02812297327056781,0.635782,-0.621922245572148
0.657361,0.03088575353096787,0.657361,-0.6445363231411005
0.678939,0.03383910812453155,0.678939,-0.6672592016895091
0.700518,0.03699032667160527,0.700518,-0.690090790663084
0.722097,0.04034607623179157,0.722097,-0.7130275131673692
0.743675,0.04391253996520573,0.743675,-0.7360655206450392
0.765254,0.04769600290553926,0.765254,-0.7592036811674685
0.786833,0.05170221525020831,0.786833,-0.7824377839601716
0.808411,0.0559371167946737,0.808411,-0.8057632107543574
0.82999,0.06040605590168959,0.82999,-0.8291781051870807
0.851569,0.06511456770223333,0.851569,-0.8526772151095203
0.873147,0.07006721952830766,0.873147,-0.8762554694814353
0.894726,0.0752687598204954,0.894726,-0.8999104233369952
0.916305,0.08072363705829365,0.916305,-0.923636552864509
0.937883,0.08643556962723625,0.937883,-0.9474283342522855
0.959462,0.0924089097928872,0.959462,-0.9712830508716241
0.9810410000000001,0.09864711559719651,0.9810410000000001,-0.995195088356544
1.00262,0.1051533055035267,1.00262,-1.019159556775384
1.024198,0.1119304791227346,1.024198,-1.043170570099293
1.045777,0.118981545511387,1.045777,-1.067225411699571
1.067356,0.1263093910874782,1.067356,-1.091318467210236
1.088934,0.1339161438768236,1.088934,-1.115443850602438
1.110513,0.1418043959959751,1.110513,-1.139599207464635
1.132092,0.1499761396393129,1.132092,-1.163778470659397
1.15367,0.1584330274226299,1.15367,-1.187975935266452
1.175249,0.1671774929924703,1.175249,-1.21218924687426
1.196828,0.1762104871688794,1.196828,-1.236412791116841
1.218406,0.1855336625676498,1.218406,-1.260641315845372
1.239985,0.1951484340995633,1.239985,-1.284872376094024
1.261564,0.2050565449347025,1.261564,-1.309100900822556
1.283142,0.2152584818023763,1.283142,-1.333321456773566
1.304721,0.2257563953669727,1.304721,-1.357531961198384
1.3263,0.2365512590871094,1.3263,-1.381727252502478
1.347878,0.2476433446256563,1.347878,-1.4059023501999
1.369457,0.2590345762612765,1.369457,-1.430054899879106
1.391036,0.2707247728853897,1.391036,-1.454180554934178
1.412615,0.2827154286437814,1.412615,-1.478275059313483
1.434193,0.2950071774164816,1.434193,-1.502334247519681
1.455772,0.3076008341921006,1.455772,-1.526355946249813
1.477351,0.3204975308992635,1.477351,-1.550336171115116
1.498929,0.3336973354536877,1.498929,-1.57426985107535
1.520508,0.3472018325554488,1.520508,-1.598156261696195
1.542087,0.3610116560845767,1.542087,-1.62199105637173
1.563665,0.3751272814510941,1.563665,-1.645769345170294
1.585244,0.3895502480779313,1.585244,-1.669490584766147
1.606823,0.4042806691579508,1.606823,-1.693150428553367
1.628401,0.4193193823183352,1.628401,-1.716745254360356
1.64998,0.4346681080905949,1.64998,-1.740274337752791
1.671559,0.45032748035476,1.671559,-1.763734237667653
1.693137,0.4662994460280658,1.693137,-1.787121331933341
1.714716,0.4825853181477178,1.714716,-1.810435258332694
1.736295,0.4991869077995161,1.736295,-1.833672575802693
1.757874,0.5161065693950013,1.757874,-1.856830929931796
1.779452,0.5333462045742636,1.779452,-1.879907422982724
1.801031,0.5509087110745838,1.801031,-1.902901873846895
1.82261,0.5687979374532875,1.82261,-1.92581084146129
1.844188,0.5870161475676252,1.844188,-1.948630703654308
1.865767,0.6055676880235178,1.865767,-1.971361641534528
1.887346,0.624457448752626,1.887346,-1.99399967071319
1.908924,0.6436895499751458,1.908924,-2.016540987910113
1.930503,0.6632707379856836,1.930503,-2.038984868690978
1.952082,0.68320517828158,1.952082,-2.061326242015542
1.97366,0.7035000246517465,1.97366,-2.083560580169306
1.995239,0.7241621592222245,1.995239,-2.105684985414988
2.016818,0.7451991885533753,2.016818,-2.127694024495188
2.038396,0.7666182211569654,2.038396,-2.149580271958124
2.059975,0.7884284935705765,2.059975,-2.171338837872135
2.081554,0.8106375670774253,2.081554,-2.19296211567686
2.103132,0.8332542254436434,2.103132,-2.214439419966077
2.124711,0.8562873429896523,2.124711,-2.235764049722323
2.14629,0.8797456129272939,2.14629,-2.256924413996478
2.167869,0.9036389056741803,2.167869,-2.277909646273739
2.189447,0.9279752805621226,2.189447,-2.298703990107642
2.211026,0.952763974128703,2.211026,-2.319296578983387
2.232605,0.9780129551514428,2.232605,-2.339670026477289
2.254183,1.003728652984933,2.254183,-2.359806946165664
2.275762,1.029919851395307,2.275762,-2.379690857167731
2.297341,1.056591349759933,2.297341,-2.399301475322524
2.318919,1.083748490781924,2.318919,-2.418617067600441
2.340498,1.11139553051291,2.340498,-2.437616987623355
2.362077,1.139534189484402,2.362077,-2.456277691275864
2.383655,1.16816473935927,2.383655,-2.474573098922442
2.405234,1.197287632908963,2.405234,-2.492480753099164
2.426813,1.226900062950491,2.426813,-2.509972400867545
2.448391,1.256995781237843,2.448391,-2.527020513723421
2.46997,1.287569173405039,2.46997,-2.543600098682744
2.491549,1.318610821805915,2.491549,-2.559681997264132
2.513127,1.35010877327419,2.513127,-2.575237413203356
2.534706,1.382049716329231,2.534706,-2.590239723539154
2.556285,1.414417260644545,2.556285,-2.604660132007298
2.577864,1.447192480373519,2.577864,-2.618471472320784
2.599442,1.480351378629297,2.599442,-2.631646397084026
2.621021,1.513871679056535,2.621021,-2.64416099996446
2.6426,1.547726577585389,2.6426,-2.65599137462952
2.664178,1.581886191300151,2.664178,-2.667112165878002
2.685757,1.616320184513667,2.685757,-2.677505443960484
2.707336,1.65099468992147,2.707336,-2.687150562498839
2.728914,1.685873123590392,2.728914,-2.696029953960806
2.750493,1.720919626021587,2.750493,-2.704130578528621
2.772072,1.756093447784547,2.772072,-2.711440301927422
2.79365,1.791353839448764,2.79365,-2.717947895425248
2.815229,1.826660051583729,2.815229,-2.723650823501977
2.836808,1.861968618130236,2.836808,-2.728543290683048
2.858386,1.897234080834693,2.858386,-2.732625478077042
2.879965,1.932416595809495,2.879965,-2.735903181158519
2.901544,1.967468531498091,2.901544,-2.738381470967721
2.923123,2.002346965167013,2.923123,-2.74007175734519
2.944701,2.037007887431313,2.944701,-2.740986355674368
2.96628,2.071410729969063,2.96628,-2.741145369007639
2.987859,2.105514562241175,2.987859,-2.740568175963066
3.009437,2.139279178142881,3.009437,-2.739277777330316
3.031016,2.172668355958174,3.031016,-2.737302788265032
3.052595,2.205646779513946,3.052595,-2.73467182392286
3.074173,2.238180581505733,3.074173,-2.731417121631047
3.095752,2.270241327886468,3.095752,-2.72757544643134
3.117331,2.301801852369145,3.117331,-2.723183563365486
3.138909,2.33283770529546,3.138909,-2.718280410778192
3.160488,2.36332987026451,3.160488,-2.712908549185768
3.182067,2.39326096085261,3.182067,-2.70711017688736
3.203645,2.422618299459159,3.203645,-2.700927673290698
3.225224,2.451393011763734,3.225224,-2.694407945518011
3.246803,2.479580388943255,3.246803,-2.687595184062825
3.268381,2.507177533260442,3.268381,-2.680533217201512
3.28996,2.534188429104054,3.28996,-2.67326949538204
3.311539,2.560620683034454,3.311539,-2.665846760229297
3.333118,2.586482444937743,3.333118,-2.658308840019651
3.354696,2.611789290151804,3.354696,-2.65069612196645
3.376275,2.636558605100321,3.376275,-2.643050804368844
3.397854,2.660809043967037,3.397854,-2.635412006680118
3.419432,2.684568859690437,3.419432,-2.627814863964801
3.441011,2.707864494123207,3.441011,-2.620293243527358
3.46259,2.730724562420992,3.46259,-2.612877933826396
3.484168,2.753180577476719,3.484168,-2.60559646336608
3.505747,2.775267493246334,3.505747,-2.598475092890515
3.527326,2.797024066965965,3.527326,-2.591534830994986
3.548904,2.818484347048658,3.548904,-2.584792882994595
3.570483,2.839688177382021,3.570483,-2.578264280901485
3.592062,2.860676488505143,3.592062,-2.571959529013299
3.61364,2.881485321025449,3.61364,-2.565884603913178
3.635219,2.902157597676409,3.635219,-2.560045301075682
3.656798,2.92273098904267,3.656798,-2.554440352740753
3.678377,2.943245882337579,3.678377,-2.549065231193887
3.699955,2.963735239322703,3.699955,-2.543912510983305
3.721534,2.984239266102811,3.721534,-2.538972774462845
3.743113,3.004790381113727,3.743113,-2.534231714054683
3.764691,3.025420278356958,3.764691,-2.529672486660876
3.78627,3.046157935205311,3.78627,-2.525276800314841
3.807849,3.067034683443131,3.807849,-2.521023103095554
3.829427,3.088071169448542,3.829427,-2.51688513425891
3.851006,3.109290212902628,3.851006,-2.512839530798083
3.872585,3.130711735749193,3.872585,-2.508857858666008
3.894163,3.152349502240321,3.894163,-2.504909691621241
3.915742,3.174214741107973,3.915742,-2.500966595616714
3.937321,3.196316507781151,3.937321,-2.496997601085242
3.958899,3.218656613345655,3.958899,-2.492972100676799
3.980478,3.241239042190246,3.980478,-2.48886093591
4.002057,3.264061983229124,4.002057,-2.484633861651978
4.023635,3.287117467684768,4.023635,-2.480261357204188
4.045214,3.310399337865455,4.045214,-2.475716799605364
4.066793,3.333897089473544,4.066793,-2.470972660351341
4.088372,3.357594784953993,4.088372,-2.466003403132335
4.10995,3.381475037883116,4.10995,-2.460786027158681
4.131529,3.405519375185752,4.131529,-2.455300429377994
4.153108,3.429704614963655,4.153108,-2.449528680040852
4.174686,3.454007213101421,4.174686,-2.443455928243691
4.196265,3.478406523220925,4.196265,-2.437069858603069
4.217844,3.502873205732203,4.217844,-2.430359061278444
4.239422,3.527379007696768,4.239422,-2.423317197469514
4.261001,3.551899660564897,4.261001,-2.415942999416221
4.28258,3.576406186963782,4.28258,-2.408235742684242
4.304158,3.6008706961721,4.304158,-2.400197238359378
4.325737,3.625267832988644,4.325737,-2.391835817436313
4.347316,3.64957115556073,4.347316,-2.383159448692565
4.368894,3.673756033121473,4.368894,-2.37418080972874
4.390473,3.697800370424108,4.390473,-2.364916381425618
4.412052,3.721682796656193,4.412052,-2.355383369098304
4.43363,3.745384114308242,4.43363,-2.345601513582022
4.455209,3.768889110259532,4.455209,-2.335595626752236
4.476788,3.792183295823662,4.476788,-2.325389252724352
4.498367,3.815256166702989,4.498367,-2.315008471133893
4.519945,3.838099754119991,4.519945,-2.304483164896566
4.541524,3.860710073685908,4.541524,-2.293843216928077
4.563103,3.883089660920859,4.563103,-2.283118147926972
4.584681,3.905237066956206,4.584681,-2.272338203026115
4.60626,3.92716279608959,4.60626,-2.261535438444175
4.627839,3.948874817098532,4.627839,-2.250739918205436
4.649417,3.970387980886596,4.649417,-2.239982792985664
4.670996,3.991721122746104,4.670996,-2.229293764591985
4.692575,4.012895251272341,4.692575,-2.218702172614365
4.714153,4.033935359449353,4.714153,-2.208233010036849
4.735732,4.054872960170064,4.735732,-2.197912356494963
4.757311,4.075737393024442,4.757311,-2.187762126126889
4.778889,4.096564155294171,4.778889,-2.177802421985012
4.800468,4.117393453084022,4.800468,-2.168050449384435
4.822047,4.1382633191958,4.822047,-2.158520153685823
4.843626,4.159219030774516,4.843626,-2.149222582512555
4.865204,4.180305502748015,4.865204,-2.140163893556353
4.886783,4.201570909998591,4.886783,-2.131348614531719
4.908362,4.22306451406001,4.908362,-2.122773847701371
4.92994,4.244835214248884,4.92994,-2.11443397869933
4.951519,4.266935532053422,4.951519,-2.106321038748072
4.973098,4.289417988961834,4.973098,-2.098418728075395
4.994676,4.31233293315937,4.994676,-2.090707124737496
5.016255,4.335732161699919,5.016255,-2.083162503510389
5.037834,4.359666384985894,5.037834,-2.075755162586948
5.059412,4.384183053465262,5.059412,-2.068451415771288
5.080991,4.409331428671791,5.080991,-2.0612132302616
5.10257,4.435157874401974,5.10257,-2.053996596672937
5.124148,4.461701872326255,5.124148,-2.046754064557329
5.145727,4.489009424023966,5.145727,-2.039433112426565
5.167306,4.517112766822351,5.167306,-2.031975966643615
5.188884,4.546048846871738,5.188884,-2.024321412508427
5.210463,4.575845192676292,5.210463,-2.016404432040767
5.232042,4.606526435002898,5.232042,-2.008156203980223
5.253621,4.63811177136104,5.253621,-1.999504828220521
5.275199,4.670616052654281,5.275199,-1.990374601375205
5.296778,4.704050145397423,5.296778,-1.980687465646281
5.318357,4.738415860676265,5.318357,-1.970362465498473
5.339935,4.773706678581927,5.339935,-1.959317015419286
5.361514,4.809915716988368,5.361514,-1.947469978764862
5.383093,4.847026313906225,5.383093,-1.934736234502586
5.404671,4.885015287437253,5.404671,-1.921030842708421
5.42625,4.923853660208644,5.42625,-1.90627013121839
5.447829,4.963505934938715,5.447829,-1.890368616782718
5.469407,5.003925385613815,5.469407,-1.873242808346008
5.490986,5.045063112917335,5.490986,-1.854813742567364
5.512565,5.086860799886503,5.512565,-1.835002093888732
5.534143,5.129252160781026,5.534143,-1.813730891163595
5.555722,5.172170185426292,5.555722,-1.790928958720001
5.577301,5.215533012744125,5.577301,-1.766526750863216
5.598879,5.259256970570547,5.598879,-1.740460879590227
5.620458,5.303254040135663,5.620458,-1.712673390155424
5.642037,5.347426785023412,5.642037,-1.683110674419115
5.663616,5.391676319949097,5.663616,-1.651726187476232
5.685194,5.435894704199016,5.685194,-1.618479179896267
5.706773,5.479976532579587,5.706773,-1.583337233243393
5.728352,5.523807344468231,5.728352,-1.546273543447766
5.74993,5.567270868156562,5.74993,-1.507267645239841
5.771509,5.61024793419892,5.771509,-1.466311569842097
5.793088,5.65261937314964,5.793088,-1.423401695082932
5.814666,5.694263117825778,5.814666,-1.37854445031694
5.836245,5.73505673882723,5.836245,-1.331755773099161
5.857824,5.774884326662775,5.857824,-1.283058483110681
5.879402,5.813619829760707,5.879402,-1.232482553821497
5.900981,5.851152047452886,5.900981,-1.180069006324984
5.92256,5.887360723642167,5.92256,-1.125865019406244
5.944138,5.922131759923128,5.944138,-1.069925740627896
5.965717,5.95535902666787,5.965717,-1.012317455730234
5.987296,5.98693820533429,5.987296,-0.9531111592766305
6.008875,6.016769686203371,6.008875,-0.892385995716562
6.030453,6.044759292813494,6.030453,-0.8302258183225845
6.052032,6.070820455263402,6.052032,-0.7667244413391561
6.073611,6.09487312356072,6.073611,-0.7019779428679855
6.095189,6.116843043187632,6.095189,-0.6360916375483634
6.116768,6.136670086095568,6.116768,-0.56917029669384
6.138347,6.154292675367314,6.138347,-0.5013238532124966
6.159925,6.169660100600463,6.159925,-0.432668126041266
6.181504,6.182736864513325,6.181504,-0.3633188888399354
6.203083,6.193484572086935,6.203083,-0.2933938621855279
6.224661,6.201881490291688,6.224661,-0.2230126230180117
6.24624,6.207913130441181,6.24624,-0.1522964574895791
6.267819,6.211570074889252,6.267819,-0.08136443883196012
6.289397,6.212855945807502,6.289397,-0.01033502266832872
6.310976,6.211780160842093,6.310976,0.06067403434406732
6.332555,6.208356484245107,6.332555,0.1315472776078217
6.354133,6.20261244452071,6.354133,0.2021723002433516
6.375712,6.194581365647629,6.375712,0.2724415011155435
6.397291,6.18429946934187,6.397291,0.3422489883015082
6.41887,6.171810946096961,6.41887,0.4114937258521584
6.440448,6.157165057446672,6.440448,0.4800780962428552
6.462027,6.140421931439577,6.462027,0.547911273520711
6.483606,6.121638798386964,6.483606,0.6149083177616891
6.505184,6.100881581811968,6.505184,0.6809878659362089
6.526763,6.0782154808034,6.526763,0.7460751654778606
6.548342,6.053713301010435,6.548342,0.8100998557033008
6.56992,6.027448210299408,6.56992,0.8730002238638822
6.591499,5.999495912056773,6.591499,0.9347178624425437
6.613078,5.969931023017503,6.613078,0.9952001593967851
6.634656,5.938834679825456,6.634656,1.054403014787368
6.656235,5.906282948084247,6.656235,1.112286584726683
6.677814,5.872350806746008,6.677814,1.168815734150206
6.699392,5.837114321414356,6.699392,1.223959946262199
6.720971,5.800652455430185,6.720971,1.277693865861458
6.74255,5.763038014442671,6.74255,1.329997480449889
6.764129,5.724345252969627,6.764129,1.380856210786799
6.785707,5.684641543402827,6.785707,1.430256564282975
6.807286,5.643998966957123,6.807286,1.478191930475247
6.828865,5.60248127385269,6.828865,1.524656242226182
6.850443,5.560152576526859,6.850443,1.569646692352791
6.872022,5.517077711851282,6.872022,1.613165091940874
6.893601,5.473312823485772,6.893601,1.655215425379191
6.915179,5.428914055090138,6.915179,1.695801495947923
6.936758,5.383935014804072,6.936758,1.734930004664532
6.958337,5.338430035201583,6.958337,1.772608195872219
6.979915,5.292446566730641,6.979915,1.808846936085786
7.001494,5.246030248753415,7.001494,1.843655642951394
7.023073,5.199227445066394,7.023073,1.877045907418167
7.044651,5.152079086208666,7.044651,1.909026966023686
7.06623,5.104628638239438,7.06623,1.939612401911454
7.087809,5.05691268509188,7.087809,1.968812538270532
7.109387,5.008973243956557,7.109387,1.996639509375783
7.130966,4.960844725463678,7.130966,2.02310798502219
7.152545,4.912563713546409,7.152545,2.048228288398815
7.174124,4.864162807749158,7.174124,2.07201291599768
7.195702,4.815675694267809,7.195702,2.094474726527968
7.217281,4.76713714594973,7.217281,2.115624043178741
7.23886,4.718579400122167,7.23886,2.135474449093501
7.260438,4.670033245243728,7.260438,2.154036629678471
7.282017,4.621534540813256,7.282017,2.171322900317092
7.303596,4.57311226420356,7.303596,2.187347387478608
7.325174,4.524798652741885,7.325174,2.202121863220721
7.346753,4.476625943755478,7.346753,2.215659729578354
7.368332,4.428629272308864,7.368332,2.227977467432289
7.38991,4.38083109586597,7.38991,2.239087029948809
7.411489,4.333272707183041,7.411489,2.249003449140058
7.433068,4.285983083632885,7.433068,2.257747009166998
7.454646,4.238990478153988,7.454646,2.265333104258933
7.476225,4.192328576942233,7.476225,2.271782018576827
7.497804,4.146022372981669,7.497804,2.277111862978684
7.519382,4.10010410359954,7.519382,2.281343464951207
7.540961,4.054603832820132,7.540961,2.28449891974116
7.56254,4.009547640278971,7.56254,2.286599960378149
7.584119,3.964964503348861,7.584119,2.287669949868997
7.605697,3.920881588316809,7.605697,2.287734786740649
7.627276,3.877321352646738,7.627276,2.286821818388692
7.648855,3.834311687059974,7.648855,2.284956037797169
7.670433,3.791872513500322,7.670433,2.282166784556046
7.692012,3.750027738300345,7.692012,2.27848231160381
7.713591,3.708794747883726,7.713591,2.273933588507646
7.735169,3.668193826411431,7.735169,2.268549954857519
7.756748,3.628241998089982,7.756748,2.262362018003455
7.778327,3.588954113822942,7.778327,2.255402015272702
7.799905,3.550343213428074,7.799905,2.247701640666765
7.821484,3.51242125007166,7.821484,2.239294399272949
7.843063,3.475199090268502,7.843063,2.230210174006963
7.864641,3.438682529493161,7.864641,2.220480477761731
7.88622,3.402882072043279,7.88622,2.21013881562456
7.907799,3.367800977873297,7.907799,2.199215794945476
7.929378,3.333441420286176,7.929378,2.187743834160305
7.950956,3.299805210367715,7.950956,2.175752635076174
7.972535,3.266895608072355,7.972535,2.163270993957306
7.994114,3.234709353445656,7.994114,2.15033114813095
8.015692,3.203243186533178,8.015692,2.13695827168973
8.037271,3.172493485163318,8.037271,2.12318116089787
8.05885,3.142461335987558,8.05885,2.109025533173738
8.080427999999999,3.113136234708255,8.080427999999999,2.094519822564397
8.102007,3.08451238585085,8.102007,2.079686486533773
8.123586,3.056584718375098,8.123586,2.064550880283069
8.145163999999999,3.029343814634841,8.145163999999999,2.049134736841892
8.166743,3.002780800309656,8.166743,2.033460151457004
8.188321999999999,2.976887525513441,8.188321999999999,2.017546140529309
8.209899999999999,2.951657108120155,8.209899999999999,2.001414618196992
8.231479,2.927079224940735,8.231479,1.985085868621017
8.253057999999999,2.903143009460381,8.253057999999999,1.968577278225066
8.274635999999999,2.879838500707189,8.274635999999999,1.951904784564184
8.296215,2.857157548795058,8.296215,1.935086498496374
8.317793999999999,2.835086751689067,8.317793999999999,1.918139444228158
8.339373,2.813616148417311,8.339373,1.90107503160008
8.360951,2.792739762396652,8.360951,1.883909560384342
8.382529999999999,2.772441112746304,8.382529999999999,1.866658787027408
8.404109,2.752710962928688,8.404109,1.849332672501178
8.425687,2.73354243081776,8.425687,1.831942626646197
8.447266000000001,2.71492410657298,8.447266000000001,1.814504768126086
8.468845,2.696848383633985,8.468845,1.797028695695587
8.490423,2.679298962228572,8.490423,1.779527992498204
8.512002000000001,2.66226787357922,8.512002000000001,1.762012800614418
8.533581,2.645745156714027,8.533581,1.744493443233291
8.555159,2.629717771815231,8.555159,1.726980424652466
8.576738000000001,2.614174309042288,8.576738000000001,1.709482619192363
8.598317,2.599104626314718,8.598317,1.692008720064825
8.619895,2.584496046031917,8.619895,1.674567239373114
8.641474000000001,2.570339874982044,8.641474000000001,1.65716668922049
8.663053,2.556626152193198,8.663053,1.639816487253116
8.684631,2.543337129024533,8.684631,1.622522791162713
8.70621,2.530461033418349,8.70621,1.605291577532423
8.727789,2.517989896597125,8.727789,1.588127917402485
8.749368,2.505910678743096,8.749368,1.571039598441842
8.770946,2.4942094344956,8.770946,1.554028612844874
8.792524999999999,2.482874391796936,8.792524999999999,1.537102204954782
8.814104,2.47189160528644,8.814104,1.520262729183108
8.835682,2.461249121797831,8.835682,1.50350991386698
8.857260999999999,2.450936437033465,8.857260999999999,1.48684910170951
8.87884,2.440939243415521,8.87884,1.470278028853448
8.900418,2.431248304406417,8.900418,1.453799230818914
8.921996999999999,2.421848587994009,8.921996999999999,1.437411983171587
8.943576,2.412730676532136,8.943576,1.421112301522707
8.965154,2.403886057917536,8.965154,1.404900185872275
8.986732999999999,2.395302416766767,8.986732999999999,1.388773010145879
9.008312,2.386972146519467,9.008312,1.372726337183308
9.02989,2.378885286203734,9.02989,1.356758084235893
9.051469000000001,2.371033685933468,9.051469000000001,1.340862093611912
9.073048,2.363409195822565,9.073048,1.325033837596864
9.094626999999999,2.356008555916586,9.094626999999999,1.309266886836158
9.116205000000001,2.348824884089489,9.116205000000001,1.293556623061003
9.137784,2.341854739278253,9.137784,1.277896526362518
9.159363000000001,2.335094680419859,9.159363000000001,1.262280982374721
9.180941000000001,2.328542715319925,9.180941000000001,1.246706187817433
9.20252,2.32219576513259,9.20252,1.23116453613029
9.224099000000001,2.316053467640696,9.224099000000001,1.215648873524383
9.245677000000001,2.310117996147202,9.245677000000001,1.200156573925301
9.267256,2.304390980629328,9.267256,1.184680664652711
9.288835000000001,2.298874956607196,9.288835000000001,1.169218519632204
9.310413,2.293569199646484,9.310413,1.153763890617769
9.331992,2.288485119587735,9.331992,1.138315419295055
9.353571000000001,2.28362325975669,9.353571000000001,1.122871385132552
9.375149,2.278988510085008,9.375149,1.107431063695939
9.396728,2.274586847155833,9.396728,1.091991919465097
9.418307,2.270425515312363,9.418307,1.076556669068726
9.439885,2.266508498943362,9.439885,1.061128119689815
9.461463999999999,2.262842861283449,9.461463999999999,1.045707086316977
9.483043,2.259431681178485,9.483043,1.03029755333897
9.504621999999999,2.256282384080253,9.504621999999999,1.014902418493076
9.526199999999999,2.253403844309173,9.526199999999999,0.9995291072310769
9.547779,2.250799865145427,9.547779,0.9841843205704329
9.569357999999999,2.248475698737835,9.569357999999999,0.9688767517229863
9.590935999999999,2.246432069520718,9.590935999999999,0.9536152750091585
9.612515,2.244675135185796,9.612515,0.9384102136180118
9.634093999999999,2.24320326575585,9.634093999999999,0.923271619075738
9.655671999999999,2.242018453425259,9.655671999999999,0.9082109917771692
9.677251,2.241119430433965,9.677251,0.8932376588141776
9.698829999999999,2.240507283433446,9.698829999999999,0.8783643883416553
9.720408000000001,2.240176760274881,9.720408000000001,0.8636028618630148
9.741987,2.240124238786671,9.741987,0.8489662097503087
9.763566000000001,2.240345734580054,9.763566000000001,0.8344652079640488
9.785144000000001,2.240834727746149,9.785144000000001,0.8201152507335383
9.806723,2.241579265118674,9.806723,0.805925212379199
9.828302000000001,2.242571559028687,9.828302000000001,0.7919071366216031
9.849881,2.243803821807246,9.849881,0.7780721616384227
9.871459,2.24525957257357,9.871459,0.7644290711957897
9.893038000000001,2.246928669247174,9.893038000000001,0.7509904070628715
9.914617,2.248793544295797,9.914617,0.7377615119427789
9.936195,2.250840795684515,9.936195,0.7247489962986835
9.957774000000001,2.253051769229585,9.957774000000001,0.7119607383538168
9.979353,2.255409078507324,9.979353,0.699398594471124
10.000931,2.257896604854107,10.000931,0.687066775425091
10.02251,2.260497686280573,10.02251,0.6749648737214126
10.044089,2.263188778671316,10.044089,0.6630958776516596
10.065667,2.265955212231354,10.065667,0.6514543992355758
10.087246,2.268775253931083,10.087246,0.6400386273873609
10.108825,2.271631698455398,10.108825,0.6288430382953238
10.130403,2.274505167186237,10.130403,0.6178607498334232
10.151982,2.277377730374175,10.151982,0.6070825254640773
10.173561,2.280233450464171,10.173561,0.5964988569868342
10.195139,2.283055665466859,10.195139,0.5860977459582667
10.216718,2.285827713392878,10.216718,0.575865926174887
10.238297,2.288535286664405,10.238297,0.5657886372874223
10.259876,2.291165888789417,10.259876,0.5558497606322497
10.281454,2.293708472144531,10.281454,0.5460318645085405
10.303033,2.296153437975006,10.303033,0.5363173813840314
10.324612,2.298488652005981,10.324612,0.5266872043035288
10.34619,2.300710673174433,10.34619,0.5171208227203435
10.367769,2.302815517091602,10.367769,0.5075965488820164
10.389348,2.304796301631447,10.389348,0.498095909713384
10.410926,2.306654294554028,10.410926,0.4885941838932712
10.432505,2.308391850270886,10.432505,0.4790715400321645
10.454084,2.310010779867821,10.454084,0.4695065620404745
10.475662,2.311515067733593,10.475662,0.4598776979971771
10.497241,2.312909603799865,10.497241,0.4501645731870183
10.51882,2.314205254581437,10.51882,0.4403453640261039
10.540398,2.315413792136012,10.540398,0.430400465510645
10.561977,2.316546807412712,10.561977,0.4203128534341184
10.583556,2.31761625357782,10.583556,0.4100626964070102
10.605134,2.318638792620699,10.605134,0.3996325627284919
10.626713,2.319629637662072,10.626713,0.389008914532206
10.648292,2.320611608383023,10.648292,0.3781752935759419
10.669871,2.321604445618775,10.669871,0.3671217162492249
10.691449,2.322626079118754,10.691449,0.3558367500729405
10.713028,2.323700415215523,10.713028,0.3443115886423843
10.734607,2.324848281395786,10.734607,0.3325372218056997
10.756185,2.326096300620809,10.756185,0.3205111593199111
10.777764,2.327466387028776,10.777764,0.3082296205434104
10.799343,2.32898244695225,10.799343,0.2956900246789319
10.820921,2.330666213420838,10.820921,0.2828950430780313
10.8425,2.332545577155863,10.8425,0.2698448568492886
10.864079,2.334641003426871,10.864079,0.2565447634186698
10.885657,2.336977666326485,10.885657,0.2430014638036362
10.907236,2.339578204427211,10.907236,0.2292244888432121
10.928815,2.342462720781432,10.928815,0.2152245918593372
10.950393,2.345652767310172,10.950393,0.2010127072825311
10.971972,2.349166092654275,10.971972,0.1866012297312399
10.993551,2.353020807671745,10.993551,0.1720065721705294
11.01513,2.357233212134784,11.01513,0.1572426346839172
11.036708,2.361821598009976,11.036708,0.142328795889467
11.058287,2.366795020726323,11.058287,0.1272832458801863
11.079866,2.372169055621708,11.079866,0.112125646256295
11.101444,2.377951128147913,11.101444,0.09687582840730707
11.123023,2.384150837059678,11.123023,0.08155511786852158
11.144602,2.390771623420026,11.144602,0.0661836686291106
11.16618,2.397818377160616,11.16618,0.05078312316438833
11.187759,2.40529399601873,11.187759,0.03537396089300657
11.209338,2.413199385537267,11.209338,0.01997544724016658
11.230916,2.421531104653207,11.230916,0.004611072200935529
11.252495,2.43028679895501,11.252495,-0.01070093769772667
11.274074,2.439461759619594,11.274074,-0.02594086107561942
11.295652,2.449046931217958,11.295652,-0.04109155310507528
11.317231,2.459038510469921,11.317231,-0.05613575894911357
11.33881,2.46942436310062,11.33881,-0.07105745332822272
11.360388,2.480194347029575,11.360388,-0.0858418730633083
11.381967,2.491335784656181,11.381967,-0.1004769234970098
11.403546,2.502840707202918,11.403546,-0.1149503967791043
11.425125,2.514694625983384,11.425125,-0.1292527677302105
11.446703,2.526881060116793,11.446703,-0.1433730792812364
11.468282,2.539390954174146,11.468282,-0.1573072451698447
11.489861,2.552207827274658,11.489861,-0.1710497302650583
11.511439,2.565319182926308,11.511439,-0.1845963803888226
11.533018,2.578711437985592,11.533018,-0.1979444562738645
11.554597,2.592376080349249,11.554597,-0.2110952935959618
11.576175,2.606296085810756,11.576175,-0.2240489489515457
11.597754,2.620466202221292,11.597754,-0.2368082748007519
11.619333,2.634873027545933,11.619333,-0.2493761236037158
11.640911,2.64951221517876,11.640911,-0.2617553930977181
11.66249,2.66437380414787,11.66249,-0.27395323707167
11.684069,2.679453085630182,11.684069,-0.2859740700472101
11.705647,2.694746618562676,11.705647,-0.2978265625976074
11.727226,2.710252772968131,11.727226,-0.3095152197987903
11.748805,2.725972454389448,11.748805,-0.3210474671025404
11.770384,2.741903670632246,11.770384,-0.3324292810919987
11.791962,2.758050043868126,11.791962,-0.3436681551346641
11.813541,2.774416101811588,11.813541,-0.3547702921994031
11.83512,2.791010718783056,11.83512,-0.365738997517801
11.856698,2.807836430302647,11.856698,-0.376579025190084
11.878277,2.824906095079547,11.878277,-0.3872952651479128
11.899856,2.842229311868496,11.899856,-0.3978868118483874
11.921434,2.859815679424235,11.921434,-0.4083556574858882
11.943013,2.877679686433169,11.943013,-0.4186995834803097
11.964592,2.895831112758619,11.964592,-0.4289146959971811
11.98617,2.914283903761247,11.98617,-0.4389958334419715
12.007749,2.933051823693137,12.007749,-0.4489377889430047
12.029328,2.952150447892171,12.029328,-0.4587308279141041
12.050906,2.97158846957019,12.050906,-0.4683637216233072
12.072485,2.991380920739339,12.072485,-0.4778239283014469
12.094064,3.011539392348739,12.094064,-0.4870956009477698
12.115642,3.032072758718812,12.115642,-0.4961643414301634
12.137221,3.052993335233,12.137221,-0.5050100014190985
12.1588,3.074308728451665,12.1588,-0.5136134739593815
12.180379,3.096024009415048,12.180379,-0.5219527090813931
12.201957,3.11814569803203,12.201957,-0.5300025779696534
12.223536,3.140674156519771,12.223536,-0.5377392195687429
12.245115,3.163610471529751,12.245115,-0.5451401764147371
12.266693,3.18695174532469,12.266693,-0.5521752486519151
12.288272,3.210696166818787,12.288272,-0.5588202130076974
12.309851,3.23483178284576,12.309851,-0.565046092109278
12.331429,3.259350624628088,12.331429,-0.570826625212552
12.353008,3.284242187868128,12.353008,-0.5761326538361339
12.374587,3.309486550622077,12.374587,-0.5809405885874738
12.396165,3.335068499769212,12.396165,-0.5852236706738717
12.417744,3.360967026714248,12.417744,-0.5889552318569173
12.439323,3.387155327387341,12.439323,-0.5921142182641816
12.460901,3.413609495455925,12.460901,-0.5946764519002299
12.48248,3.440303089067316,12.48248,-0.5966238219070585
12.504059,3.467202784242787,12.504059,-0.5979364063408638
12.525637,3.494277430306572,12.525637,-0.5985972262722673
12.547216,3.521491892194144,12.547216,-0.5985939663178267
12.568795,3.548806688235056,12.568795,-0.5979169824456551
12.590374,3.57618994331922,12.590374,-0.5965583058782308
12.611952,3.60359855360459,12.611952,-0.5945129108524581
12.633531,3.630996297375158,12.633531,-0.5917773563053161
12.65511,3.658342606308996,12.65511,-0.5883543135883604
12.676688,3.685597998735656,12.676688,-0.5842463182217116
12.698267,3.71271828416161,12.698267,-0.5794654592030869
12.719846,3.73967122525961,12.719846,-0.5740190714299779
12.741424,3.766413355970451,12.741424,-0.5679223680231072
12.763003,3.792908454578123,12.763003,-0.5611906979346333
12.784582,3.8191177638465,12.784582,-0.5538503219086609
12.80616,3.845009770882655,12.80616,-0.5459198941289337
12.827739,3.870550065056381,12.827739,-0.5374277128110824
12.849318,3.895707495691913,12.849318,-0.5284036155936676
12.870896,3.920457069805206,12.870896,-0.5188762176323348
12.892475,3.944767636720493,12.892475,-0.5088821934145414
12.914054,3.968620723362612,12.914054,-0.4984568138362491
12.935633,3.991992061181837,12.935633,-0.4876387003021505
12.957211,4.014867523708925,12.957211,-0.4764700058342486
12.97879,4.037234071126115,12.97879,-0.4649883557400459
13.000369,4.059080836918603,13.000369,-0.4532380310673609
13.021947,4.080404198914789,13.021947,-0.4412618639953721
13.043526,4.101199086074433,13.043526,-0.4291032300289978
13.065105,4.121466947266174,13.065105,-0.4168071346503767
13.086683,4.141212853530254,13.086683,-0.4044174514130224
13.108262,4.160445135861353,13.108262,-0.3919783255333185
13.129841,4.179177196294396,13.129841,-0.3795325439132983
13.151419,4.197424972384424,13.151419,-0.3671216256949349
13.172998,4.215206937206602,13.172998,-0.3547889916602917
13.194577,4.232547721527815,13.194577,-0.3425703201996357
13.216155,4.249475216069387,13.216155,-0.3305078775278326
13.237734,4.266017673769803,13.237734,-0.3186346933221662
13.259313,4.282208418607792,13.259313,-0.3069839557299281
13.280891,4.298083672299359,13.280891,-0.2955874040297695
13.30247,4.313682554297792,13.30247,-0.2844738571244884
13.324049,4.329043459622059,13.324049,-0.2736690324324498
13.345628,4.344215649805929,13.345628,-0.2631955911647306
13.367206,4.359240779822811,13.367206,-0.253069833093534
13.388785,4.374168835640794,13.388785,-0.2433082164610708
13.410364,4.389047992142167,13.410364,-0.2339223774936082
13.431942,4.403927873077861,13.431942,-0.2249207830172627
13.453521,4.418860637718924,13.453521,-0.216308707819428
13.4751,4.433899894205049,13.4751,-0.208083276801396
13.496678,4.449096715155805,13.496678,-0.2002399169715209
13.518257,4.46450253540792,13.518257,-0.1927741232538741
13.539836,4.480172411969727,13.539836,-0.1856730708971319
13.561414,4.496157779677956,13.561414,-0.1789172794096545
13.582993,4.512509711152176,13.582993,-0.172490471657811
13.604572,4.529277467926156,13.604572,-0.1663647229624173
13.62615,4.546510311533667,13.62615,-0.160513534874357
13.647729,4.564253881336878,13.647729,-0.1549036966077661
13.669308,4.582552730046476,13.669308,-0.1495000617788315
13.690886,4.601450685938831,13.690886,-0.1442606584741302
13.712465,4.620986144032909,13.712465,-0.139146570987527
13.734044,4.641196050479039,13.734044,-0.134106998362322
13.755623,4.662113367038788,13.755623,-0.1290941392526722
13.777201,4.68377286655952,13.777201,-0.1240548948867685
13.79878,4.706191573247759,13.79878,-0.1189341742984215
13.820359,4.729397740041991,13.820359,-0.1136715098604719
13.841937,4.75340621784578,13.841937,-0.1082127614267754
13.863516,4.778232581997008,13.863516,-0.102493431704267
13.885095,4.803886974576156,13.885095,-0.09645023456351057
13.906673,4.830372655537666,13.906673,-0.09001956127541194
13.928252,4.857689262664379,13.928252,-0.08313738995692864
13.949831,4.885834622653332,13.949831,-0.07573594638162562
13.971409,4.914796420121084,13.971409,-0.06775209723043121
13.992988,4.944560890815551,13.992988,-0.05911899079873994
14.014567,4.975110286095892,14.014567,-0.04977103182272027
14.036145,5.00641888854374,14.036145,-0.03964394939503223
14.057724,5.038458445220611,14.057724,-0.02867651466651608
14.079303,5.071194183279136,14.079303,-0.01680541886916327
14.100882,5.104590967654791,14.100882,-0.003973814778776765
14.12246,5.138603521202564,14.12246,0.00987546813595404
14.144039,5.17318765342893,14.144039,0.02479992512836412
14.165618,5.208291567279996,14.165618,0.04084880818157527
14.187196,5.243860567964593,14.187196,0.05807163988039627
14.208775,5.279838511822909,14.208775,0.07651135710740328
14.230354,5.316163097503413,14.230354,0.09621111464143281
14.251932,5.352768039265811,14.251932,0.1172073832227895
14.273511,5.389592484627212,14.273511,0.1395351507652788
14.29509,5.42656073020116,14.29509,0.1632208817601584
14.316668,5.463607214681685,14.316668,0.188289467317897
14.338247,5.50065949463677,14.338247,0.2147624706788049
14.359826,5.537642228897122,14.359826,0.2426562708500891
14.381404,5.574481162944925,14.381404,0.2719786781392636
14.402983,5.611101680045206,14.402983,0.3027392233853527
14.424562,5.64742807681151,14.424562,0.3349405100241945
14.44614,5.683383925423062,14.44614,0.3685763124483503
14.467719,5.718895333579208,14.467719,0.4036387297960159
14.489298,5.753892031150893,14.489298,0.440119657458235
14.510877,5.788297590317343,14.510877,0.4780003733355462
14.532455,5.822039929863704,14.532455,0.5172602763269706
14.554034,5.855052764049685,14.554034,0.5578769542457289
14.575613,5.887265822746229,14.575613,0.5998188941988949
14.597191,5.918616442384645,14.597191,0.643057843247983
14.61877,5.949039423876121,14.61877,0.6875567194112312
14.640349,5.978473190303444,14.640349,0.7332762221267718
14.661927,6.006861235789644,14.661927,0.7801751039155016
14.683506,6.034151763280832,14.683506,0.8282082687409921
14.705085,6.060287542465714,14.705085,0.877328628372434
14.726663,6.085225107285083,14.726663,0.9274869212760577
14.748242,6.108917731725291,14.748242,0.9786335237009336
14.769821,6.131321587509968,14.769821,1.030713378638731
14.791399,6.152401901791746,14.791399,1.083670795201089
14.812978,6.172121003985981,14.812978,1.137451712476867
14.834557,6.190447018982584,14.834557,1.191996274080364
14.856136,6.207351693843072,14.856136,1.247251505751919
14.877714,6.222808224497598,14.877714,1.303151302859819
14.899293,6.236796326785198,14.899293,1.359642328927244
14.920872,6.249300063150829,14.920872,1.416663007036982
14.94245,6.260301322736488,14.94245,1.474153571357621
14.964029,6.269783443552813,14.964029,1.532054165503461
14.985608,6.27774497673116,14.985608,1.590305566968828
15.007186,6.284173606888091,15.007186,1.648849096573793
15.028765,6.289067160720642,15.028765,1.707628972875703
15.050344,6.292424189360175,15.050344,1.766583437848767
15.071922,6.294244692806689,15.071922,1.825656347833174
15.093501,6.294533742100425,15.093501,1.884792464712014
15.11508,6.293297857150264,15.11508,1.943936912585535
15.136658,6.290544282299409,15.136658,2.003035358879727
15.158237,6.28628243519402,15.158237,2.06203636875786
15.179816,6.280526080086181,15.179816,2.120885247428764
15.201394,6.273286807925014,15.201394,2.179532552250088
15.222973,6.264582729568521,15.222973,2.237927572819424
15.244552,6.254429782571747,15.244552,2.296022496471641
15.266131,6.242848251095655,15.266131,2.353770778301671
15.287709,6.229856970432568,15.287709,2.411125873404444
15.309288,6.215479846915052,15.309288,2.468043047960692
15.330867,6.199737889138391,15.330867,2.524481190322747
15.352445,6.18265717673811,15.352445,2.58039610999708
15.374024,6.164260891612453,15.374024,2.635750498616204
15.395603,6.144572940093984,15.395603,2.690499803469431
15.417181,6.123626646161431,15.417181,2.744609251709393
15.43876,6.101447365015998,15.43876,2.798040267208543
15.460339,6.078063349596171,15.460339,2.850757714902354
15.481917,6.053506837229196,15.481917,2.90272772748636
15.503496,6.027807167505038,15.503496,2.953915169896034
15.525075,6.000996577750945,15.525075,3.004289796998509
15.546653,5.973105131991201,15.546653,3.053819190357961
15.568232,5.944170500810454,15.568232,3.102475097035903
15.589811,5.91422202379867,15.589811,3.150225098596508
15.611389,5.883295560454696,15.611389,3.197044202055732
15.632968,5.851428056928859,15.632968,3.24290343004077
15.654547,5.818655010502846,15.654547,3.287779238436217
15.676126,5.785017351715745,15.676126,3.331646272040867
15.697704,5.750545144591842,15.697704,3.374482797825117
15.719283,5.715280044104545,15.719283,3.416263460587761
15.740862,5.67926261857578,15.740862,3.456970149470797
15.76244,5.642529814155878,15.76244,3.49658076922746
15.784019,5.605128356858485,15.784019,3.535078657868386
15.805598,5.567093019530968,15.805598,3.572446066752732
15.827176,5.528469441535497,15.827176,3.608665971673976
15.848755,5.489300726714121,15.848755,3.643726057248673
15.870334,5.449628530040246,15.870334,3.677613283659063
15.891912,5.409499215310363,15.891912,3.710314973304542
15.913491,5.368956610800839,15.913491,3.741822070756109
15.93507,5.328048891393964,15.93507,3.772125882801922
15.956648,5.286819523148947,15.956648,3.801220613967419
15.978227,5.245316680948076,15.978227,3.829103366515322
15.999806,5.203589264107962,15.999806,3.855769069405387
16.021385,5.161681825339293,16.021385,3.881218447071936
16.042963,5.119644350610158,16.042963,3.905453310600768
16.064542,5.077523928151368,16.064542,3.928479455466446
16.086121,5.03536909506237,16.086121,3.950298692754769
16.107699,4.993226577356815,16.107699,3.97092333784918
16.129278,4.951146361002793,16.129278,3.9903613595272
16.150857,4.90917191205951,16.150857,4.00862398652079
16.172435,4.867354665363698,16.172435,4.025728605253637
16.194014,4.825737724757405,16.194014,4.041691877715101
16.215593,4.784368902905761,16.215593,4.056534812500467
16.237171,4.743290579216493,16.237171,4.070275882684899
16.25875,4.70254658196597,16.25875,4.082942254555403
16.280329,4.66217965277908,16.280329,4.094559283313181
16.301907,4.622230722194912,16.301907,4.105155946331042
16.323486,4.582738185232432,16.323486,4.11476194541611
16.345065,4.543735728087528,16.345065,4.123410604547112
16.366643,4.505265005733607,16.366643,4.131135609919935
16.388222,4.467354995543475,16.388222,4.137974994336384
16.409801,4.430037572627218,16.409801,4.14396751503259
16.43138,4.393341714357643,16.43138,4.149148669290237
16.452958,4.357291689284472,16.452958,4.153560836517055
16.474537,4.321914663694713,16.474537,4.157247844989412
16.496116,4.287230197315008,16.496116,4.160250263029236
16.517694,4.253256401003362,16.517694,4.162610832261414
16.539273,4.220011385617777,16.539273,4.164377727568239
16.560852,4.187506017673056,16.560852,4.165594415008915
16.58243,4.155751525901161,16.58243,4.166306533945614
16.604009,4.124755516862454,16.604009,4.166561172609143
16.625588,4.094523061597174,16.625588,4.166402521493032
16.647166,4.065055246756804,16.647166,4.16587694439377
16.668745,4.036349899038382,16.668745,4.165025734067604
16.690324,4.008406294007588,16.690324,4.163898152048305
16.711902,3.981215014018261,16.711902,4.16253512887496
16.733481,3.954772074681639,16.733481,4.160980855041098
16.75506,3.929059727356879,16.75506,4.159275174434326
16.776638,3.904071089917939,16.776638,4.157459742028053
16.798217,3.879785153769537,16.798217,4.155575488361366
16.819796,3.856184532487988,16.819796,4.153654288544353
16.841375,3.833251839649608,16.841375,4.15173671089894
16.862953,3.810962806704674,16.862953,4.149853543883734
16.884532,3.7892946139721,16.884532,4.148039560346101
16.906111,3.768218284079082,16.906111,4.146324462093168
16.927689,3.747712446213174,16.927689,4.144733966543298
16.949268,3.727746674132932,16.949268,4.143296326634979
16.970847,3.708290541596909,16.970847,4.142036535352254
16.992425,3.689314709015138,16.992425,4.140971616901647
17.014004,3.670786939060375,17.014004,4.140125477615722
17.035583,3.652678254359814,17.035583,4.139510432877922
17.057161,3.634952795414607,17.057161,4.139142782460452
17.07874,3.61758412037207,17.07874,4.139035566181071
17.100319,3.600536369733355,17.100319,4.139197839468782
17.121897,3.583775132868255,17.121897,4.139639382186908
17.143476,3.567269259101006,17.143476,4.140363092072729
17.165055,3.55098868440732,17.165055,4.141370417994884
17.186634,3.534902982545752,17.186634,4.142666068776457
17.208212,3.518979916189055,17.208212,4.144249319983124
17.229791,3.503191232398745,17.229791,4.146113289488847
17.25137,3.487506504933375,17.25137,4.148256890642143
17.272948,3.4719007408089,17.272948,4.150670343579693
17.294527,3.456343513783875,17.294527,4.153346766175454
17.316106,3.440815988565975,17.316106,4.156276378566103
17.337684,3.425289549999556,17.337684,4.15944940088832
17.359263,3.409743189489333,17.359263,4.162848808935581
17.380842,3.394155898440022,17.380842,4.166464460627404
17.40242,3.37851282594806,17.40242,4.170280056191586
17.423999,3.362793325635324,17.423999,4.174282193593204
17.445578,3.34698653098701,17.445578,4.178449864236975
17.467156,3.331073244493635,17.467156,4.182773650476736
17.488735,3.315042961857558,17.488735,4.187228197111282
17.510314,3.298888800952737,17.510314,4.191802275408651
17.531892,3.282595548658449,17.531892,4.19647379012208
17.553471,3.266165378277653,17.553471,4.201227528130844
17.57505,3.249585249992589,17.57505,4.206043567491141
17.596629,3.232856250454736,17.596629,4.210907781733726
17.618207,3.215974395275333,17.618207,4.215800973349118
17.639786,3.198941133323021,17.639786,4.220706480347952
17.661365,3.181753929077679,17.661365,4.225609451826665
17.682943,3.164417129145228,17.682943,4.230496123533175
17.704522,3.146936166783068,17.704522,4.235348384609479
17.726101,3.129311404208361,17.726101,4.240159352929535
17.747679,3.111546101375546,17.747679,4.244908744332379
17.769258,3.093648951496466,17.769258,4.249591125560609
17.790837,3.075628285565802,17.790837,4.254192370144984
17.812415,3.057488087972315,17.812415,4.258704147090821
17.833994,3.039238500796486,17.833994,4.26311740096912
17.855573,3.020886587272937,17.855573,4.267425249653837
17.877151,3.002437780659069,17.877151,4.271620448801773
17.89873,2.983905482989806,17.89873,4.275701187327126
17.920309,2.965293859762486,17.920309,4.279658047583736
17.941888,2.946613596383334,17.941888,4.283492478440241
17.963466,2.927870850544069,17.963466,4.287197597770602
17.985045,2.909074858782274,17.985045,4.290775578877778
18.006624,2.89023177878967,18.006624,4.294225697327448
18.028202,2.871348130475138,18.028202,4.297543244296533
18.049781,2.85243496146206,18.049781,4.300734015259594
18.07136,2.833492633967596,18.07136,4.30379801021663
18.092938,2.814527305683469,18.092938,4.306734142516161
18.114517,2.795546039844298,18.114517,4.309549294284229
18.136096,2.776553183056004,18.136096,4.312242741086512
18.157674,2.757550908621549,18.157674,4.314820278397574
18.179253,2.738542114278212,18.179253,4.317282268434572
18.200832,2.719530784414756,18.200832,4.319631971151949
18.22241,2.700512934642417,18.22241,4.321875906458585
18.243989,2.681495447087239,18.243989,4.324014074354481
18.265568,2.662478502857801,18.265568,4.326052270314197
18.287146,2.643455219828062,18.287146,4.327990494337734
18.308725,2.624433023449803,18.308725,4.329834904116812
18.330304,2.605409559311484,18.330304,4.331585137434273
18.351883,2.586380661915764,18.351883,4.333247714198997
18.373461,2.567344157959682,18.373461,4.334824083279623
18.39504,2.548298055248858,18.39504,4.336314606893313
18.416619,2.529238007177371,18.416619,4.337723269428827
18.438197,2.510162021550842,18.438197,4.339047173148884
18.459776,2.491065570654769,18.459776,4.340291389093727
18.481355,2.471946843403351,18.481355,4.341452657308912
18.502933,2.452801130973508,18.502933,4.342532788880242
18.524512,2.433624267867899,18.524512,4.343530334939076
18.546091,2.414411726372023,18.546091,4.344442035530974
18.567669,2.395161333182919,18.567669,4.345269701741734
18.589248,2.375866387283127,18.589248,4.346011522485559
18.610827,2.356524715369686,18.610827,4.346659891202084
18.632405,2.337133963031055,18.632405,4.347216981194273
18.653984,2.317687610358354,18.653984,4.347678083639043
18.675563,2.298183302940041,18.675563,4.348038127496153
18.697141,2.278618324147417,18.697141,4.348294577245483
18.71872,2.258988870700299,18.71872,4.348440912978151
18.740299,2.239292044861409,18.740299,4.348471701436757
18.761878,2.219525854436366,18.761878,4.34838404488402
18.783456,2.199689756099428,18.783456,4.348168887890938
18.805035,2.179779765461836,18.805035,4.34782152163443
18.826614,2.15979552030643,18.826614,4.347334339554136
18.848192,2.13973448511309,18.848192,4.346702270609813
18.869771,2.119601549813475,18.869771,4.34591843267542
18.89135,2.099391824475925,18.89135,4.344973045887636
18.912928,2.07910730129482,18.912928,4.3438585036861
18.934507,2.058752870201822,18.934507,4.34257190833353
18.956086,2.03832599567681,18.956086,4.341099495577843
18.977664,2.017833378737245,18.977664,4.339438005464601
18.999243,1.997273027188747,18.999243,4.337580193650599
19.020822,1.976653815351737,19.020822,4.335513744752397
19.0424,1.955975562117636,19.0424,4.333233225512593
19.063979,1.935245511829645,19.063979,4.330733564890948
19.085558,1.914472719916765,19.085558,4.328002809721177
19.107137,1.893657367487578,19.107137,4.32503770004884
19.128715,1.872810683274044,19.128715,4.321829904879256
19.150294,1.851937919424985,19.150294,4.318372904303544
19.171873,1.831050123563783,19.171873,4.314663076150103
19.193451,1.810152547839259,19.193451,4.31068991612129
19.21503,1.789256783200536,19.21503,4.306453061999946
19.236609,1.768369892882234,19.236609,4.301944907225709
19.258187,1.747506184462177,19.258187,4.297164002929939
19.279766,1.726672902283566,19.279766,4.292105278072397
19.301345,1.705879645101143,19.301345,4.286765472698638
19.322923,1.68514053938415,19.322923,4.281143862374345
19.344502,1.664465546104489,19.344502,4.275238998230876
19.366081,1.643866618428444,19.366081,4.269048344748112
19.387659,1.623355890630875,19.387659,4.262575524097654
19.409238,1.602945678095226,19.409238,4.2558169141079
19.430817,1.582648296204939,19.430817,4.24877686138477
19.452395,1.562473343714756,19.452395,4.241458988099867
19.473974,1.542433498225279,19.473974,4.233865105338991
19.495553,1.522540894011371,19.495553,4.226001008576701
19.517132,1.502805944816383,19.517132,4.21787068220176
19.53871,1.483238430503638,19.53871,4.209478110602928
19.560289,1.463851119228028,19.560289,4.200829813689086
19.581868,1.444649444246954,19.581868,4.191934484672077
19.603446,1.425648256463979,19.603446,4.182800454546581
19.625025,1.406853351353665,19.625025,4.173432432135679
19.646604,1.388274870996492,19.646604,4.163841283954174
19.668182,1.369916075346902,19.668182,4.154035703213907
19.689761,1.351789913668367,19.689761,4.144024745343881
19.71134,1.333899464806748,19.71134,4.133817827990256
19.732918,1.316250524236606,19.732918,4.123427990970796
19.754497,1.298846351912382,19.754497,4.112862116411541
19.776076,1.281695097720176,19.776076,4.102132157478774
19.797654,1.26479531279135,19.797654,4.091248980687298
19.819233,1.248152792600464,19.819233,4.080224901420554
19.840812,1.231768533244708,19.840812,4.069068250673225
19.86239,1.215643349712692,19.86239,4.057791343828752
19.883969,1.199778328655897,19.883969,4.046403598533297
19.905548,1.184169576239852,19.905548,4.034916605735984
19.927127,1.168818179116037,19.927127,4.023342318603093
19.948705,1.153722416752941,19.948705,4.011684721523386
19.970284,1.138883556910625,19.970284,3.999959389834746
19.991863,1.124292634714378,19.991863,3.988172119011734
20.013441,1.109948201295559,20.013441,3.976333413351992
20.03502,1.095848807785527,20.03502,3.964452690501681
20.056599,1.081985670418151,20.056599,3.952534659283883
20.078177,1.068357068661921,20.078177,3.940588737344761
20.099756,1.054956754270825,20.099756,3.928622893461834
20.121335,1.041780561747523,20.121335,3.916641836458184
20.142913,1.028822152291713,20.142913,3.904650275156892
20.164492,1.016072470474394,20.164492,3.89265798942128
20.186071,1.003529886318345,20.186071,3.880665703685668
20.207649,0.9911876988061048,20.207649,3.868677402338817
20.229228,0.979037124171542,20.229228,3.856698880855288
20.250807,0.9670737252544457,20.250807,3.84473013923508
20.272386,0.9552909821459344,20.272386,3.832776248518436
20.293964,0.9436845482400874,20.293964,3.820841917528435
20.315543,0.9322478130737335,20.315543,3.808922799659157
20.337122,0.9209739850751212,20.337122,3.797023965950843
20.3587,0.9098610720498702,20.3587,3.785145054186333
20.380279,0.8988975736031483,20.380279,3.773286788799947
20.401858,0.8880863874722359,20.401858,3.761449169791685
20.423436,0.8774157415994309,20.423436,3.749632559378708
20.445015,0.8668861793104733,20.445015,3.737834059823733
20.466594,0.8564932634451523,20.466594,3.726054757778243
20.488172,0.8462300213231365,20.488172,3.714293928807916
20.509751,0.8360970868244562,20.509751,3.702547588523992
20.53133,0.8260898416803202,20.53133,3.690817548012271
20.552908,0.8162038487305178,20.552908,3.679101996186952
20.574487,0.8064420057123295,20.574487,3.667395862007796
20.596066,0.7967998754655444,20.596066,3.655699869909122
20.617644,0.7872752846872023,20.617644,3.644012933239449
20.639223,0.7778662411829227,20.639223,3.632331429827178
20.660802,0.7685757332442761,20.660802,3.620657532975267
20.682381,0.759401632845447,20.682381,3.608986171643478
20.703959,0.7503443927578858,20.703959,3.597317708048969
20.725538,0.7414018849557769,20.725538,3.58565214219174
20.747117,0.7325771430078358,20.747117,3.573986938551672
20.768695,0.7238704838540777,20.768695,3.562319923825803
20.790274,0.7152824055430977,20.790274,3.550653633534254
20.811853,0.7068133608463458,20.811853,3.538985894374066
20.833431,0.6984636667038372,20.833431,3.527318517431037
20.85501,0.6902389374815527,20.85501,3.515650053836528
20.876589,0.6821370451536773,20.876589,3.503980141373379
20.898167,0.6741583519373707,20.898167,3.49231348886467
20.919746,0.6663059366784938,20.919746,3.480648647441762
20.941325,0.6585852326344475,20.941325,3.468984892670333
20.962903,0.6509916668135858,20.962903,3.457328020024947
20.984482,0.6435282275074795,20.984482,3.445680202808561
21.006061,0.6361953222104335,21.006061,3.434039267718218
21.02764,0.6289985652884291,21.02764,3.422412821314277
21.049218,0.6219332931955301,21.049218,3.410798690293778
21.070797,0.6150024942233074,21.070797,3.399204481217084
21.092376,0.6082040856230904,21.092376,3.387627658564073
21.113954,0.6015436364837152,21.113954,3.376078726632387
21.135533,0.595016528536391,21.135533,3.364555512119066
21.157112,0.5886231692754227,21.157112,3.353062723847192
21.17869,0.5823640567494056,21.17869,3.341606519508483
21.200269,0.5762370629325242,21.200269,3.330186174668623
21.221848,0.5702425953190835,21.221848,3.318810382539451
21.243426,0.5643760356402927,21.243426,3.307481678641088
21.265005,0.5586377461133119,21.265005,3.296200062973534
21.286584,0.5530256439894705,21.286584,3.284973866531471
21.308162,0.5475349751685428,21.308162,3.273802727097738
21.329741,0.5421635663475682,21.329741,3.262695337884179
21.35132,0.5369091989464415,21.35132,3.251649163370671
21.372898,0.5317671641420816,21.372898,3.240671810117576
21.394477,0.5267351980772381,21.394477,3.229761829256254
21.416056,0.5218059658544195,21.416056,3.218926827347067
21.437635,0.5169797391364961,21.437635,3.208166804390015
21.459213,0.5122490924716862,21.459213,3.197482484819417
21.480792,0.5076091812054739,21.480792,3.186876404155395
21.502371,0.5030551154061983,21.502371,3.176354720089669
21.523949,0.4985819145879085,21.523949,3.165911999364838
21.545528,0.4941847340960884,21.545528,3.155551139718184
21.567107,0.4898611742420526,21.567107,3.145275763321306
21.588685,0.4856010023910292,21.588685,3.135080074699643
21.610264,0.4814019546857677,21.610264,3.124970231544917
21.631843,0.4772562887344715,21.631843,3.114941162816887
21.653421,0.4731615595713102,21.653421,3.104995766252832
21.675,0.4691102059130675,21.675,3.095126797509554
21.696579,0.4650996469624776,21.696579,3.08533932762729
21.718157,0.4611248116792996,21.718157,3.075626112262841
21.739736,0.4571805837461476,21.739736,3.065987513633367
21.761315,0.4532618468456356,21.761315,3.056418098481466
21.782893,0.4493633488289425,21.782893,3.046918591241459
21.804472,0.4454852708046484,21.804472,3.037483920873104
21.826051,0.4416171084751112,21.826051,3.028109197444741
21.84763,0.4377615784690314,21.84763,3.01879442095637
21.869208,0.4339133833604431,21.869208,3.009529087110348
21.890787,0.4300699876292257,21.890787,3.000316636969697
21.912366,0.4262288104781138,21.912366,2.991149101756894
21.933944,0.4223897613528173,21.933944,2.982021048214539
21.955523,0.4185477239359501,21.955523,2.972930484148252
21.977102,0.4147025623960774,21.977102,2.963869440780509
21.99868,0.4108544125646341,21.99868,2.954835201482612
22.020259,0.4070005578129197,22.020259,2.945825592951601
22.041838,0.4031436694924897,22.041838,2.936832646409952
22.063416,0.3992811215289336,22.063416,2.927850928600265
22.084995,0.3954156305509519,22.084995,2.91887826621958
22.106574,0.3915498226329552,22.106574,2.909909226010496
22.128152,0.3876810264233879,22.128152,2.900941091344313
22.149731,0.38380933247654,22.149731,2.891968610072208
22.17131,0.3799427548470781,22.17131,2.882986711153941
22.192889,0.3760786448220191,22.192889,2.873992496852232
22.214467,0.3722197190300638,22.214467,2.86498325053838
22.236046,0.3683714333671854,22.236046,2.855953901172144
22.257625,0.3645338104719567,22.257625,2.846901732124824
22.279203,0.360712260963206,22.279203,2.837823664550559
22.300782,0.3569069206723686,22.300782,2.828717525146388
22.322361,0.3531232228568453,22.322361,2.819582951695152
22.343939,0.3493666460511823,22.343939,2.810414510939449
22.365518,0.3456373034482421,22.365518,2.801212383987859
22.387097,0.3419434354884163,22.387097,2.791973854211683
22.408675,0.3382824387358669,22.408675,2.782698559393759
22.430254,0.334665270259686,22.430254,2.773383964013968
22.451833,0.3310920885298811,22.451833,2.764032784701009
22.473411,0.327568485273861,22.473411,2.754642123717603
22.49499,0.3240973355903334,22.49499,2.74521487880103
22.516569,0.3206815145780067,22.516569,2.735745435585309
22.538147,0.3173266818800068,22.538147,2.726241581739381
22.559726,0.3140384971394599,22.559726,2.716698427331585
22.581305,0.310817141464946,22.581305,2.707121043402163
22.602884,0.3076710137668642,22.602884,2.697509611059694
22.624462,0.3046003857080846,22.624462,2.687866303607138
22.646041,0.3016082229416053,22.646041,2.678191845478817
22.66762,0.2986974911204243,22.66762,2.66848840997769
22.689198,0.2958766570706582,22.689198,2.658761611469739
22.710777,0.2931432984650492,22.710777,2.649008733326262
22.732356,0.2905003809565952,22.732356,2.639240823170643
22.753934,0.2879537000198575,22.753934,2.629452266636899
22.775513,0.2855035725948511,22.775513,2.619654292456994
22.797092,0.2831502477058734,22.797092,2.609844002893646
22.81867,0.2808995208274858,22.81867,2.600029728941537
22.840249,0.2787517541768481,22.840249,2.590214368337949
22.861828,0.2767072194168306,22.861828,2.58040063771158
22.883406,0.2747662108488756,22.883406,2.570591253691133
22.904985,0.2729290454129983,22.904985,2.560795090597028
22.926564,0.2711988245936319,22.926564,2.551014502840806
22.948142,0.2695757974150738,22.948142,2.541255467005608
22.969721,0.268054802282793,22.969721,2.531517983091435
22.9913,0.2666388727655052,22.9913,2.521810382092967
23.012879,0.2653255186202348,23.012879,2.512133207335946
23.034457,0.2641150567869969,23.034457,2.502497144226592
23.056036,0.2630078042058066,23.056036,2.492903098307806
23.077615,0.2619928490847167,23.077615,2.483353423991129
23.099193,0.261078884635569,23.099193,2.473856995596982
23.120772,0.2602549990664163,23.120772,2.464413994233946
23.142351,0.2595186342185656,23.142351,2.455030215376581
23.163929,0.258870061754887,23.163929,2.445708556762169
23.185508,0.2583039389722694,23.185508,2.436452278345149
23.207087,0.2578176624348748,23.207087,2.427266994491502
23.228665,0.2574030596180292,23.228665,2.41815306741839
23.250244,0.257057504447322,23.250244,2.409113757080252
23.271823,0.2567755863039247,23.271823,2.40015467784307
23.293401,0.2565518266532912,23.293401,2.391273294186723
23.31498,0.2563807695994479,23.31498,2.382475763802932
23.336559,0.2562597664294119,23.336559,2.373759551171577
23.358138,0.2561776110497934,23.358138,2.365127372921359
23.379716,0.2561287796489014,23.379716,2.356579772378017
23.401295,0.2561133854195984,23.401295,2.348117292867291
23.422874,0.2561173471697867,23.422874,2.339739753280602
23.444452,0.2561378803550482,23.444452,2.331444799206409
23.466031,0.2561665407878387,23.466031,2.323232973970452
23.48761,0.2562004986465953,23.48761,2.315104096464152
23.509188,0.2562340716496194,23.509188,2.307050197909986
23.530767,0.2562558952335136,23.530767,2.299074357153815
23.552346,0.256260264478007,23.552346,2.291171322046818
23.573924,0.2562442363686738,23.573924,2.283338013743134
23.595503,0.2562020833466707,23.595503,2.275566463465243
23.617082,0.2561223276557377,23.617082,2.267856852321724
23.63866,0.2560076632860028,23.63866,2.260203565946596
23.660239,0.255846635119779,23.660239,2.252598454453757
23.681818,0.2556361869497781,23.681818,2.245038620105927
23.703396,0.2553762055831376,23.703396,2.237515731908424
23.724975,0.2550551227093076,23.724975,2.230021277757987
23.746554,0.2546756096798438,23.746554,2.222552722134494
23.768133,0.2542317578273225,23.768133,2.215098474088824
23.789711,0.2537205109444556,23.789711,2.207649840409136
23.81129,0.253141733199808,23.81129,2.200204285575308
23.832869,0.2524923457475193,23.832869,2.192750218638219
23.854447,0.2517721222018642,23.854447,2.185279127494606
23.876026,0.2509780289941273,23.876026,2.177779240086767
23.897605,0.2501127601144366,23.897605,2.170248020894583
23.919183,0.2491789869143475,23.919183,2.16267333564319
23.940762,0.2481736758251445,23.940762,2.155043955600627
23.962341,0.2470994981983831,23.962341,2.147353904183751
23.983919,0.24596501141447,23.983919,2.139594307072142
24.005498,0.2447642162516915,24.005498,2.131753392208097
24.027077,0.2435085904663073,24.027077,2.123825183008476
24.048655,0.2421979755883099,24.048655,2.115797726306995
24.070234,0.2408409516366785,24.070234,2.107665407737673
24.091813,0.2394403484329762,24.091813,2.09942188850021
24.113392,0.238004791273327,24.113392,2.091052136582463
24.13497,0.2365399850780022,24.13497,2.082556151984431
24.156549,0.2350517479601353,24.156549,2.073919083802551
24.178128,0.2335517161459936,24.178128,2.065140388711084
24.199706,0.2320427873728577,24.199706,2.056211192389608
24.221285,0.2305395635199929,24.221285,2.047124974929241
24.242864,0.2290508736306759,24.242864,2.037875759746842
24.264442,0.2275826490109029,24.264442,2.028457208042111
24.286021,0.2261466843569486,24.286021,2.018866059860605
24.3076,0.2247518766278074,24.3076,2.009098874139306
24.329178,0.2234130767270421,24.329178,1.999149312077911
24.350757,0.2221421925437899,24.350757,1.989014113721981
24.372336,0.2209453364926272,24.372336,1.978692916854353
24.393914,0.2198374047542618,24.393914,1.96818209930343
24.415493,0.2188305089649834,24.415493,1.957478401114768
24.437072,0.2179366928453646,24.437072,1.94658435780849
24.45865,0.2171651476558421,24.45865,1.935496528321574
24.480229,0.2165339616158468,24.480229,1.92421726706556
24.501808,0.2160553821931038,24.501808,1.91274929066915
24.523387,0.2157357255493416,24.523387,1.901089339177903
24.544965,0.2155931930968539,24.544965,1.889242302523479
24.566544,0.2156401681348006,24.566544,1.87721144066032
24.588123,0.2158890339623414,24.588123,1.864998926891385
24.609701,0.2163522191557815,24.609701,1.852610194474076
24.63128,0.2170422202071432,24.63128,1.840047960037093
24.652859,0.2179715109698764,24.652859,1.827318019054997
24.674437,0.2191526784902936,24.674437,1.814428521413891
24.696016,0.2206013207448503,24.696016,1.801385443696915
24.717595,0.2223270817654334,24.717595,1.78819711689875
24.739173,0.2243396508610747,24.739173,1.774869517602538
24.760752,0.2266547392010924,24.760752,1.761414055648822
24.782331,0.2292851375789514,24.782331,1.747839605358022
24.803909,0.2322376149278306,24.803909,1.734154859941981
24.825488,0.2355250525954848,24.825488,1.72036869372112
24.847067,0.2391572983609536,24.847067,1.706498855336283
24.868645,0.2431472562105645,24.868645,1.692554037999311
24.890224,0.2475018761860763,24.890224,1.678549454830928
24.911803,0.2522341301895341,24.911803,1.664494161260135
24.933382,0.2573480026096985,24.933382,1.650408803665056
24.95496,0.2628534996956166,24.95496,1.636302437474693
24.976539,0.2687576620433372,24.976539,1.62219661461007
24.998118,0.2750675528874817,24.998118,1.608100209391609
25.019696,0.2817871792553834,25.019696,1.594037490369034
25.041275,0.2889267285046692,25.041275,1.580023851771649
25.062854,0.2964841858023863,25.062854,1.566074506720176
25.084432,0.3044666596603011,25.084432,1.552211007135641
25.106011,0.3128722031611781,25.106011,1.538448928355924
25.12759,0.3217048912480682,25.12759,1.524812720039333
25.149168,0.3309657652953066,25.149168,1.511314969232178
25.170747,0.3406529236628028,25.170747,1.497980578364215
25.192326,0.350761250033171,25.192326,1.484828201619187
25.213904,0.3612918084193187,25.213904,1.471876583735129
25.235483,0.3722334832821464,25.235483,1.459147819958803
25.257062,0.3835872480802718,25.257062,1.446660745582535
25.278641,0.3953418288045876,25.278641,1.434434467561518
25.300219,0.4074891434847097,25.300219,1.422490990588225
25.321798,0.420017827557241,25.321798,1.410846614434861
25.343377,0.4329165617359293,25.343377,1.399523434348189
25.364955,0.4461770150260929,25.364955,1.388534580700262
25.386534,0.4597817104497584,25.386534,1.377902601509295
25.408113,0.4737160234890881,25.408113,1.367640627147339
25.429691,0.4879623866118184,25.429691,1.357768126786749
25.45127,0.5025060394686766,25.45127,1.348298411908158
25.472849,0.5173262451272485,25.472849,1.339244975100778
25.494427,0.532401949715105,25.494427,1.33062112784524
25.516006,0.5477153140371128,25.516006,1.322437374439189
25.537585,0.5632421600978372,25.537585,1.314700959225825
25.559163,0.5789643770392745,25.559163,1.307428544194511
25.580742,0.5948546174658395,25.580742,1.300618227705156
25.602321,0.6108946799652386,25.602321,1.294283683455554
25.623899,0.6270569454790165,25.623899,1.288422828697035
25.645478,0.643319952640439,25.645478,1.283040281698388
25.667057,0.6596560371139056,25.667057,1.278140207956955
25.688636,0.6760435111469574,25.688636,1.273714548140924
25.710214,0.6924575628641292,25.710214,1.269764570010356
25.731793,0.7088733351128114,25.731793,1.266282123679149
25.753372,0.7252720831549703,25.753372,1.263265307507213
25.77495,0.7416256446064103,25.77495,1.260705881054155
25.796529,0.7579182177435236,25.796529,1.258592706142304
25.818108,0.7741247190279751,25.818108,1.256914372931118
25.839686,0.7902259056731361,25.839686,1.255656211625613
25.861265,0.8062061117868335,25.861265,1.254806993493828
25.882844,0.8220427893508532,25.882844,1.254352048740779
25.904422,0.8377262490561629,25.904422,1.254270368771183
25.926001,0.8532404627934298,25.926001,1.254547283790057
25.94758,0.8685722096363112,25.94758,1.255161694647827
25.969158,0.8837147885673458,25.969158,1.256095581040778
25.990737,0.8986519903686204,25.990737,1.257331013219489
26.012316,0.9133831811601051,26.012316,1.258840372125502
26.033894,0.9279046482159089,26.033894,1.260608535192386
26.055473,0.9422095999642806,26.055473,1.262614131607696
26.077052,0.9562973119709001,26.077052,1.264829451758687
26.098631,0.9701735797103285,26.098631,1.267239191970345
26.120209,0.9838408481483961,26.120209,1.269821709767358
26.141788,0.9973019244680937,26.141788,1.272555272120119
26.163367,1.010565682989843,26.163367,1.275421315399176
26.184945,1.023644076879926,26.184945,1.278398016020635
26.206524,1.036549421521786,26.206524,1.281469708092323
26.228103,1.049290681790134,26.228103,1.284624076230796
26.249681,1.061883342468562,26.249681,1.287838934635001
26.27126,1.074349227140966,26.27126,1.291105046767356
26.292839,1.086700651190788,26.292839,1.294409735027259
26.314417,1.098959438201922,26.314417,1.297743581768547
26.335996,1.111144604575272,26.335996,1.301096988236479
26.357575,1.123281414957751,26.357575,1.304463796739334
26.379153,1.135388614087396,26.379153,1.307840747322671
26.400732,1.147488749982419,26.400732,1.311227839986489
26.422311,1.159606996735445,26.422311,1.314621905330639
26.44389,1.17176599291898,26.44389,1.318026203309561
26.465468,1.183988014888366,26.465468,1.321450151569417
26.487047,1.19629570121611,26.487047,1.324897281727518
26.508626,1.208718029275015,26.508626,1.328377101984314
26.530204,1.221271208282996,26.530204,1.33190247104899
26.551783,1.233978057921137,26.551783,1.335489688693747
26.573362,1.246858137916082,26.573362,1.339151613627769
26.59494,1.259934267948915,26.59494,1.34290771502341
26.616519,1.273219940608848,26.616519,1.346783981961903
26.638098,1.286734806176816,26.638098,1.350796895324034
26.659676,1.300492266687742,26.659676,1.354972353636746
26.681255,1.314509074685277,26.681255,1.359336798752725
26.702834,1.328788942895314,26.702834,1.363922739662086
26.724412,1.343348623861506,26.724412,1.368753358263076
26.745991,1.358185491509441,26.745991,1.37386496682599
26.76757,1.373310050136762,26.76757,1.379283916649223
26.789148,1.388722661960629,26.789148,1.385046701111654
26.810727,1.404420972569502,26.810727,1.391189723037868
26.832306,1.420402174780389,26.832306,1.397739786497712
26.853885,1.436660563673021,26.853885,1.404740266996104
26.875463,1.453183642755374,26.875463,1.412221138003038
26.897042,1.469959096644006,26.897042,1.420219617331714
26.918621,1.486977598247045,26.918621,1.428772560578167
26.940199,1.504213611254707,26.940199,1.437910575092424
26.961778,1.521651469774818,26.961778,1.447667709287531
26.983357,1.539265365834723,26.983357,1.458084622039707
27.004935,1.557026140953037,27.004935,1.469188751298826
27.026514,1.574911337665835,27.026514,1.481011428849235
27.048093,1.592878938782549,27.048093,1.49358353370383
27.069671,1.610902502450493,27.069671,1.506936307092666
27.09125,1.6289363893075,27.09125,1.521091300936769
27.112829,1.646947818700583,27.112829,1.536079847020484
27.134407,1.664887347987391,27.134407,1.551923587819125
27.155986,1.682712235543038,27.155986,1.568640815299275
27.177565,1.700379377525473,27.177565,1.58625018364468
27.199144,1.717829189211866,27.199144,1.604769984821921
27.220722,1.735018023434429,27.220722,1.624212353105862
27.242301,1.75189281537921,27.242301,1.644582721753903
27.26388,1.768389995934618,27.26388,1.665893043932327
27.285458,1.784462476869844,27.285458,1.688145492944094
27.307037,1.800046507964714,27.307037,1.711342242092165
27.328616,1.815084677799359,27.328616,1.735475503707598
27.350194,1.829515952782305,27.350194,1.760537309012871
27.371773,1.843282921493682,27.371773,1.786523673619224
27.393352,1.856320747061837,27.393352,1.813413045605633
27.41493,1.868571474741159,27.41493,1.841187857439835
27.436509,1.879970086551416,27.436509,1.869826557200803
27.458088,1.890464785438717,27.458088,1.899304876338816
27.479666,1.899986931251229,27.479666,1.929584782052064
27.501245,1.90848110476346,27.501245,1.960634580339042
27.522824,1.915891343424181,27.522824,1.992412797334921
27.544402,1.922162228007901,27.544402,2.024881219129315
27.565981,1.927237252637648,27.565981,2.057984607605313
27.58756,1.931067336888232,27.58756,2.091677685617904
27.609139,1.933605935854586,27.609139,2.125901592878579
27.630717,1.934803063568619,27.630717,2.160597287990246
27.652296,1.934622498314324,27.652296,2.195702469601373
27.673875,1.933017332969472,27.673875,2.231150670863086
27.695453,1.929957503509776,27.695453,2.266872527189232
27.717032,1.925412764802373,27.717032,2.302794870713478
27.738611,1.919356312777415,27.738611,2.338844171352328
27.760189,1.911767682165359,27.760189,2.374939835787667
27.781768,1.902626588805242,27.781768,2.41100181402712
27.803347,1.891926150571021,27.803347,2.446955308227131
27.824925,1.879656044273635,27.824925,2.482709401880524
27.846504,1.865819348758944,27.846504,2.518186218297882
27.868083,1.85042258393583,27.868083,2.55329737649215
27.889661,1.833472269713174,27.889661,2.587960653167991
27.91124,1.814985249188919,27.91124,2.622090746184208
27.932819,1.79498488536989,27.932819,2.655601991182444
27.954397,1.773501604497532,27.954397,2.688418141450506
27.975976,1.750569092767733,27.975976,2.720449910458434
27.997555,1.726221760810698,27.997555,2.751624130339897
28.019134,1.700510137920259,28.019134,2.781860932211096
28.040712,1.673478776807102,28.040712,2.811086423771379
28.062291,1.645192695451462,28.062291,2.839230878217432
28.08387,1.615703328690067,28.08387,2.866226923157482
28.105448,1.585079316674752,28.105448,2.892010446154196
28.127027,1.55338966177451,28.127027,2.916521138050422
28.148606,1.520706807421354,28.148606,2.939708288443751
28.170184,1.48710700032748,28.170184,2.961520824714613
28.191763,1.452670018822394,28.191763,2.981914918586638
28.213342,1.41747591289847,28.213342,3.00084963952074
28.23492,1.381615236845727,28.23492,3.018294017949733
28.256499,1.3451720250453,28.256499,3.034217627632169
28.278078,1.308230583541196,28.278078,3.048599641081346
28.299656,1.270885541566484,28.299656,3.0614261129366
28.321235,1.2332218390452,28.321235,3.072683460054429
28.342814,1.195327947518692,28.342814,3.082370958000513
28.364393,1.157296051254196,28.364393,3.090485709037571
28.385971,1.119215074564511,28.385971,3.097040752983366
28.40755,1.081164343007692,28.40755,3.102042971963939
28.429129,1.043236584176716,28.429129,3.105516634529014
28.450707,1.00550795422949,28.450707,3.107478040450795
28.472286,0.9680582314955171,28.472286,3.107959064839369
28.493865,0.9309674659671745,28.493865,3.106997016062222
28.515443,0.8943054750020653,28.515443,3.10462340701228
28.537022,0.8581424381749531,28.537022,3.100883514834553
28.558601,0.8225450939975808,28.558601,3.095822254456889
28.580179,0.7875771926901211,28.580179,3.089485265241457
28.601758,0.7532920254522489,28.601758,3.081931950802508
28.623337,0.7197432457008002,28.623337,3.073207588285051
28.644915,0.6869811110667343,28.644915,3.0633791878637
28.666494,0.6550490423321148,28.666494,3.052496373289384
28.688073,0.623983804538689,28.688073,3.040626154736715
28.709651,0.5938221174510587,28.709651,3.027831920208707
28.73123,0.5645904681990543,28.73123,3.01416764006221
28.752809,0.536315343912506,28.752809,2.999707749923619
28.774388,0.5090199264896582,28.774388,2.984506039041202
28.795966,0.4827134071909477,28.795966,2.968630423132475
28.817545,0.4574121310657226,28.817545,2.952142660223229
28.839124,0.4331218935885442,28.839124,2.935103783904936
28.860702,0.4098450038938078,28.860702,2.917575371094807
28.882281,0.3875803753300333,28.882281,2.899619542035795
28.90386,0.3663233669898572,28.90386,2.881287731564631
28.925438,0.3460658063486054,28.925438,2.862638437752664
28.947017,0.3267960119028657,28.947017,2.843730701996988
28.968596,0.3085022342335084,28.968596,2.824609439225449
28.990174,0.2911657059639271,28.990174,2.8053268087091
29.011753,0.2747675918017984,29.011753,2.785928268701527
29.033332,0.2592854569217702,29.033332,2.766462718519342
29.05491,0.2446967985827734,29.05491,2.746964931009911
29.076489,0.2309755824264277,29.076489,2.727484529924162
29.098068,0.2180991019645112,29.098068,2.708049587092003
29.119647,0.2060341237725876,29.119647,2.688695418686539
29.141225,0.1947542965522616,29.141225,2.669457521989459
29.162804,0.18422966947211,29.162804,2.650360889984805
29.184383,0.1744266695291087,29.184383,2.631430877873784
29.205961,0.1653222280178758,29.205961,2.612695738594881
29.22754,0.1568790478902102,29.22754,2.594173945223259
29.249119,0.1490668047782423,29.249119,2.575887049679943
29.270697,0.1418586040578368,29.270697,2.557846461805475
29.292276,0.1352239402525442,29.292276,2.540066851394837
29.313855,0.1291286743950276,29.313855,2.522566691523195
29.335433,0.1235456288789957,29.335433,2.505349966579307
29.357012,0.1184475695017256,29.357012,2.488428267512296
29.378591,0.1138071715062045,29.378591,2.471805759819504
29.400169,0.1095934653252464,29.400169,2.455490050061291
29.421748,0.1057825219877141,29.421748,2.439482405997718
29.443327,0.1023502993296079,29.443327,2.423790253080567
29.464905,0.09926915565389997,29.464905,2.408407071400955
29.486484,0.09651848985961134,29.486484,2.393337750890545
29.508063,0.09407406169523287,29.508063,2.378579031594895
29.529642,0.09191869980351999,29.529642,2.364128196885305
29.55122,0.09003161065562741,29.55122,2.349982167915914
29.572799,0.08838836157217973,29.572799,2.336138590275182
29.594378,0.08697876519555001,29.594378,2.322594204008668
29.615956,0.08578184688831288,29.615956,2.309342670316071
29.637535,0.08478016363035372,29.637535,2.29637746928851
29.659114,0.08395979835922544,29.659114,2.283692262125683
29.680692,0.08330680571426534,29.680692,2.271287411044751
29.702271,0.0828107776117645,29.702271,2.259149514010791
29.72385,0.08245767813677021,29.72385,2.247271870006341
29.745428,0.08223703694949919,29.745428,2.235655022357142
29.767007,0.0821347558789243,29.767007,2.224288828982712
29.788586,0.08214747875667178,29.788586,2.213163328911148
29.810164,0.0822610451556401,29.810164,2.202278522142452
29.831743,0.08246485456425411,29.831743,2.19162480992188
29.853322,0.08275910507002321,29.853322,2.181191506843211
29.8749,0.08312954003191274,29.8749,2.170978975123605
29.896479,0.08356909621530134,29.896479,2.160981057071341
29.918058,0.08407431557823895,29.918058,2.151186886171617
29.939637,0.08464170612091679,29.939637,2.14158994251555
29.961215,0.08525690932872393,29.961215,2.132190588320302
29.982794,0.08592366622576671,29.982794,2.122982303676992
30.004373,0.08663482302313374,30.004373,2.113954222070816
30.025951,0.08738684244387124,30.025951,2.105107067936096
30.04753,0.08816892022925144,30.04753,2.096430336975188
30.069109,0.0889811073160625,30.069109,2.087924210296674
30.090687,0.08982347162002192,30.090687,2.079581986883092
30.112266,0.090685163605257,30.112266,2.071396965716981
30.133845,0.09156620591034019,30.133845,2.063365524626739
30.155423,0.09246299900224333,30.155423,2.055484403657926
30.177002,0.09337558249846829,30.177002,2.047746901793082
30.198581,0.09429667243831179,30.198581,2.040153200140785
30.220159,0.09522263533088685,30.220159,2.032696235466415
30.241738,0.09615348815512285,30.241738,2.025372928924111
30.263317,0.09708556346227411,30.263317,2.018176036170671
30.284896,0.09801521644216739,30.284896,2.011106100531836
30.306474,0.09894242445623019,30.306474,2.004155877664405
30.328053,0.09986353137500306,30.328053,1.997321926505356
30.349632,0.1007748357918815,30.349632,1.990601168208829
30.37121,0.1016763150682931,30.37121,1.983986177323043
30.392789,0.1025642791169195,30.392789,1.977477316065157
30.414368,0.1034350152118701,30.414368,1.971071324480731
30.435946,0.104292168163318,30.435946,1.964760958226564
30.457525,0.1051283351580543,30.457525,1.958546398411236
30.479104,0.1059434709189341,30.479104,1.952416959628524
30.500682,0.1067375301688123,30.500682,1.946372641878429
30.522261,0.1075104789498301,30.522261,1.940410004097929
30.54384,0.1082548578523473,30.54384,1.934525786332585
30.565418,0.1089780130931417,30.565418,1.928712382022034
30.586997,0.1096725079011455,30.586997,1.922966712320417
30.608576,0.1103419644479594,30.608576,1.917288777227733
30.630154,0.1109863261371522,30.630154,1.911670970183621
30.651733,0.1116018462849744,30.651733,1.906106590170618
30.673312,0.1121884569757085,30.673312,1.900599259360328
30.694891,0.1127461016129232,30.694891,1.895137930129366
30.716469,0.1132784136875054,30.716469,1.889726224649333
30.738048,0.1137853479223103,30.738048,1.884353638622589
30.759627,0.1142631349950157,30.759627,1.879019809831971
30.781205,0.1147191550802581,30.781205,1.87371767504286
30.802784,0.1151496388557156,30.802784,1.868450856426856
30.824363,0.1155545184056705,30.824363,1.863208487469157
30.845941,0.1159412078626182,30.845941,1.857994190341363
30.86752,0.1163022025397734,30.86752,1.852796917420092
30.889099,0.1166486519340946,30.889099,1.847624094157126
30.910677,0.1169767754039734,30.910677,1.842460869648902
30.932256,0.1172865616301236,30.932256,1.837315031564361
30.953835,0.1175854360643267,30.953835,1.832178792234563
30.975413,0.1178733760680102,30.975413,1.827052151659506
30.996992,0.1181503590026016,30.996992,1.82193184988475
31.018571,0.1184201089132778,31.018571,1.816817524693136
31.040149,0.1186826258000388,31.040149,1.811701931741461
31.061728,0.1189453803918112,31.061728,1.806592315372927
31.083307,0.1192083953271673,31.083307,1.801477809072733
31.104886,0.119471659286821,31.104886,1.796365657184078
31.126464,0.119738930273808,31.126464,1.791248253146603
31.148043,0.1200139889297365,31.148043,1.786129762457648
31.169622,0.120300627215501,31.169622,1.781010004008633
31.1912,0.1205950871280657,31.1912,1.775881371239195
31.212779,0.1209049299506472,31.212779,1.770751470709698
31.234358,0.1212301896411042,31.234358,1.765616680248539
31.255936,0.1215746807989037,31.255936,1.76047681874714
31.277515,0.1219384373819045,31.277515,1.755331886205499
31.299094,0.1223215046672514,31.299094,1.750185867012378
31.320672,0.1227314778960199,31.320672,1.745034776779017
31.342251,0.1231684363032136,31.342251,1.739878615505414
31.36383,0.1236286218857969,31.36383,1.734721548688911
31.385408,0.1241196864812761,31.385408,1.729563033003768
31.406987,0.1246416866860826,31.406987,1.724403611775725
31.428566,0.1251946790966477,31.428566,1.719246726067802
31.450145,0.1257787316286887,31.450145,1.714088753708399
31.471723,0.1263977154781041,31.471723,1.708933497977696
31.493302,0.127051687241325,31.493302,1.703784943264455
31.514881,0.1277407374726415,31.514881,1.698635301899734
31.536459,0.1284649227684848,31.536459,1.693495802615494
31.558038,0.1292243223638588,31.558038,1.688359382177116
31.579617,0.1300228074546615,31.579617,1.683233466036379
31.601195,0.1308566539957162,31.601195,1.678114069804523
31.622774,0.1317259299027402,31.622774,1.67300535897889
31.644353,0.1326345290102044,31.644353,1.667903349170718
31.665931,0.133578693315073,31.665931,1.662815828048948
31.68751,0.1345585020523498,31.68751,1.657738992333401
31.709089,0.1355740231377523,31.709089,1.652676645304257
31.730667,0.1366253244869979,31.730667,1.647625164789914
31.752246,0.1377163225731301,31.752246,1.642588172961975
31.773825,0.1388394108357872,31.773825,1.637566032037598
31.795403,0.1399984831094401,31.795403,1.632558379799625
31.816982,0.1411936299483788,31.816982,1.627565578465214
31.838561,0.1424210593917087,31.838561,1.622583824754185
31.86014,0.1436808393551474,31.86014,1.61762090633548
31.881718,0.1449768863117382,31.881718,1.612668854431577
31.903297,0.1463054083005866,31.903297,1.607731834539817
31.924876,0.14766647323741,31.924876,1.60280966555162
31.946454,0.1490601377186397,31.946454,1.597898906403965
31.968033,0.1504864696599933,31.968033,1.593003179268453
31.989612,0.1519494081730866,31.989612,1.588118680864903
32.01119,0.1534412674625542,32.01119,1.583249214473496
32.032769,0.1549698465166239,32.032769,1.578387535751031
32.054348,0.1565313646936876,32.054348,1.573537085760528
32.075926,0.1581258559516039,32.075926,1.568698045610567
32.097505,0.1597572820405611,32.097505,1.563870415301148
32.119084,0.1614256995569906,32.119084,1.55905057266067
32.140662,0.1631273052207115,32.140662,1.554238155471975
32.162241,0.1648699319778104,32.162241,1.5494337070608
32.18382,0.1666497765481064,32.18382,1.544636865209988
32.205399,0.1684707893625018,32.205399,1.539847629919536
32.226977,0.170336943490471,32.226977,1.535066363406607
32.248556,0.1722444469711194,32.248556,1.530288900173858
32.270135,0.1741972502353491,32.270135,1.52551922461005
32.291713,0.1761954664760227,32.291713,1.520757517823764
32.313292,0.1782469852356579,32.313292,1.51600368926071
32.334871,0.1803479919147877,32.334871,1.511257829475177
32.356449,0.1825024935407454,32.356449,1.506515954078405
32.378028,0.1847106033063935,32.378028,1.501786031847915
32.399607,0.1869763282390654,32.399607,1.497068062783707
32.421185,0.1893036980046667,32.421185,1.492358062497022
32.442764,0.1916928371153463,32.442764,1.487660105930908
32.464343,0.1941438700832529,32.464343,1.482978177474128
32.485921,0.1966647430473356,32.485921,1.47831218657239
32.5075,0.1992516980045587,32.5075,1.473666298723037
32.529079,0.2019087646208279,32.529079,1.469036529537306
32.550657,0.2046360560890057,32.550657,1.464430757238431
32.572236,0.207437692629288,32.572236,1.4598490723807
32.593815,0.210317726546153,32.593815,1.455299534295925
32.615394,0.2132723545594201,32.615394,1.450778068041056
32.636972,0.216305696889285,32.636972,1.446292823502194
32.658551,0.2194218284787984,32.658551,1.441843800679339
32.68013,0.2226129842975915,32.68013,1.437438968350012
32.701708,0.2258912080662364,32.701708,1.433074432679743
32.723287,0.2292447730041761,32.723287,1.428762327943395
32.744866,0.2326857001934102,32.744866,1.424506638529727
32.766444,0.2362022628533815,32.766444,1.42030347060427
32.788023,0.2398065047046624,32.788023,1.416164867887595
32.809602,0.243486676328123,32.809602,1.412091011488283
32.83118,0.2472508596941475,32.83118,1.408085976349384
32.852759,0.2510912897723668,32.852759,1.40415392796824
32.874338,0.255008102394216,32.874338,1.400302925676661
32.895916,0.2590014107525575,32.895916,1.396537134971988
32.917495,0.2630634045398774,32.917495,1.392856736962803
32.939074,0.2672021883651322,32.939074,1.389269790980915
32.960652,0.2714059448934747,32.960652,1.385776659243486
32.982231,0.2756708029290065,32.982231,1.382385401082326
33.00381,0.280000860053351,33.00381,1.379096197606017
33.025389,0.2843882606818492,33.025389,1.375917379809239
33.046967,0.2888250813141245,33.046967,1.372845053857521
33.068546,0.2933114351430394,33.068546,1.369891444580017
33.090125,0.2978434056955507,33.090125,1.367052929805125
33.111703,0.3024130694712818,33.111703,1.364333493921606
33.133282,0.3070164647200445,33.133282,1.361741649032722
33.154861,0.3116496749687954,33.154861,1.359273591858292
33.176439,0.3163046635242956,33.176439,1.356929412952606
33.198018,0.3209735068861685,33.198018,1.354717533864636
33.219597,0.3256561597772691,33.219597,1.352634151314201
33.241175,0.3303446307815033,33.241175,1.350683521352932
33.262754,0.3350268535397263,33.262754,1.348866006197988
33.284333,0.3397028054133656,33.284333,1.34717780256919
33.305911,0.3443643817934646,33.305911,1.345619091575117
33.32749,0.3490035233482117,33.32749,1.34419421982169
33.349069,0.3536161324959836,33.349069,1.342899474583018
33.370648,0.3581900523233456,33.370648,1.34172697763587
33.392226,0.3627291993033407,33.392226,1.340685059974928
33.413805,0.367217364218056,33.413805,1.339765933931249
33.435384,0.371650404208723,33.435384,1.338965705670363
33.456962,0.3760281608053344,33.456962,1.338284737409431
33.478541,0.38033843181731,33.478541,1.337719135313981
33.50012,0.3845769611930192,33.50012,1.337256946217731
33.521698,0.3887396060736937,33.521698,1.336902516726602
33.543277,0.3928221104077026,33.543277,1.336647878063072
33.564856,0.3968162337546542,33.564856,1.336489226946962
33.586434,0.4007176747857729,33.586434,1.336414519657697
33.608013,0.4045303726126743,33.608013,1.33642801224691
33.629592,0.4082419665747711,33.629592,1.336513676605266
33.65117,0.4118521397320481,33.65117,1.336671422178477
33.672749,0.4153567265871646,33.672749,1.33689355185189
33.694328,0.4187595756974463,33.694328,1.337171825185114
33.715906,0.4220522655139216,33.715906,1.337498273400628
33.737485,0.4252346602051555,33.737485,1.33786891210967
33.759064,0.4283105630513286,33.759064,1.338275681980429
33.780643,0.4312757180008102,33.780643,1.338710433126804
33.802221,0.4341298533907302,33.802221,1.339165106216982
33.8238,0.4368809832757552,33.8238,1.339631460810573
33.845379,0.4395206861069135,33.845379,1.340109678016156
33.866957,0.4420569759388717,33.866957,1.340583276952948
33.888536,0.4444936560518105,33.888536,1.341052348175239
33.910115,0.44683063589144,33.910115,1.341508651242638
33.931693,0.4490717640150858,33.931693,1.341947930103513
33.953272,0.4512209795343637,33.953272,1.342358050483003
33.974851,0.4532821762837446,33.974851,1.342738831272527
33.996429,0.4552634135950398,33.996429,1.343086106974744
34.018008,0.4571645556368145,34.018008,1.343387471651923
34.039587,0.4589937070180252,34.039587,1.343647000247113
34.061165,0.4607588817933385,34.061165,1.343860527262975
34.082744,0.4624641549058051,34.082744,1.344015556207485
34.104323,0.4641134654670408,34.104323,1.344120146412455
34.125901,0.4657149633631472,34.125901,1.344166057437495
34.14748,0.4672768437573709,34.14748,1.344149123785261
34.169059,0.4688031815927627,34.169059,1.344073148735936
34.190638,0.4702979612580834,34.190638,1.343934057346469
34.212216,0.4717735886910653,34.212216,1.34373166850828
34.233795,0.4732300186145635,34.233795,1.343469966610129
34.255374,0.4746796569663105,34.255374,1.343140711211625
34.276952,0.4761265334122118,34.276952,1.342751871090289
34.298531,0.4775707385065577,34.298531,1.342303446246122
34.32011,0.4790288436844212,34.32011,1.341795255570543
34.341688,0.4804966834484616,34.341688,1.341231464560894
34.363267,0.4819826340705056,34.363267,1.340611892108593
34.384846,0.4834908610478938,34.384846,1.339940522602403
34.406424,0.4850296953753081,34.406424,1.339221521539663
34.428003,0.4865992276070383,34.428003,1.338458963863425
34.449582,0.4882078340149111,34.449582,1.337652759019398
34.47116,0.4898513943787307,34.47116,1.336811147447974
34.492739,0.4915383302474688,34.492739,1.335934038594864
34.514318,0.4932728976727561,34.514318,1.335025688511697
34.535897,0.4950551872088826,34.535897,1.334094156530286
34.557475,0.4968852894101385,34.557475,1.333135367707579
34.579054,0.4987674603281546,34.579054,1.332166074587231
34.600633,0.5007059560145615,34.600633,1.331177674511689
34.622211,0.5026924907518228,34.622211,1.330182845081555
34.64379,0.5047397874176859,34.64379,1.329181586296831
34.665369,0.5068353495201284,34.665369,1.328178063654855
34.686947,0.5089918093826078,34.686947,1.327176442652971
34.708526,0.5112009718418773,34.708526,1.326185144840148
34.730105,0.5134628368979371,34.730105,1.325200004719046
34.751683,0.5157817058795631,34.751683,1.324229353284348
34.773262,0.5181493383463635,34.773262,1.323277537141972
34.794841,0.5205742011244551,34.794841,1.322344556291921
34.816419,0.5230479632191561,34.816419,1.321430410734193
34.837998,0.5255707151847566,34.837998,1.320547778069392
34.859577,0.5281425475755468,34.859577,1.319688417857125
34.881155,0.5307593401713306,34.881155,1.318864826589414
34.902734,0.5334211835263982,34.902734,1.3180730198775
34.924313,0.5361323336923804,34.924313,1.317317253773013
34.945892,0.5388802489001098,34.945892,1.316597618830244
34.96747,0.5416691399240722,34.96747,1.315914024494901
34.989049,0.5444991878728475,34.989049,1.315279420030457
35.010628,0.5473661366948049,35.010628,1.314681127836311
35.032206,0.5502658661697488,35.032206,1.314131825513064
35.053785,0.5532026776264549,35.053785,1.313623272620325
35.075364,0.5561723602904374,35.075364,1.313168237312987
35.096942,0.5591664926127247,35.096942,1.312758298042077
35.118521,0.5621936319737233,35.118521,1.312397891967807
35.1401,0.5652452662701717,35.1401,1.312087019090176
35.161678,0.5683214860563599,35.161678,1.311829935460816
35.183257,0.5714223366094329,35.183257,1.311622656690966
35.204836,0.5745436071549048,35.204836,1.311469529386546
35.226414,0.5776852524156307,35.226414,1.311370462993267
35.247993,0.5808431521714148,35.247993,1.311321473122367
35.269572,0.5840172611451121,35.269572,1.311331162431399
35.291151,0.5872076246138674,35.291151,1.311395365423022
35.312729,0.5904099865260501,35.312729,1.311514082097235
35.334308,0.5936243468816602,35.334308,1.31169184016854
35.355887,0.5968464949062119,35.355887,1.311920127533674
35.377465,0.6000763853225599,35.377465,1.31220754685019
35.399044,0.6033140634078495,35.399044,1.312545767123406
35.420623,0.6065552731104498,35.420623,1.312943391010873
35.442201,0.6097999238760707,35.442201,1.313396162460961
35.46378,0.6130481062590024,35.46378,1.31390426258225
35.485359,0.6162955189304689,35.485359,1.314467781929029
35.506937,0.6195421166133251,35.506937,1.31508681105559
35.528516,0.6227878993075714,35.528516,1.31575718446459
35.550095,0.6260329122903524,35.550095,1.31647890215603
35.571673,0.6292727184014574,35.571673,1.317256491844412
35.593252,0.6325074534723214,35.593252,1.318085697478103
35.614831,0.6357327256198786,35.614831,1.318966609611394
35.636409,0.6389571375016806,35.636409,1.319894972192655
35.657988,0.6421720411830307,35.657988,1.320875312936385
35.679567,0.6453860393214808,35.679567,1.321903285236665
35.701146,0.6485905292594789,35.701146,1.322978979647784
35.722724,0.6517854657198802,35.722724,1.324106833329954
35.744303,0.6549751500314605,35.744303,1.325278334179911
35.765882,0.6581638835229955,35.765882,1.326497828803579
35.78746,0.6613429729826438,35.78746,1.327765407755245
35.809039,0.6645168102934709,35.809039,1.329081252143491
35.830618,0.667685304901187,35.830618,1.330445271414026
35.852196,0.670852758134568,35.852196,1.33185330006951
35.873775,0.6740149139419829,35.873775,1.333309865824443
35.895354,0.6771717270462867,35.895354,1.334814878124536
35.916932,0.6803318001050312,35.916932,1.336368518078368
35.938511,0.6834865304606648,35.938511,1.337975222846151
35.96009,0.6866401741648179,35.96009,1.339635082982173
35.981668,0.6897971231005569,35.981668,1.341343751880516
36.003247,0.6929486840560397,36.003247,1.343110103861599
36.024826,0.6961035049659632,36.024826,1.344934229479714
36.046404,0.6992572392244064,36.046404,1.34681621928915
36.067983,0.7024055402254487,36.067983,1.348760601004408
36.089562,0.7055571011809315,36.089562,1.350767465179778
36.111141,0.7087032288790133,36.111141,1.352841158421181
36.132719,0.7118482246484699,36.132719,1.354981952391488
36.154298,0.7149876966062354,36.154298,1.357189847090697
36.175877,0.7181173434235339,36.175877,1.359473807393521
36.197455,0.7212370292689306,36.197455,1.36183383329996
36.219034,0.7243468446967154,36.219034,1.364274633633095
36.240613,0.7274423072695323,36.240613,1.366791861787004
36.262191,0.7305189798271706,36.262191,1.3693899549219
36.28377,0.7335725157637094,36.28377,1.372073531306571
36.305349,0.7365984779189377,36.305349,1.3748427720496
36.326927,0.7395966851842758,36.326927,1.377697677150985
36.348506,0.7425628362309477,36.348506,1.380643045988098
36.370085,0.7454880567385315,36.370085,1.383674350846437
36.391663,0.7483677737153814,36.391663,1.386791953943163
36.413242,0.7511975500012867,36.413242,1.389995855278277
36.434821,0.7539772950419572,36.434821,1.393290763674857
36.4564,0.7566981345169713,36.4564,1.396672332526985
36.477978,0.7593554954346831,36.477978,1.400131778068527
36.499557,0.7619448953577366,36.499557,1.403678336837067
36.521136,0.764461670740196,36.521136,1.407303134512182
36.542714,0.7668970378159295,36.542714,1.411006261648162
36.564293,0.7692551620822782,36.564293,1.414779115587456
36.585872,0.77152707866453,36.585872,1.418621877438643
36.60745,0.7737081692938941,36.60745,1.422534456647434
36.629029,0.7757982528617905,36.629029,1.426503813396066
36.650608,0.7777928922080084,36.650608,1.430530128793119
36.672186,0.7796917251153876,36.672186,1.434604437963881
36.693765,0.7814902238694273,36.693765,1.438726922016933
36.715344,0.7831882979158376,36.715344,1.442893234346353
36.736922,0.784790022197669,36.736922,1.447090063471509
36.758501,0.7862864318402101,36.758501,1.451322027661192
36.78008,0.7876817828950914,36.78008,1.455575634326189
36.801658,0.7889804219682339,36.801658,1.45984662741487
36.823237,0.7901775496822667,36.823237,1.464139444087444
36.844816,0.7912776031974006,36.844816,1.46843633570307
36.866395,0.7922892757254774,36.866395,1.472741648867667
36.887973,0.7932034212832051,36.887973,1.477046509260814
36.909552,0.7940333513512164,36.909552,1.481351007436801
36.931131,0.7947788848209315,36.931131,1.485650615681127
36.952709,0.7954442777439809,36.952709,1.489940715725002
36.974288,0.7960339672805755,36.974288,1.494217051516793
36.995867,0.7965522094823463,36.995867,1.498488406822634
37.017445,0.7969989137950032,37.017445,1.502741289053311
37.039024,0.7973873916991787,37.039024,1.506980225923325
37.060603,0.797713024926082,37.060603,1.511209654592887
37.082181,0.7979846877961349,37.082181,1.515424956793207
37.10376,0.798206817469548,37.10376,1.519626313632864
37.125339,0.7983793233920315,37.125339,1.523813544003278
37.146917,0.7985109893297172,37.146917,1.527995522224872
37.168496,0.798597468676684,37.168496,1.532172610514804
37.190075,0.7986474546447737,37.190075,1.536344265547335
37.211653,0.7986609472339864,37.211653,1.540515377254126
37.233232,0.7986423836045328,37.233232,1.544690292241098
37.254811,0.798587326596202,37.254811,1.548873357114172
37.27639,0.7984955951004142,37.27639,1.553064934090506
37.297968,0.7983716262773801,37.297968,1.557273716381945
37.319547,0.7982153295728097,37.319547,1.561499885097067
37.341126,0.7980178306662813,37.341126,1.565747967950373
37.362704,0.7977878227696366,37.362704,1.570022492656364
37.384283,0.7975119038479529,37.384283,1.574328168038121
37.405862,0.7971898927926503,37.405862,1.578664812987065
37.42744,0.7968171713349378,37.42744,1.583041482932196
37.449019,0.7963937394748155,37.449019,1.587454012376174
37.470598,0.7959103606747014,37.470598,1.59190674792492
37.492176,0.795362416665805,37.492176,1.596399870687014
37.513755,0.794745289179335,37.513755,1.600937727268376
37.535334,0.7940453045174988,37.535334,1.605520860994747
37.556912,0.7932667187319274,37.556912,1.610139854219965
37.578491,0.7923959486791181,37.578491,1.614803943481612
37.60007,0.7914281044274099,37.60007,1.619504254459266
37.621649,0.7903586582623019,37.621649,1.624240606044347
37.643227,0.7891735742688415,37.643227,1.629013360454015
37.664806,0.7878773801615294,37.664806,1.633808572327608
37.686385,0.786456130579703,37.686385,1.638626603882285
37.707963,0.7849097349690723,37.707963,1.643462565186385
37.729542,0.7832241574146845,37.729542,1.648312109633988
37.751121,0.7814037445224605,37.751121,1.653161654081591
37.772699,0.7794392597548185,37.772699,1.658006489706113
37.794278,0.7773303408945984,37.794278,1.662837561078553
37.815857,0.7750721885644293,37.815857,1.667650340484409
37.837435,0.7726645311014412,37.837435,1.672426173739937
37.859014,0.7701025691282629,37.859014,1.677165060845139
37.880593,0.7673907398051056,37.880593,1.681853599765091
37.902171,0.764528590360519,37.902171,1.686482010636471
37.92375,0.7615160302402132,37.92375,1.691036710315776
37.945329,0.758357315495819,37.945329,1.695508462265426
37.966907,0.7550567927332572,37.966907,1.699892195445178
37.988486,0.7516188538355936,37.988486,1.704178854426032
38.010065,0.7480478906858942,38.010065,1.708349966132823
38.031644,0.7443573958733716,38.031644,1.712404987239811
38.053222,0.7405426152977997,38.053222,1.716330153494915
38.074801,0.7366217503714723,38.074801,1.720120574966472
38.09638,0.7325992835317451,38.09638,1.723766834008321
38.117958,0.7284887979221207,38.117958,1.727263859580221
38.139537,0.7242994395258912,38.139537,1.730611832790752
38.161116,0.7200402637720579,38.161116,1.73379155613043
38.182694,0.7157250349127038,38.182694,1.736812447245418
38.204273,0.7113675171999114,38.204273,1.739669253986893
38.225852,0.7069769018941177,38.225852,1.742352558708695
38.24743,0.7025623349786142,38.24743,1.744871235731245
38.269009,0.6981469983516456,38.269009,1.747220576231462
38.290588,0.6937355102820028,38.290588,1.749404745706687
38.312166,0.6893417255760583,38.312166,1.751418854225258
38.333745,0.6849796801487651,38.333745,1.753276484930679
38.355324,0.6806586105377048,38.355324,1.75497763782295
38.376903,0.6763879796661844,38.376903,1.756531006113912
38.398481,0.6721863058865123,38.398481,1.757936408694986
38.42006,0.6680585244074946,38.42006,1.759207790926833
38.441639,0.6640139623210031,38.441639,1.760349137198215
38.463217,0.6600620372731997,38.463217,1.761374573978374
38.484796,0.6562076844728901,38.484796,1.762292975587733
38.506375,0.6524603215662365,38.506375,1.763113397455292
38.527953,0.6488294114765454,38.527953,1.763845257227215
38.549532,0.6453105623207511,38.549532,1.764502319155582
38.571111,0.6419086187533696,38.571111,1.765093638669397
38.592689,0.6386330889748526,38.592689,1.765633161129322
38.614268,0.6354748722790534,38.614268,1.76613483189602
38.635847,0.632443522143569,38.635847,1.766608068615652
38.657425,0.6295345561310433,38.657425,1.76706192671722
38.679004,0.6267388735353296,38.679004,1.767515241493048
38.700583,0.624061364288089,38.700583,1.767972540657637
38.722161,0.6214974553976754,38.722161,1.768443422965729
38.74374,0.6190333826120062,38.74374,1.768946542601067
38.765319,0.6166692817625166,38.765319,1.769481718455071
38.786898,0.6144006251347054,38.786898,1.770058911499643
38.808476,0.6122088038219742,38.808476,1.770691704878286
38.830055,0.610094044210048,38.830055,1.771385169631241
38.851634,0.6080469286527649,38.851634,1.772139486867087
38.873212,0.6060488935206714,38.873212,1.772968601946489
38.894791,0.6041000293680573,38.894791,1.773868168263524
38.91637,0.6021862097256802,38.91637,1.774842894641273
38.937948,0.600298152778813,38.937948,1.775897671011398
38.959527,0.5984265314355841,38.959527,1.777027788550818
38.981106,0.5965571286724606,38.981106,1.778238318299773
39.002684,0.5946805721204257,39.002684,1.779529079149685
39.024263,0.5927921529563984,39.024263,1.780891015671549
39.045842,0.5908776541568461,39.045842,1.782324308973948
39.06742,0.5889323668986879,39.06742,1.783819360302139
39.088999,0.5869514918045526,39.088999,1.785381240696363
39.110578,0.5849207665737628,39.110578,1.787000532510457
39.132156,0.5828353918289473,39.132156,1.788662928166601
39.153735,0.5806953222929611,39.153735,1.790373498705033
39.175314,0.5784909592110624,39.175314,1.792117936547932
39.196893,0.5762269661291872,39.196893,1.793891895089377
39.218471,0.5738889449152226,39.218471,1.795680704534385
39.24005,0.5714864037696203,39.24005,1.797484727100116
39.261629,0.5690191163066556,39.261629,1.799294364031828
39.283207,0.5664822831489572,39.283207,1.801100016574779
39.304786,0.5638758137422354,39.304786,1.802892448191388
39.326365,0.5612138798328777,39.326365,1.804671658881654
39.347943,0.5584867921118525,39.347943,1.806422978850594
39.369522,0.5557087676026923,39.369522,1.808146589206789
39.391101,0.552884515128478,39.391101,1.809832891195497
39.412679,0.5500187435122907,39.412679,1.811481884816718
39.434258,0.5471113169226954,39.434258,1.81308868013879
39.455837,0.5441813423148857,39.455837,1.814643678406973
39.477415,0.5412287291345715,39.477415,1.816156478376007
39.498994,0.5382582314819788,39.498994,1.817617119073991
39.520573,0.5352841569349305,39.520573,1.819035380364247
39.542152,0.5323160589710233,39.542152,1.820401482383452
39.56373,0.5293539828674023,39.56373,1.82172484277777
39.585309,0.5264075273788094,39.585309,1.823005642655779
39.606888,0.5234910453602123,39.606888,1.824253299663641
39.628466,0.52059982798853,39.628466,1.825467451584198
39.650045,0.5177482733958755,39.650045,1.826653169457688
39.671624,0.5149365174136837,39.671624,1.827824760861936
39.693202,0.5121693141421806,39.693202,1.828982225796941
39.714781,0.5094468899670912,39.714781,1.830139690731946
39.73636,0.5067835977433833,39.73636,1.831307116638853
39.757938,0.5041651751703792,39.757938,1.832484141300502
39.779517,0.5016013568342557,39.779517,1.833690324443537
39.801096,0.4990873886347867,39.801096,1.834930555999618
39.822674,0.4966233611262626,39.822674,1.836218962437988
39.844253,0.4942045202084572,39.844253,1.837560795907469
39.865832,0.4918213576809188,39.865832,1.838965655162802
39.88741,0.4894738735436473,39.88741,1.840448209998971
39.908989,0.4871525143190459,39.908989,1.842013169239055
39.930568,0.4848476812523727,39.930568,1.843665603923296
39.952147,0.4825545296891118,39.952147,1.845420364955258
39.973725,0.4802538168426344,39.973725,1.847277271226359
39.995304,0.4779406527812796,39.995304,1.849251173640162
40.016883,0.4755957041641286,40.016883,1.851337544482168
40.038461,0.4732188804368914,40.038461,1.853541092575457
40.06004,0.4707811136724724,40.06004,1.855867070068849
40.081619,0.4682774686620655,40.081619,1.858320548002586
40.103197,0.465688385679027,40.103197,1.860891927621926
40.124776,0.4630041301371801,40.124776,1.86358609885853
40.146355,0.4602050517555907,40.146355,1.866398715106477
40.167933,0.4572764354621313,40.167933,1.869325067542686
40.189512,0.4542083655620446,40.189512,1.872360266235496
40.211091,0.4509811917743971,40.211091,1.875494893538746
40.232669,0.4475800179184807,40.232669,1.878714460766032
40.254248,0.4439948830223935,40.254248,1.882024038957596
40.275827,0.4402157808370887,40.275827,1.885399359563712
40.297405,0.4362228346959072,40.297405,1.888830823829639
40.318984,0.4320157729359791,40.318984,1.892303943068975
40.340563,0.4275747188906455,40.340563,1.895808937418396
40.362142,0.4228993556198913,40.362142,1.89932624715126
40.38372,0.4179794504889446,40.38372,1.902836493649503
40.405299,0.4128049972487584,40.405299,1.906325007118141
40.426878,0.4073852324369145,40.426878,1.909777117762192
40.448456,0.4017051693184149,40.448456,1.913168194814772
40.470035,0.3957692903306157,40.470035,1.916488458412557
40.491614,0.3895771879792116,40.491614,1.919708387857003
40.513192,0.3831333899787035,40.513192,1.922812951135967
40.534771,0.3764423561278749,40.534771,1.925787659563046
40.55635,0.3695037242095656,40.55635,1.928612228977275
40.577928,0.362331824440171,40.577928,1.93126220972035
40.599507,0.3549312071727644,40.599507,1.93372745971179
40.621086,0.3473162705394586,40.621086,1.93599276583087
40.642664,0.3394964774635604,40.642664,1.938033316202127
40.664243,0.3314813814226669,40.664243,1.939844039785319
40.685822,0.3232903610348415,40.685822,1.941399762487822
40.707401,0.3149378823479148,40.707401,1.942695232160814
40.728979,0.3064385019640071,40.728979,1.943720125615233
40.750558,0.297811689055472,40.750558,1.944459229730356
40.772137,0.2890770033489535,40.772137,1.944907292357364
40.793715,0.2802440888763383,40.793715,1.945053809198612
40.815294,0.2713474241835508,40.815294,1.944893346996701
40.836873,0.2623918312865343,40.836873,1.944420834711389
40.858451,0.2534068308838346,40.858451,1.943635366799776
40.88003,0.2444072738790146,40.88003,1.942536762153283
40.901609,0.235412901107298,40.901609,1.941119225297347
40.923187,0.2264484791670048,40.923187,1.93938764616363
40.944766,0.2175289495159878,40.944766,1.937346009140893
40.966345,0.208674143543761,40.966345,1.934994314229136
40.987923,0.1998991159010396,40.987923,1.932346506789021
41.009502,0.1912287463790061,41.009502,1.929397515780308
41.031081,0.1826781349055208,41.031081,1.926161467672238
41.052659,0.1742573782839208,41.052659,1.922647961219555
41.074238,0.1659915487332547,41.074238,1.918866595177
41.095817,0.1578858644444847,41.095817,1.914831858230975
41.117396,0.1499604737471398,41.117396,1.910548096987402
41.138974,0.1422206401093273,41.138974,1.906035052281505
41.160553,0.1346816106096287,41.160553,1.901297251827783
41.182132,0.1273536631599612,41.182132,1.896359326393123
41.20371,0.1202421291441496,41.20371,1.891230693623686
41.225289,0.1133623122372068,41.225289,1.885921314491373
41.246868,0.1067096054896281,41.246868,1.880450748722829
41.268446,0.1002943434097618,41.268446,1.874833666113037
41.290025,0.09412690578310128,41.290025,1.8690899886058
41.311604,0.08819769385490453,41.311604,1.8632244250242
41.333182,0.08251708741066489,41.333182,1.857256535094879
41.354761,0.07708048516052082,41.354761,1.851201531938562
41.37634,0.07188828327949116,41.37634,1.84507426645881
41.397918,0.06694587540747507,41.397918,1.838884518518947
41.419497,0.0622386370266347,41.419497,1.832652210062775
41.441076,0.05777696490139272,41.441076,1.826382412130535
41.462655,0.05354621187533876,41.462655,1.820095046666033
41.484233,0.04954674582527603,41.484233,1.813800074641169
41.505812,0.04577391452455487,41.505812,1.807502567096184
41.527391,0.04222306008688251,41.527391,1.801217737151802
41.548969,0.0388794646103095,41.548969,1.794955364671344
41.570548,0.03574848211723316,41.570548,1.788725772843873
41.592127,0.03281033781457087,41.592127,1.782534213818209
41.613705,0.030070365915969,41.613705,1.776390286349094
41.635284,0.02750874352137837,41.635284,1.77029960480251
41.656863,0.02513079069533752,41.656863,1.764272311258938
41.678441,0.02291664209047383,41.678441,1.758308043501218
41.70002,0.02086151389343498,41.70002,1.752417486935572
41.721599,0.0189656551285185,41.721599,1.746605712602242
41.743177,0.01720913111772349,41.743177,1.740872720501227
41.764756,0.01559216117222109,41.764756,1.735223762781349
41.786335,0.01409980807889073,41.786335,1.729658839442607
41.807913,0.01273226709542027,41.807913,1.724183383742402
41.829492,0.01147456280609804,41.829492,1.718797395680735
41.851071,0.01032686853749479,41.851071,1.713501237474765
41.87265,0.009279230392262472,41.87265,1.708299799056153
41.894228,0.008321676079212907,41.894228,1.703188371601819
41.915807,0.007449278879004825,41.915807,1.698172026152004
41.937386,0.006657100753010702,41.937386,1.693240982843385
41.958964,0.005940195173138325,41.958964,1.688405383756445
41.980543,0.005293603584553839,41.980543,1.683660338959522
42.002122,0.004707280120708418,42.002122,1.679006029561197
42.0237,0.004181317811985944,42.0237,1.674437384521228
42.045279,0.003705644969715828,42.045279,1.669959837097018
42.066858,0.003275254224642252,42.066858,1.665563426316663
42.088436,0.002895303634019266,42.088436,1.661247971071584
42.110015,0.002550599001555614,42.110015,1.65701365247036
42.131594,0.002246288480129876,42.131594,1.652860832730153
42.153172,0.001972242369729418,42.153172,1.64878444081072
42.174751,0.00173360634713895,42.174751,1.644784657820642
42.19633,0.001515131034546739,42.19633,1.640856231611098
42.217908,0.001327055610687139,42.217908,1.636999705507828
42.239487,0.001154107174856672,42.239487,1.633209646253431
42.261066,0.001006527735611255,42.261066,1.629486597173647
42.282645,0.0008741325882816231,42.282645,1.625825306119655
42.304223,0.0007620598045070367,42.304223,1.622231025240277
42.325802,0.000660106418425956,42.325802,1.618693612455029
42.347381,0.0005682881267048638,42.347381,1.615213067763912
42.368959,0.0004917428683351352,42.368959,1.611794824424327
42.390538,0.0004253692267099432,42.390538,1.608423669315552
42.412117,0.0003640553060394851,42.412117,1.605109563409487
42.433695,0.0003129390453151358,42.433695,1.601842545734232
42.455274,0.0002669033754795481,42.455274,1.598628049547187
42.476853,0.0002310914751155847,42.476853,1.595460641590951
42.498431,0.0001952430302590921,42.498431,1.592335431933863
42.52001,0.0001644986770751229,42.52001,1.589257672724744
42.541589,0.0001440093872098288,42.541589,1.586222292923354
42.563167,0.0001183534290319003,42.563167,1.583224040380871
42.584746,0.000102968197677158,42.584746,1.580268348354696
42.606325,8.756731939889039e-05,42.606325,1.577350145804589
42.627904,7.21507886701021e-05,42.627904,1.574469251621969
42.649482,6.187483883641379e-05,42.649482,1.571626028023996
42.671061,5.158845403571174e-05,42.671061,1.568815222861849
42.69264,4.129163426799593e-05,42.69264,1.56604190717577
42.714218,3.614843910414729e-05,42.714218,1.563296119993856
42.735797,3.100002922028938e-05,42.735797,1.56058800339659
42.757376,2.584640185292461e-05,42.757376,1.557907415303488
42.778954,2.068755700205296e-05,42.778954,1.555254355714552
42.800533,1.552349466767444e-05,42.800533,1.552634076778603
42.822112,1.553132089293475e-05,42.822112,1.550041326346819
42.84369,1.035943164242151e-05,42.84369,1.547471214487539
42.865269,1.036464912592838e-05,42.865269,1.544933883281245
42.886848,5.18493365015483e-06,42.886848,1.542419190647456
42.908426,5.187542391908267e-06,42.908426,1.539932207626413
42.930005,5.190151133661704e-06,42.930005,1.537468044286454
42.951584,0,42.951584,1.535026519518999
42.973162,0,42.973162,1.532607814432629
42.994741,0,42.994741,1.530217000067584
43.01632,0,43.01632,1.527843934343382
43.037899,0,43.037899,1.525493688300265
43.059477,0,43.059477,1.523166261938232
43.081056,0,43.081056,1.520856584217043
43.102635,0,43.102635,1.518564655136698
43.124213,0,43.124213,1.516300978994837
43.145792,0,43.145792,1.51404998045358
