0.01,0.007811404777329852,0.01,-0.03610533393562005
0.035985,0.02901874479688669,0.035985,-0.1095120230606618
0.061971,0.0514867186785389,0.061971,-0.1720863165421761
0.08795600000000001,0.07513668072886158,0.08795600000000001,-0.228632263786497
0.113941,0.09988163091372032,0.113941,-0.2807438127258005
0.139927,0.1256244723956437,0.139927,-0.3291982134698804
0.165912,0.1522562513848113,0.165912,-0.3744342015538719
0.191897,0.1796623487886331,0.191897,-0.4167337403983174
0.217882,0.2077200409055629,0.217882,-0.4562862243007887
0.243868,0.2363015556323858,0.243868,-0.4932307899278979
0.269853,0.2652714350705218,0.269853,-0.5276700805673799
0.295838,0.2944935761220743,0.295838,-0.5596952391121375
0.321824,0.3238297250247589,0.321824,-0.5893884435803616
0.347809,0.3531378700132556,0.347809,-0.6168227712840963
0.373794,0.3822794177466924,0.373794,-0.6420773213956723
0.39978,0.4111178802714404,0.39978,-0.6652342719332804
0.425765,0.4395166111638627,0.425765,-0.6863751670350814
0.45175,0.4673466611149745,0.45175,-0.7055925079083284
0.477736,0.4944846499046267,0.477736,-0.7229852703920105
0.503721,0.5208108194842711,0.503721,-0.7386541961337726
0.529706,0.5462162783201614,0.529706,-0.7527114366218011
0.555691,0.570599831993203,0.555691,-0.765273852167364
0.581677,0.5938707903819432,0.581677,-0.7764655474249302
0.607662,0.6159456171538408,0.607662,-0.7864115778690144
0.633647,0.6367545855055823,0.633647,-0.7952458732945523
0.659633,0.6562396048601213,0.659633,-0.8031057140052107
0.6856179999999999,0.6743510061893833,0.6856179999999999,-0.8101275653160461
0.711603,0.6910541072002913,0.711603,-0.8164531446909362
0.7375890000000001,0.7063264051517761,0.7375890000000001,-0.8222253467995286
0.763574,0.7201545432860601,0.763574,-0.8275828102598405
0.789559,0.7325398799174936,0.789559,-0.8326669808728792
0.815545,0.7434959529124341,0.815545,-0.8376169500281117
0.84153,0.7530445405776308,0.84153,-0.8425650175432539
0.867515,0.761221457134786,0.867515,-0.8476434832360215
0.893501,0.7680736097061284,0.893501,-0.8529789420038589
0.919486,0.7736545611542036,0.919486,-0.8586893860866593
0.945471,0.7780305066650146,0.945471,-0.8648892761070051
0.971456,0.7812749763220556,0.971456,-0.8716849228013764
0.9974420000000001,0.7834709178549826,0.9974420000000001,-0.879175302008763
1.023427,0.7847049917193425,1.023427,-0.8874486136076418
1.049412,0.7850735476797142,1.049412,-0.8965867186761889
1.075398,0.7846775537694671,1.075398,-0.906661698429258
1.101383,0.7836204229878015,1.101383,-0.9177336809154211
1.127368,0.7820110921456086,1.127368,-0.9298556403943383
1.153354,0.7799609430196099,1.153354,-0.9430701373823179
1.179339,0.7775809951693672,1.179339,-0.9574070547950658
1.205324,0.7749844414574023,1.205324,-0.9728893934222466
1.23131,0.7722846558548173,1.23131,-0.9895291969844323
1.257295,0.7695912996068235,1.257295,-1.007327099361653
1.28328,0.7670137622957623,1.28328,-1.026276580645028
1.309265,0.7646579018866642,1.309265,-1.046361069399484
1.335251,0.7626262258358291,1.335251,-1.067556478183875
1.361236,0.7610147216906757,1.361236,-1.089827943596546
1.387221,0.7599162981527622,1.387221,-1.113135893412759
1.413207,0.7594174798462001,1.413207,-1.137433692173154
1.439192,0.7595971395575951,1.439192,-1.16266637342369
1.465177,0.7605284451532812,1.465177,-1.188775439093017
1.491163,0.7622779540364214,1.491163,-1.215698678383893
1.517148,0.7649028512411619,1.517148,-1.243366907818743
1.543133,0.7684540282784924,1.543133,-1.271710672257125
1.569119,0.7729752228704916,1.569119,-1.300658524364214
1.595104,0.778500573984496,1.595104,-1.330134307982106
1.621089,0.7850579723418312,1.621089,-1.360064855244466
1.647074,0.792667973766331,1.647074,-1.39037554941632
1.67306,0.8013441614014981,1.67306,-1.420993584848494
1.699045,0.8110916968418637,1.699045,-1.451845340903203
1.72503,0.8219110328588776,1.72503,-1.482861724657165
1.751016,0.8337970078580088,1.751016,-1.513976722032956
1.777001,0.8467376686729753,1.777001,-1.545124047290282
1.802986,0.8607168060858637,1.802986,-1.576244296814894
1.828972,0.8757154036957703,1.828972,-1.60728177971843
1.854957,0.8917089212901003,1.854957,-1.638182163426878
1.880942,0.9086708264618787,1.880942,-1.668898359709431
1.906928,0.9265728662726199,1.906928,-1.69938708361546
1.932913,0.9453838900465579,1.932913,-1.729607947931617
1.958898,0.9650731093250866,1.958898,-1.759525636484795
1.984884,0.9856085584438299,1.984884,-1.789111534119348
2.010869,1.006957728412671,2.010869,-1.818336301245311
2.036854,1.029089649664425,2.036854,-1.847177842615919
2.062839,1.051973714849065,2.062839,-1.87561641739595
2.088825,1.075581580473816,2.088825,-1.903636631356098
2.11481,1.099884812491612,2.11481,-1.931222728049903
2.140795,1.124858146255538,2.140795,-1.9583634787454
2.166781,1.15047849042164,2.166781,-1.98505073355649
2.192766,1.176723387525994,2.192766,-2.011273263751209
2.218751,1.203573368396245,2.218751,-2.037024911637836
2.244737,1.231011137163001,2.244737,-2.062300243958972
2.270722,1.259019941282607,2.270722,-2.087089480851292
2.296707,1.287579949365551,2.296707,-2.111390086794678
2.322693,1.316693244160502,2.322693,-2.135195360771667
2.348678,1.346337096540667,2.348678,-2.158491900747337
2.374663,1.376496927265351,2.374663,-2.181277171201568
2.400648,1.407174819083227,2.400648,-2.203541573379617
2.426634,1.43835420055922,2.426634,-2.225273697440943
2.452619,1.470028642338739,2.452619,-2.246459779133463
2.478604,1.502183384072512,2.478604,-2.267087684182314
2.50459,1.534806834811416,2.50459,-2.287146546072695
2.530575,1.56789048245219,2.530575,-2.306619702815242
2.55656,1.601414767268189,2.55656,-2.325493390157872
2.582546,1.635370090504672,2.582546,-2.343754930499983
2.608531,1.669736349109254,2.608531,-2.361385307440671
2.634516,1.704494164463873,2.634516,-2.378370394510694
2.660502,1.739617638041583,2.660502,-2.39470023073815
2.686487,1.775093186698882,2.686487,-2.410360689653795
2.712472,1.810894549691664,2.712472,-2.425337463679807
2.738457,1.846992025212803,2.738457,-2.439620229627125
2.764443,1.883358265866715,2.764443,-2.453202648695446
2.790428,1.919965924257814,2.790428,-2.466076570998669
2.816413,1.956783125276013,2.816413,-2.478237468822294
2.842399,1.993778718245547,2.842399,-2.489686428817801
2.868384,2.03092064694775,2.868384,-2.500422726550868
2.894369,2.068176674055374,2.894369,-2.510453244147539
2.920355,2.105520719932896,2.920355,-2.519786312602494
2.94634,2.142920547253069,2.94634,-2.528428632933194
2.972325,2.180348989728887,2.972325,-2.536394331608883
2.998311,2.217777975530446,2.998311,-2.543698259533123
3.024296,2.255180519479319,3.024296,-2.550358708672499
3.050281,2.292538148500344,3.050281,-2.556395600970813
3.076267,2.329827680695275,3.076267,-2.56183175610915
3.102252,2.367031367423269,3.102252,-2.566690899311495
3.128237,2.404139791038165,3.128237,-2.570999110213372
3.154222,2.441141722808001,3.154222,-2.574780476255928
3.180208,2.478030280606734,3.180208,-2.578062163726166
3.206193,2.514800574502704,3.206193,-2.580868984499552
3.232178,2.551454053364552,3.232178,-2.58322810486309
3.258164,2.587995063798198,3.258164,-2.585164880017987
3.284149,2.624429401278202,3.284149,-2.586701224102426
3.310134,2.660768656753689,3.310134,-2.587859956797491
3.33612,2.697025870042419,3.33612,-2.588661543372727
3.362105,2.733214986505057,3.362105,-2.589121559166017
3.38809,2.769355022542504,3.38809,-2.589255941732403
3.414076,2.805466986750047,3.414076,-2.589076100912428
3.440061,2.841569171094267,3.440061,-2.588589281049293
3.466046,2.87768457636483,3.466046,-2.58780127761756
3.492031,2.91383493559134,3.492031,-2.586713720594448
3.518017,2.950044155106361,3.518017,-2.585325704437059
3.544002,2.986332337962278,3.544002,-2.583630890345089
3.569987,3.022720854971534,3.569987,-2.581620403998118
3.595973,3.059229990295093,3.595973,-2.579284284424244
3.621958,3.095875138162259,3.621958,-2.576606231851263
3.647943,3.132672417236654,3.647943,-2.573569765398392
3.673929,3.169635953987522,3.673929,-2.570156411990469
3.699914,3.206774079409544,3.699914,-2.566342989729247
3.725899,3.244094400063081,3.725899,-2.562106678933643
3.751885,3.281600900336895,3.751885,-2.557424478813993
3.77787,3.319292131362344,3.77787,-2.55226940419187
3.803855,3.357166282053629,3.803855,-2.546617548734711
3.82984,3.395216470284709,3.82984,-2.54044319502415
3.855826,3.4334325539751,3.855826,-2.533722980053364
3.881811,3.471800768872721,3.881811,-2.526431367512566
3.907796,3.510305901856849,3.907796,-2.518546805480733
3.933782,3.548927306549359,3.933782,-2.51004937201406
3.959767,3.587643974354968,3.959767,-2.500919326277325
3.985752,3.62643127450679,3.985752,-2.491141817366964
4.011738,3.665264938455102,4.011738,-2.480704348790954
4.037723,3.704114902175617,4.037723,-2.469594605165853
4.063708,3.742954723815649,4.063708,-2.457806791017101
4.089694,3.781755788219554,4.089694,-2.445337827498836
4.115679,3.820487669145886,4.115679,-2.432184273548039
4.141664,3.859122113656159,4.141664,-2.418349751336308
4.16765,3.897631593246207,4.16765,-2.403840237446787
4.193635,3.935988579411866,4.193635,-2.388663881765576
4.21962,3.97416844138625,4.21962,-2.372832275241797
4.245605,4.012147272836796,4.245605,-2.356359363236114
4.271591,4.049906962905498,4.271591,-2.339262894389369
4.297576,4.087427589648555,4.297576,-2.321558806256607
4.323561,4.124695388813882,4.323561,-2.30326955630175
4.349547,4.161701667189638,4.349547,-2.284415066468604
4.375532,4.198435558261021,4.375532,-2.265016345352452
4.401517,4.234893077639271,4.401517,-2.245095850417218
4.427503,4.271076760844507,4.427503,-2.224676944669727
4.453488,4.30698660787673,4.453488,-2.203778825619463
4.479473,4.342629863079141,4.479473,-2.18242213964455
4.505459,4.378018841835183,4.505459,-2.160625903145892
4.531444,4.413163324008177,4.531444,-2.138404967027051
4.557429,4.448082507107607,4.557429,-2.11577400108301
4.583414,4.482793415339997,4.583414,-2.092743147394251
4.6094,4.517319592820751,4.6094,-2.069321280281197
4.635385,4.551680237059353,4.635385,-2.045510754155387
4.66137,4.585902514342807,4.66137,-2.021312112342561
4.687356,4.620011055438,4.687356,-1.996721370453959
4.713341,4.654029766677495,4.713341,-1.971729654169159
4.739326,4.687984727696819,4.739326,-1.946324285887559
4.765312,4.721901293697173,4.765312,-1.920488784728375
4.791297,4.755799748839525,4.791297,-1.894200149901943
4.817282,4.789703275022118,4.817282,-1.867434293967118
4.843268,4.823631069754436,4.843268,-1.840160247356715
4.869253,4.85759508620276,4.869253,-1.812344323874846
4.895238,4.891609088619175,4.895238,-1.783949396262604
4.921223,4.92568032134688,4.921223,-1.754935258415222
4.947209,4.959812768774637,4.947209,-1.725258625382071
4.973194,4.994002808730846,4.973194,-1.694873857800983
4.999179,5.028245007958104,4.999179,-1.663734048549727
5.025165,5.062527413290131,5.025165,-1.631789211660215
5.05115,5.096829378348802,5.05115,-1.598991534467317
5.077135,5.131128807887351,5.077135,-1.565290668785784
5.103121,5.165396362315815,5.103121,-1.530637715299005
5.129106,5.199594733266705,5.129106,-1.494984499124692
5.155091,5.233682627983773,5.155091,-1.458283388706296
5.181077,5.267613320453372,5.181077,-1.420491642418927
5.207062,5.301331391450009,5.207062,-1.381567605289177
5.233047,5.334779972879553,5.233047,-1.341472791743791
5.259033,5.367895314521832,5.259033,-1.30017342503259
5.285018,5.400607146247793,5.285018,-1.257640165565609
5.311003,5.432846284579862,5.311003,-1.213848473130253
5.336988,5.464533041742825,5.336988,-1.168779331325619
5.362974,5.495592438784544,5.362974,-1.122418794791044
5.388959,5.525936819152285,5.388959,-1.074759438074746
5.414944,5.555484683985031,5.414944,-1.025800536742405
5.44093,5.584150550033005,5.44093,-0.9755465279542332
5.466915,5.611845311874831,5.466915,-0.9240105420822816
5.4929,5.638482761826411,5.4929,-0.8712118671903245
5.518886,5.663977778855128,5.518886,-0.8171750434909566
5.544871,5.688240170888126,5.544871,-0.7619333949629044
5.570856,5.711188439064388,5.570856,-0.7055264032766155
5.596842,5.73274144674006,5.596842,-0.6479990286370839
5.622827,5.752816608402644,5.622827,-0.5894051508468698
5.648812,5.771338945100005,5.648812,-0.5298020454944095
5.674797,5.788237824485932,5.674797,-0.4692550927770956
5.700783,5.803445874168649,5.700783,-0.4078343364382568
5.726768,5.816897895059345,5.726768,-0.3456144611285851
5.752753,5.828538830149689,5.752753,-0.282674701851846
5.778739,5.83831652016863,5.778739,-0.2191005192192435
5.804724,5.846185325754,5.804724,-0.1549795697835146
5.830709,5.852106489669671,5.830709,-0.09040258894325705
5.856695,5.856050310108518,5.856695,-0.02546334849560563
5.88268,5.857988896349215,5.88268,0.03974208760683881
5.908665,5.857904137533759,5.908665,0.1051166876125008
5.934651,5.855786616015987,5.934651,0.1705625255461911
5.960636,5.851631260755659,5.960636,0.2359807444214259
5.986621,5.845441331707216,5.986621,0.3012730588756776
6.012606,5.837226608733978,6.012606,0.3663418174264483
6.038592,5.82700665156259,6.038592,0.4310922550092345
6.064577,5.814802106571177,6.064577,0.4954302178009906
6.090562,5.800643762218344,6.090562,0.5592638837516386
6.116548,5.784569289088738,6.116548,0.6225054151998615
6.142533,5.766619255504287,6.142533,0.6850705513787978
6.168518,5.746838938610002,6.168518,0.7468785631388969
6.194504,5.725283757631369,6.194504,0.8078529321050938
6.220489,5.702005871839443,6.220489,0.8679218487254047
6.246474,5.677067944802913,6.246474,0.9270189367052466
6.27246,5.650533002307633,6.27246,0.9850821663559576
6.298445,5.622466243442416,6.298445,1.042055484572016
6.32443,5.592935765033354,6.32443,1.097887909288144
6.350415,5.56201219942666,6.350415,1.15253371058788
6.376401,5.52976799005435,6.376401,1.205954221789388
6.402386,5.496272682611156,6.402386,1.258114307828141
6.428371,5.461599807180574,6.428371,1.308984629114173
6.454357,5.425819271674496,6.454357,1.35854272818356
6.480342,5.389001708439137,6.480342,1.406768773646788
6.506327,5.351216663169229,6.506327,1.453648820143194
6.532313,5.312533319342347,6.532313,1.499173993352357
6.558298,5.273014340527182,6.558298,1.543339584451195
6.584283,5.232724201378227,6.584283,1.586142605148139
6.610269,5.191722667726895,6.610269,1.627586768169078
6.636254,5.150066245450154,6.636254,1.667675333468454
6.662239,5.107810353773496,6.662239,1.706417718692427
6.688225,5.065005703099333,6.688225,1.743822798161421
6.71421,5.021700106092791,6.71421,1.779903068367457
6.740195,4.977939564333203,6.740195,1.814671025802558
6.76618,4.933764646142492,6.76618,1.848142064696027
6.792166,4.889214470973949,6.792166,1.880331398168586
6.818151,4.844322000589139,6.818151,1.911253333798059
6.844136,4.79912526778987,6.844136,1.940923809139489
6.870122,4.753651076645988,6.870122,1.969359305073658
6.896107,4.707925869010176,6.896107,1.996573948069811
6.922092,4.661976811169441,6.922092,2.022581864597188
6.948078,4.615828896107827,6.948078,2.047396637799293
6.974063,4.569502045769138,6.974063,2.071030583059569
7.000048,4.523016182097178,7.000048,2.093494566892818
7.026034,4.476394124773033,7.026034,2.11479764472804
7.052019,4.429651811351743,7.052019,2.134949777537139
7.078004,4.382808439342794,7.078004,2.153957123011835
7.103989,4.335882481821349,7.103989,2.17182674438675
7.129975,4.288892774079732,7.129975,2.188563531593545
7.15596,4.241856340324465,7.15596,2.20417110680382
7.181945,4.194791653630713,7.181945,2.218651462211955
7.207931,4.147720084810919,7.207931,2.232008763315293
7.233916,4.100660106940248,7.233916,2.244243553439572
7.259901,4.053632728613983,7.259901,2.255355108150473
7.285887,4.006660769513209,7.285887,2.265346506293856
7.311872,3.95976849818765,7.311872,2.274216117892501
7.337857,3.912980183187032,7.337857,2.281966478466527
7.363843,3.866321179712559,7.363843,2.288597406907357
7.389828,3.819817567399756,7.389828,2.294110895409369
7.415813,3.773500134707229,7.415813,2.298509117275525
7.441798,3.727395685704824,7.441798,2.301794608025943
7.467784,3.681536095502626,7.467784,2.303971895375127
7.493769,3.635952152559242,7.493769,2.305046412580475
7.519754,3.590676094201917,7.519754,2.305025222876611
7.54574,3.545741244409379,7.54574,2.303916476149636
7.571725,3.501180202726034,7.571725,2.301729590045711
7.59771,3.457026293130608,7.59771,2.298475793296798
7.623696,3.413315737339108,7.623696,2.294170842349361
7.649681,3.3700796860273,7.649681,2.288829225889802
7.675666,3.327352187608231,7.675666,2.282467243690325
7.701652,3.285168377146429,7.701652,2.275104998803313
7.727637,3.243559405317658,7.727637,2.266764224258371
7.753622,3.202556785014844,7.753622,2.257467377519423
7.779608,3.162192391348075,7.779608,2.247239994896255
7.805593,3.122496288341636,7.805593,2.23610833713297
7.831578,3.083494193413892,7.831578,2.224101924928116
7.857563,3.045217257240608,7.857563,2.211249192328756
7.883549,3.00768829950287,7.883549,2.197582195553558
7.909534,2.970931407641823,7.909534,2.183134258581249
7.935519,2.93496922022997,7.935519,2.167939248716294
7.961505,2.899821478102535,7.961505,2.152033931000441
7.98749,2.865506473226102,7.98749,2.135451991629576
8.013475,2.832038875395654,8.013475,2.118233998925628
8.039460999999999,2.799433535514753,8.039460999999999,2.100414363518803
8.065446,2.767700233446722,8.065446,2.082032204862389
8.091431,2.736851827900744,8.091431,2.063126823518252
8.117417,2.706893571025638,8.117417,2.043736252288202
8.143402,2.677829809427327,8.143402,2.023900335059845
8.169387,2.64966416527741,8.169387,2.003656017983508
8.195372000000001,2.622396457467307,8.195372000000001,1.983041696078159
8.221358,2.596026867105599,8.221358,1.962096307688506
8.247343000000001,2.570553401997906,8.247343000000001,1.940854987879076
8.273327999999999,2.545968093366705,8.273327999999999,1.919356856103155
8.299314000000001,2.522265326846016,8.299314000000001,1.897636141882371
8.325298999999999,2.499436771441157,8.325298999999999,1.875728523606991
8.351284,2.477471379528745,8.351284,1.853666057495681
8.377269999999999,2.45635919013688,8.377269999999999,1.831483878612967
8.403255,2.436084809036257,8.403255,1.809212413200297
8.42924,2.416635739734855,8.42924,1.786882087499114
8.455226,2.39799477691757,8.455226,1.764523146642286
8.481211,2.38014670746368,8.481211,1.742162756916818
8.507196,2.363072696080859,8.507196,1.719828446826875
8.533181000000001,2.346754813019686,8.533181000000001,1.697546114899402
8.559167,2.331172230793456,8.559167,1.675338218598324
8.585152000000001,2.316305570784105,8.585152000000001,1.653228664256204
8.611136999999999,2.302133824396349,8.611136999999999,1.631239728228388
8.637123000000001,2.288637431903545,8.637123000000001,1.60939187578442
8.663107999999999,2.275791762538807,8.663107999999999,1.587702312239402
8.689093,2.263575807706852,8.689093,1.566191683971459
8.715078999999999,2.251967834378074,8.715078999999999,1.544875204101314
8.741064,2.24094212513411,8.741064,1.52376899129259
8.767049,2.230475679185295,8.767049,1.502886085363049
8.793035,2.220546763502024,8.793035,1.482241880541994
8.81902,2.211128574014452,8.81902,1.461845794475588
8.845005,2.202197023281436,8.845005,1.441709961438693
8.870991,2.193729291621889,8.870991,1.421843708523179
8.896976,2.185699842726028,8.896976,1.40225446118083
8.922961000000001,2.178083321392647,8.922961000000001,1.382949282646266
8.948945999999999,2.170855821289181,8.948945999999999,1.363935236154109
8.974932000000001,2.163992530540166,8.974932000000001,1.345217211636019
9.000916999999999,2.157466101750018,9.000916999999999,1.326796386297767
9.026902,2.151252266369009,9.026902,1.308676744528113
9.052887999999999,2.145328204716057,9.052887999999999,1.290858829652798
9.078873,2.139668018264217,9.078873,1.273342732226112
9.104858,2.134243997400742,9.104858,1.256126731716545
9.130844,2.129035676856089,9.130844,1.239206843735334
9.156829,2.124015347017512,9.156829,1.222578631122271
9.182814,2.119160912638249,9.182814,1.206236841728533
9.2088,2.114447561842832,9.2088,1.19017486509095
9.234785,2.109852293841599,9.234785,1.174382468574749
9.260770000000001,2.105353194496363,9.260770000000001,1.158850687305218
9.286754999999999,2.100927987451783,9.286754999999999,1.143569107539007
9.312741000000001,2.096557656306953,9.312741000000001,1.128521701166781
9.338725999999999,2.09221920027221,9.338725999999999,1.113697511119448
9.364711,2.087895414032449,9.364711,1.099080056516225
9.390696999999999,2.083569997815468,9.390696999999999,1.08465167927056
9.416682,2.079224840763263,9.416682,1.070395174067347
9.442667,2.074844367537951,9.442667,1.056293426145775
9.468653,2.07041644386467,9.468653,1.042323344161889
9.494638,2.065929297685718,9.494638,1.028466092823364
9.520623000000001,2.061371338051971,9.520623000000001,1.014699124111987
9.546609,2.05673604505455,9.546609,1.001001067215313
9.572594,2.052015812133092,9.572594,0.9873486496808083
9.598579000000001,2.047204662704456,9.598579000000001,0.9737186896102278
9.624563999999999,2.042302415660063,9.624563999999999,0.9600877334424571
9.650550000000001,2.037305448828311,9.650550000000001,0.9464320559535117
9.676534999999999,2.032217746597962,9.676534999999999,0.9327284752451469
9.70252,2.027040576729075,9.70252,0.9189540810819884
9.728505999999999,2.021779372479052,9.728505999999999,0.9050856010115015
9.754491,2.016440834865354,9.754491,0.891100215352602
9.780476,2.011034562642723,9.780476,0.876978998258676
9.806462,2.00556997345732,9.806462,0.8626990394943491
9.832447,2.000059744909748,9.832447,0.8482406887786875
9.858432000000001,1.994518546794991,9.858432000000001,0.8335864691337179
9.884418,1.98895996225655,9.884418,0.8187190846900468
9.910403000000001,1.983400653283789,9.910403000000001,0.8036228695555012
9.936388000000001,1.977858006300391,9.936388000000001,0.7882824295007782
9.962374000000001,1.97235194325016,9.962374000000001,0.772684634153825
9.988359000000001,1.96690129942542,9.988359000000001,0.7568206997485102
10.014344,1.961527445638616,10.014344,0.7406784920099712
10.040329,1.956249579399229,10.040329,0.7242517626921968
10.066315,1.951089977062606,10.066315,0.707534172994886
10.0923,1.94607000944119,10.0923,0.6905216479749877
10.118285,1.941209960695945,10.118285,0.6732102937980314
10.144271,1.936532469399375,10.144271,0.6556010160069171
10.170256,1.932058544146765,10.170256,0.6376921846244247
10.196241,1.927808831316239,10.196241,0.6194885084736348
10.222227,1.92380289063444,10.222227,0.600992206134653
10.248212,1.920059919610852,10.248212,0.5822079864305603
10.274197,1.916600021297859,10.274197,0.563143093704558
10.300183,1.913440401010565,10.300183,0.5438050439627174
10.326168,1.910597358521172,10.326168,0.5242035717912158
10.352153,1.908087374710464,10.352153,0.5043464195818494
10.378138,1.905924576047683,10.378138,0.4842461291037857
10.404124,1.904124718979293,10.404124,0.4639131593775218
10.430109,1.902697764477196,10.430109,0.4433590107978899
10.456094,1.901656027924833,10.456094,0.4225968137369425
10.48208,1.901011462488488,10.48208,0.401638521360962
10.508065,1.900771855837101,10.508065,0.3804986676334962
10.53405,1.900944814531035,10.53405,0.3591894773836974
10.560036,1.90153848845639,10.560036,0.3377245790322134
10.586021,1.902558673087729,10.586021,0.3161176689154093
10.612006,1.904009715030971,10.612006,0.29438135671817
10.637992,1.905895417566297,10.637992,0.2725283653182429
10.663977,1.90822121395111,10.663977,0.2505741115835037
10.689962,1.910988009728308,10.689962,0.2285277188586717
10.715947,1.914199064852332,10.715947,0.2064035626372869
10.741933,1.917854017106023,10.741933,0.1842135847663456
10.767918,1.92195431535802,10.767918,0.1619697836892751
10.793903,1.926499778499744,10.793903,0.1396804338043258
10.819889,1.931490949856935,10.819889,0.117359061658569
10.845874,1.936925475018052,10.845874,0.09501539051889529
10.871859,1.942805527286055,10.871859,0.07265925118541483
10.897845,1.949126397837864,10.897845,0.05030056501252762
10.92383,1.955888448890639,10.92383,0.02794799691385972
10.949815,1.963089326032839,10.949815,0.005610309078153432
10.975801,1.970727037070084,10.975801,-0.01670367404977458
11.001786,1.978800495350894,11.001786,-0.03898504808264847
11.027771,1.987304448726448,11.027771,-0.06122883218078959
11.053757,1.996241070499706,11.053757,-0.08342466778236637
11.079742,2.005604746304687,11.079742,-0.1055661085538582
11.105727,2.01539312172985,11.105727,-0.127648032518236
11.131712,2.025604929015136,11.131712,-0.1496612031379179
11.157698,2.036236545988944,11.157698,-0.1716004135412279
11.183683,2.047284712696832,11.183683,-0.1934603436636275
11.209668,2.058747255835841,11.209668,-0.2152343264455141
11.235654,2.070620009908629,11.235654,-0.2369183888174133
11.261639,2.082902612698038,11.261639,-0.2585057165690011
11.287624,2.095588000969445,11.287624,-0.2799936383487222
11.31361,2.10867671804859,11.31361,-0.3013753399462525
11.339595,2.122163692895233,11.339595,-0.3226479915400291
11.36558,2.136046027772092,11.36558,-0.3438074955484288
11.391566,2.150319738290408,11.391566,-0.3648510447884609
11.417551,2.164983918907279,11.417551,-0.3857758094385624
11.443536,2.180034223016786,11.443536,-0.406580340630093
11.469521,2.195468839533127,11.469521,-0.4272604502271394
11.495507,2.211284689610443,11.495507,-0.4478160929525566
11.521492,2.227479599945772,11.521492,-0.4682457293834144
11.547477,2.244051578344735,11.547477,-0.4885493595197126
11.573463,2.26099899483011,11.573463,-0.508725579769956
11.599448,2.278322211619059,11.599448,-0.5287756578942049
11.625433,2.29602068538584,11.625433,-0.5486996391696043
11.651419,2.314094053913295,11.651419,-0.5684975235961541
11.677404,2.332543947178643,11.677404,-0.5881707147653498
11.703389,2.351371270724784,11.703389,-0.6077206162686865
11.729375,2.37058145780912,11.729375,-0.6271488128062394
11.75536,2.39017450843165,11.75536,-0.6464566626923589
11.781345,2.410157123609836,11.781345,-0.6656428981669849
11.80733,2.430534374383918,11.80733,-0.684711911113183
11.833316,2.451314229531419,11.833316,-0.7036610301793979
11.859301,2.472500130115359,11.859301,-0.7224917042342696
11.885286,2.49410439151918,11.885286,-0.7412041143863783
11.911272,2.516135344737564,11.911272,-0.7597956798384586
11.937257,2.538602045199513,11.937257,-0.7782663100362205
11.963242,2.561515902745569,11.963242,-0.7966106169994076
11.989228,2.584889594976334,11.989228,-0.8148258840993198
12.015213,2.60873543727525,12.015213,-0.8329047764384654
12.041198,2.633064839482862,12.041198,-0.8508445773881439
12.067184,2.65789229028557,12.067184,-0.8686353259764534
12.093169,2.683231916152617,12.093169,-0.886266608460042
12.119154,2.709096756901767,12.119154,-0.9037281922041376
12.145139,2.735498584590721,12.145139,-0.9210069468366876
12.171125,2.762453880100262,12.171125,-0.9380910097456997
12.19711,2.789973691053774,12.19711,-0.9549637189418108
12.223095,2.818071962811918,12.223095,-0.9716072352298872
12.249081,2.846759199672336,12.249081,-0.9880019083289953
12.275066,2.876045724824091,12.275066,-1.004126367426691
12.301051,2.905942042564825,12.301051,-1.0199622300021
12.327037,2.936456483889219,12.327037,-1.035482058105348
12.353022,2.967594663163254,12.353022,-1.05066230762103
12.379007,2.999361470318591,12.379007,-1.065478257227971
12.404993,3.031759259766771,12.404993,-1.079901835096266
12.430978,3.064790385919334,12.430978,-1.093905874938909
12.456963,3.098454486559121,12.456963,-1.107462123817415
12.482949,3.132745585102989,12.482949,-1.120540246044629
12.508934,3.167660421596498,12.508934,-1.133112622562093
12.534919,3.203189940610647,12.534919,-1.145148646019784
12.560904,3.239324362282114,12.560904,-1.156621874565015
12.58689,3.276051009010296,12.58689,-1.167502968607821
12.612875,3.31335611654311,12.612875,-1.177764761861196
12.63886,3.351220487371073,12.63886,-1.187378910832366
12.664846,3.389626735070502,12.664846,-1.196319969765834
12.690831,3.428554575480431,12.690831,-1.204566477294868
12.716816,3.467977566748178,12.716816,-1.212094164869742
12.742802,3.507875424712776,12.742802,-1.218879941146501
12.768787,3.548218809784261,12.768787,-1.224908321341554
12.794772,3.588980193458467,12.794772,-1.230162190694085
12.820758,3.63013204723123,12.820758,-1.234626064420503
12.846743,3.671643220426782,12.846743,-1.238288623234556
12.872728,3.713485822323799,12.872728,-1.24114035893579
12.898713,3.755626166726393,12.898713,-1.243174751615326
12.924699,3.79803744956472,12.924699,-1.244387001895792
12.950684,3.840688882380174,12.950684,-1.244775208137097
12.976669,3.883550038931309,12.976669,-1.244342177522233
13.002655,3.926593028496799,13.002655,-1.243089449474129
13.02864,3.969791047006799,13.02864,-1.241023091130217
13.054625,4.013118739260105,13.054625,-1.238152701245239
13.080611,4.056552923358471,13.080611,-1.234489236888287
13.106596,4.100072228489454,13.106596,-1.230040847945462
13.132581,4.143656008274929,13.132581,-1.224826822480538
13.158567,4.187291222897134,13.158567,-1.218858751442637
13.184552,4.230961210366706,13.184552,-1.212154474026894
13.210537,4.274656915254643,13.210537,-1.20473065222267
13.236522,4.318370368783423,13.236522,-1.19660584965942
13.262508,4.362099035432927,13.262508,-1.187796909435087
13.288493,4.405842190768833,13.288493,-1.178322395179125
13.314478,4.449603456962743,13.314478,-1.168198063337996
13.340464,4.493386456186257,13.340464,-1.157439942021034
13.366449,4.537202054954177,13.366449,-1.146061976588902
13.392434,4.581065104170067,13.392434,-1.134075757990721
13.41842,4.624988281434528,13.41842,-1.121490975535523
13.444405,4.668990059822725,13.444405,-1.108314149132191
13.47039,4.713094707884381,13.47039,-1.094550259266674
13.496376,4.757320336477501,13.496376,-1.080198128733204
13.522361,4.801695560757731,13.522361,-1.065254407023048
13.548346,4.846245373709113,13.548346,-1.049711306467265
13.574332,4.890996579401495,13.574332,-1.033555877802384
13.600317,4.935975619687562,13.600317,-1.01677191181049
13.626302,4.981210747505799,13.626302,-0.9993379471248497
13.652287,5.02672949136037,13.652287,-0.9812242819383373
13.678273,5.072557568669642,13.678273,-0.9624028444210474
13.704258,5.118715263594577,13.704258,-0.9428349678911422
13.730243,5.165223946947622,13.730243,-0.9224789068209238
13.756229,5.212103178455417,13.756229,-0.9012873013167129
13.782214,5.259362737981287,13.782214,-0.8792125198219602
13.808199,5.307014940908674,13.808199,-0.8561950681681243
13.834185,5.355060873889057,13.834185,-0.8321798893468744
13.86017,5.403501985791077,13.86017,-0.807103233138038
13.886155,5.452329221185732,13.886155,-0.7808976365955521
13.912141,5.501526642517979,13.912141,-0.7534983986791991
13.938126,5.551076863364134,13.938126,-0.7248352945370703
13.964111,5.600947284179791,13.964111,-0.6948344318685115
13.990096,5.651101683248944,13.990096,-0.6634280760645892
14.016082,5.701499130032505,14.016082,-0.6305429687046794
14.042067,5.752083118653501,14.042067,-0.5961103790826587
14.068052,5.802796781017803,14.068052,-0.560062934806754
14.094038,5.853568398127716,14.094038,-0.522332810713742
14.120023,5.904321542162466,14.120023,-0.4828618709494316
14.146008,5.954973989826715,14.146008,-0.4415917532739063
14.171994,6.005431926876007,14.171994,-0.398470570078986
14.197979,6.055598279111442,14.197979,-0.353451119940999
14.223964,6.105368003556601,14.223964,-0.306494690900963
14.24995,6.154628812891859,14.24995,-0.2575709246331493
14.275935,6.203264435408837,14.275935,-0.2066578843608014
14.30192,6.251156788313351,14.30192,-0.1537370970087555
14.327905,6.298179095599374,14.327905,-0.09880552900829606
14.353891,6.344204581260884,14.353891,-0.04186721002532894
14.379876,6.389107193726176,14.379876,0.01706335851954608
14.405861,6.432756534817623,14.405861,0.07796275560816239
14.431847,6.475022930791923,14.431847,0.1407951231565838
14.457832,6.515778881208728,14.457832,0.2055137761835739
14.483817,6.554900507799296,14.483817,0.2720663573305731
14.509803,6.592267554466482,14.509803,0.3403843622771831
14.535788,6.627759040678824,14.535788,0.4103915895883541
14.561773,6.66126775015694,14.561773,0.4820060423544751
14.587759,6.69268936435873,14.587759,0.5551309859552349
14.613744,6.721919564742094,14.613744,0.629666991780194
14.639729,6.748875765794536,14.639729,0.7055035383183861
14.665715,6.773476106437879,14.665715,0.782521999449888
14.6917,6.795645969937151,14.6917,0.8606028887890215
14.717685,6.815327401546738,14.717685,0.9396188417268768
14.74367,6.832468966429912,14.74367,1.019437739554318
14.769656,6.847030820699063,14.769656,1.09992682968218
14.795641,6.858983986981388,14.795641,1.180948650698215
14.821626,6.86830818111592,14.821626,1.262368186156008
14.847612,6.875000505365382,14.847612,1.344048155751892
14.873597,6.879061684164092,14.873597,1.425853361930869
14.899582,6.880504032895492,14.899582,1.507651504875225
14.925568,6.879352906760788,14.925568,1.589313091950235
14.951553,6.875643078607347,14.951553,1.670709445509784
14.977538,6.869412943454135,14.977538,1.751723659965458
15.003524,6.860714660572204,15.003524,1.832236203654434
15.029509,6.849604011404203,15.029509,1.912142939143192
15.055494,6.836146195038946,15.055494,1.991335744609452
15.081479,6.820409308302526,15.081479,2.069723884654615
15.107465,6.802466519061277,15.107465,2.147216261662924
15.13345,6.782395341787454,15.13345,2.223733187859164
15.159435,6.760274739821952,15.159435,2.29920439311428
15.185421,6.736188023111588,15.185421,2.373561056167859
15.211406,6.710219226037498,15.211406,2.446748120011571
15.237391,6.682445138637618,15.237391,2.518714149808685
15.263377,6.652954866333324,15.263377,2.589414955065674
15.289362,6.621824474728229,15.289362,2.658813046306469
15.315347,6.589134376031873,15.315347,2.726880351701165
15.341333,6.554958462544907,15.341333,2.793586988334057
15.367318,6.519372799870947,15.367318,2.8589133964785
15.393303,6.482441862664485,15.393303,2.922844363013772
15.419288,6.444238094357536,15.419288,2.985364131493409
15.445274,6.404819449695711,15.445274,3.04646292205409
15.471259,6.364243883424621,15.471259,3.106130592615333
15.497244,6.322570074724197,15.497244,3.164362434354057
15.52323,6.279846560693889,15.52323,3.2211508407099
15.549215,6.236120429564506,15.549215,3.276488929556821
15.5752,6.191441667304138,15.5752,3.330369094334458
15.601186,6.145848668931752,15.601186,3.382789161739852
15.627171,6.099387798243837,15.627171,3.433734280869439
15.653156,6.05209237921912,15.653156,3.483200829551618
15.679142,6.00400768900261,15.679142,3.531176854620107
15.705127,5.955168138224512,15.705127,3.577646418519863
15.731112,5.905615019641076,15.731112,3.622599741387565
15.757098,5.85538745270559,15.757098,3.666020885668169
15.783083,5.804524919088498,15.783083,3.707891740503671
15.809068,5.753075231454934,15.809068,3.748195281687548
15.835053,5.701080044778303,15.835053,3.786914485013277
15.861039,5.648590431678176,15.861039,3.824028704102735
15.887024,5.595653842602522,15.887024,3.859523088052357
15.913009,5.542329318948433,15.913009,3.89337554161538
15.938995,5.488671555507079,15.938995,3.925574473842681
15.96498,5.434741766978512,15.96498,3.956101049441937
15.990965,5.380607325754505,15.990965,3.984946575201306
16.016951,5.32633198205523,16.016951,4.012099460171666
16.042936,5.271989990398503,16.042936,4.037556082181417
16.068921,5.217653431999176,16.068921,4.061313905710437
16.094907,5.163396199157906,16.094907,4.083374379627367
16.120892,5.109298704084226,16.120892,4.103746197144048
16.146877,5.055437374598912,16.146877,4.122440586992443
16.172862,5.001892260694341,16.172862,4.139478919984996
16.198848,4.948744499014365,16.198848,4.154882204716992
16.224833,4.896069068511122,16.224833,4.168679418561235
16.250818,4.843947830262787,16.250818,4.180906058799413
16.276804,4.792456125438654,16.276804,4.191605953707893
16.302789,4.741665673036417,16.302789,4.200822207128725
16.328774,4.69164638096797,16.328774,4.20860770276728
16.35476,4.642468157145207,16.35476,4.215022568672127
16.380745,4.594189318530899,16.380745,4.220127295108999
16.40673,4.546869993173617,16.40673,4.22398744338387
16.432716,4.500562340344413,16.432716,4.226674370277273
16.458701,4.455310912753973,16.458701,4.228261968089861
16.484686,4.411159538678668,16.484686,4.228829200162531
16.510671,4.368138644359941,16.510671,4.228451045447418
16.536657,4.326277931604921,16.536657,4.227212987194298
16.562642,4.28559732235741,16.562642,4.225195075395545
16.588627,4.246113478606772,16.588627,4.222480257780817
16.614613,4.207832920261889,16.614613,4.219151844296929
16.640598,4.170757458408559,16.640598,4.215290971587739
16.666583,4.134881659789382,16.666583,4.21097841407994
16.692569,4.100197917843998,16.692569,4.206295308417389
16.718554,4.066685223977121,16.718554,4.201314098032101
16.744539,4.034322207376308,16.744539,4.196110486310529
16.770525,4.003086048360474,16.770525,4.190755467816047
16.79651,3.972937627476331,16.79651,4.185314603854629
16.822495,3.943848329568235,16.822495,4.179855266818048
16.848481,3.915772515274015,16.848481,4.174432513714634
16.874466,3.888670702923225,16.874466,4.169101401552717
16.900451,3.862494355416414,16.900451,4.163913727386188
16.926436,3.837193124568334,16.926436,4.158913319491416
16.952422,3.812722457668296,16.952422,4.154144730579088
16.978407,3.789022951102047,16.978407,4.149639473542132
17.004392,3.76604679220446,17.004392,4.145431959010754
17.030378,3.743738923967201,17.030378,4.141546455534678
17.056363,3.722043927164783,17.056363,4.138008680532271
17.082348,3.700910004743313,17.082348,4.134831673821293
17.108334,3.680281737477302,17.108334,4.132031010739628
17.134319,3.660106241661378,17.134319,4.129615022281959
17.160304,3.640336066847574,17.160304,4.127587330619884
17.18629,3.620919415981998,17.18629,4.125950471273526
17.212275,3.601807751965202,17.212275,4.124701546505603
17.23826,3.582955435435016,17.23826,4.123836571927355
17.264245,3.564320086983712,17.264245,4.123342507721019
17.290231,3.545861500506523,17.290231,4.123208849588953
17.316216,3.527538021030039,17.316216,4.123424368799195
17.342201,3.509317773444177,17.342201,4.1239676945393
17.368187,3.491163811598606,17.368187,4.124826511425828
17.394172,3.473048606989164,17.394172,4.12597401538893
17.420157,3.454946079980323,17.420157,4.127392820004927
17.446143,3.43682906428508,17.446143,4.129061192244211
17.472128,3.418678362393951,17.472128,4.130950516951138
17.498113,3.400473327928811,17.498113,4.133040872181905
17.524099,3.382199472203257,17.524099,4.135307989386786
17.550084,3.363845204268168,17.550084,4.137724702278775
17.576069,3.345398933174421,17.576069,4.14026855339395
17.602054,3.326855225664615,17.602054,4.142914549748265
17.62804,3.308208648481349,17.62804,4.145640233877795
17.654025,3.289455941670183,17.654025,4.148421337232816
17.68001,3.270597105231115,17.68001,4.151237937869523
17.705996,3.251635036901428,17.705996,4.154068664975473
17.731981,3.232574807721361,17.731981,4.156895769909823
17.757966,3.213418953211036,17.757966,4.159698244077289
17.783952,3.194173993279334,17.783952,4.162465583180227
17.809937,3.174852605526857,17.809937,4.165177865274834
17.835922,3.155459136559525,17.835922,4.167826397149269
17.861908,3.136006263977943,17.861908,4.170396327899969
17.887893,3.11650304321111,17.887893,4.172881862052372
17.913878,3.09696215185963,17.913878,4.175272495308837
17.939863,3.077396991958426,17.939863,4.177566054366403
17.965849,3.057812634547738,17.965849,4.179757468184829
17.991834,3.038223387205388,17.991834,4.181842027941035
18.017819,3.01864120309766,18.017819,4.18382335580662
18.043805,2.999075137653556,18.043805,4.185699640695785
18.06979,2.979531710781955,18.06979,4.18747631586593
18.095775,2.960020340129021,18.095775,4.189153381317056
18.121761,2.940548088929374,18.121761,4.190736632523724
18.147746,2.921119484897516,18.147746,4.192230778309015
18.173731,2.901739780182268,18.173731,4.193643425233289
18.199717,2.88241368360671,18.199717,4.19498181763975
18.225702,2.863141738496582,18.225702,4.196249215482836
18.251687,2.843924488177625,18.251687,4.197456847494511
18.277673,2.824760121564038,18.277673,4.198611233583655
18.303658,2.805649363090142,18.303658,4.199721066962111
18.329643,2.786585873955635,18.329643,4.200790332018639
18.355628,2.767563496468796,18.355628,4.201829895268041
18.381614,2.748576254046484,18.381614,4.202842654447598
18.407599,2.729617626779817,18.407599,4.20383259394607
18.433584,2.710679102565535,18.433584,4.20480587145518
18.45957,2.691750177105994,18.45957,4.205765746929367
18.485555,2.672821976080773,18.485555,4.206711133717151
18.51154,2.65388345186649,18.51154,4.207644929555812
18.537526,2.634923919056923,18.537526,4.208564961142391
18.563511,2.61592997561715,18.563511,4.209468692956767
18.589496,2.596894920529708,18.589496,4.210353589478819
18.615482,2.577805532868256,18.615482,4.211213855233986
18.641467,2.558650221683671,18.641467,4.212041521444747
18.667452,2.539420293764111,18.667452,4.21283043041938
18.693437,2.520104339269035,18.693437,4.213568991208764
18.719423,2.500700184895482,18.719423,4.214245975080936
18.745408,2.48119587747717,18.745408,4.214851602172573
18.771393,2.461587070408176,18.771393,4.215375005968875
18.797379,2.441869054865422,18.797379,4.215796988960357
18.823364,2.422039295328786,18.823364,4.216106322415057
18.849349,2.402097610689688,18.849349,4.216286344343612
18.875335,2.382043819839549,18.875335,4.21632329049394
18.90132,2.361882269384288,18.90132,4.216197963356556
18.927305,2.341614951518287,18.927305,4.215900583068137
18.953291,2.321251283887707,18.953291,4.215410141033402
18.979276,2.300797424184269,18.979276,4.214712148565947
19.005261,2.280267498877217,19.005261,4.213796101368128
19.031246,2.259668027875431,19.031246,4.212645699667744
19.057232,2.239017846471236,19.057232,4.211248628081353
19.083217,2.218330537808133,19.083217,4.209596555614271
19.109202,2.197622401658326,19.109202,4.207676804665899
19.135188,2.17691698213722,19.135188,4.205482493110192
19.161173,2.156228224605477,19.161173,4.203011085427031
19.187158,2.135579673178501,19.187158,4.200255699490375
19.213144,2.114992879777318,19.213144,4.197217421951704
19.239129,2.094491207408752,19.239129,4.193894803942378
19.265114,2.074091861387905,19.265114,4.190294003154118
19.2911,2.053821102458883,19.2911,4.186419003975685
19.317085,2.03370084475987,19.317085,4.1822795862704
19.34307,2.01374793138881,19.34307,4.177887340987385
19.369056,1.993987174221168,19.369056,4.173255307944404
19.395041,1.974431069748965,19.395041,4.16839833804502
19.421026,1.955101713218966,19.421026,4.163334904364396
19.447011,1.936012325557514,19.447011,4.158088188800775
19.472997,1.917173229953671,19.472997,4.152678113297963
19.498982,1.898597647333778,19.498982,4.147128221971364
19.524967,1.880289018760858,19.524967,4.141465681107983
19.550953,1.86225114751509,19.550953,4.135717294777665
19.576938,1.844487655768076,19.576938,4.129905158227175
19.602923,1.826995102456795,19.602923,4.124063319869559
19.628909,1.809765337695144,19.628909,4.118217859340342
19.654894,1.792790030488443,19.654894,4.11239195853777
19.680879,1.776056141018929,19.680879,4.106617130354766
19.706865,1.759546101754339,19.706865,4.100917643341058
19.73285,1.743238904099387,19.73285,4.095313057223288
19.758835,1.727111909481571,19.758835,4.089829451636982
19.78482,1.711139943808266,19.78482,4.084482764137182
19.810806,1.695292580838024,19.810806,4.079292192233373
19.836791,1.679539032112241,19.836791,4.074270413526156
19.862776,1.663846516977929,19.862776,4.069425759010215
19.888762,1.648177002633282,19.888762,4.064763661942948
19.914747,1.632492094059332,19.914747,4.060289555581758
19.940732,1.616755750648652,19.940732,4.055995108931962
19.966718,1.600934467313935,19.966718,4.051878510907762
19.992703,1.584986407973194,19.992703,4.047928170560033
20.018688,1.568877886430541,20.018688,4.044125614813614
20.044674,1.552572137644231,20.044674,4.04045490611346
20.070659,1.536034207658315,20.070659,4.036889240389727
20.096644,1.519236839631498,20.096644,4.03340543574417
20.122629,1.502152505059616,20.122629,4.029967270460781
20.148615,1.484753494329923,20.148615,4.026541058343675
20.1746,1.467019161064294,20.1746,4.023089853242523
20.200585,1.448936374890678,20.200585,4.0195748979212
20.226571,1.430491643219861,20.226571,4.015952001886176
20.252556,1.411676272840002,20.252556,4.012174439123801
20.278541,1.392489267653911,20.278541,4.008202003529309
20.304527,1.372931895421648,20.304527,4.003985795786089
20.330512,1.353015022658015,20.330512,3.999477278794692
20.356497,1.332749878094974,20.356497,3.994636608667511
20.382483,1.312152580396149,20.382483,3.989415972739415
20.408468,1.291249209197064,20.408468,3.983774078254159
20.434453,1.270066025241825,20.434453,3.977669632455491
20.460439,1.248636895834898,20.460439,3.971064964758767
20.486424,1.22699550717217,20.486424,3.963922404579338
20.512409,1.205183695335628,20.512409,3.956213698978719
20.538394,1.183243024744392,20.538394,3.947908783932624
20.56438,1.161220764737849,20.56438,3.938985926411449
20.590365,1.13916391299252,20.590365,3.92942303116843
20.61635,1.117127345408155,20.61635,3.919210318340244
20.642336,1.095156520238342,20.642336,3.908330763720368
20.668321,1.073311656085945,20.668321,3.896786178394603
20.694306,1.05163857342171,20.694306,3.884570042454067
20.720292,1.03019586087128,20.720292,3.871689600241963
20.746277,1.009032055534105,20.746277,3.85815245831865
20.772262,0.9882037538414445,20.772262,3.843974192022013
20.798248,0.9677552368411182,20.798248,3.829170014472774
20.824233,0.9477358566211852,20.824233,3.813760572049058
20.850218,0.9281953274868654,20.850218,3.79777846429527
20.876203,0.909171138914226,20.876203,3.781245424241015
20.902189,0.8907082058311158,20.902189,3.764202020208221
20.928174,0.8728417538563514,20.928174,3.746676867352533
20.954159,0.85560709916304,20.954159,3.72871379395032
20.980145,0.8390346679926274,20.980145,3.71035517940931
21.00613,0.823147461134778,21.00613,3.69163941874847
21.032115,0.8079710148992768,21.032115,3.672617222370211
21.058101,0.7935259756642478,21.058101,3.653333142985221
21.084086,0.7798278282132841,21.084086,3.63383426882431
21.110071,0.7668821869123668,21.110071,3.614172034724206
21.136057,0.7547021821335482,21.136057,3.59439389113288
21.162042,0.7432880402625536,21.162042,3.574548737366941
21.188027,0.7326377238278576,21.188027,3.554687283828799
21.214012,0.7227515497694751,21.214012,3.534861327572344
21.239998,0.7136144407981183,21.239998,3.515115059091104
21.265983,0.7052215522592713,21.265983,3.495499913221809
21.291968,0.6975499286404144,21.291968,3.476060442675149
21.317954,0.690584356820825,21.317954,3.456844460116252
21.343939,0.6842989382735577,21.343939,3.437890722781247
21.369924,0.6786704911003681,21.369924,3.419247767769582
21.39591,0.6736678646254904,21.39591,3.400950005711463
21.421895,0.6692596817874332,21.421895,3.38303583162586
21.44788,0.6654092680987395,21.44788,3.365539656142977
21.473866,0.6620772324432515,21.473866,3.348497700978823
21.499851,0.6592264022849171,21.499851,3.331932061380162
21.525836,0.6568117268644525,21.525836,3.315873525805599
21.551822,0.6547880195911391,21.551822,3.30034491393622
21.577807,0.6531122671772182,21.577807,3.285358903372626
21.603792,0.6517309520372896,21.603792,3.270938313795901
21.629777,0.6506006533892897,21.629777,3.257087854029128
21.655763,0.6496674008763683,21.655763,3.243818028369948
21.681748,0.6488820687961906,21.681748,3.231131010121321
21.707733,0.6481979311351076,21.707733,3.219025712631767
21.733719,0.647557621750393,21.733719,3.207494891558084
21.759704,0.6469191234514788,21.759704,3.196534562511513
21.785689,0.6462299147501549,21.785689,3.186126614634049
21.811675,0.6454448996099922,21.811675,3.176254023719169
21.83766,0.6445188914402721,21.83766,3.16689831669171
21.863645,0.6434117294133719,21.863645,3.158031602830346
21.889631,0.6420778194442675,21.889631,3.149624904762271
21.915616,0.6404846072656977,21.915616,3.141649969549
21.941601,0.638599266947531,21.941601,3.134069488823046
21.967586,0.6363889725596362,21.967586,3.126844343131121
21.993572,0.6338286858408233,21.993572,3.119939035191539
22.019557,0.630895813495733,22.019557,3.11331227224805
22.045542,0.6275731502092619,22.045542,3.106914068332566
22.071528,0.6238459809092821,22.071528,3.100708563946239
22.097513,0.6197102306527429,22.097513,3.09464794642394
22.123498,0.6151537651647818,22.123498,3.088685127534861
22.149484,0.6101832854628603,22.149484,3.082777003436952
22.175469,0.6047972521240479,22.175469,3.076881556939646
22.201454,0.5990077088689171,22.201454,3.070956046418053
22.22744,0.5928267446951851,22.22744,3.064954108075686
22.253425,0.586269210506415,22.253425,3.058840969065177
22.27941,0.579358016537981,22.27941,3.05257859658472
22.305395,0.5721135827822823,22.305395,3.046131493352626
22.331381,0.5645645243949643,22.331381,3.03946959534461
22.357366,0.5567368757344072,22.357366,3.032559578581947
22.383351,0.548662194970682,22.383351,3.025381521120831
22.409337,0.5403748927339954,22.409337,3.017913146605919
22.435322,0.5319068894115788,22.435322,3.010131816464706
22.461307,0.5232983005539098,22.461307,3.002025758639489
22.487293,0.5145759755079786,22.487293,2.993582838855407
22.513278,0.5057830633929787,22.513278,2.984794001683458
22.539263,0.496954835104872,22.539263,2.975657979363582
22.565249,0.4881240712966449,22.565249,2.966171149724177
22.591234,0.4793289406015396,22.591234,2.956340213782705
22.617219,0.4705943454493111,22.617219,2.946167344842127
22.643205,0.4619616238733523,22.643205,2.935662141657184
22.66919,0.4534530522290078,22.66919,2.924834384091199
22.695175,0.4450993736977383,22.695175,2.913702545219334
22.72116,0.4369258982036039,22.72116,2.902276586013492
22.747146,0.4289581167792445,22.747146,2.890577696177537
22.773131,0.4212132347397635,22.773131,2.878623986569472
22.799116,0.4137086837859891,22.799116,2.866434473590203
22.825102,0.4064646122474505,22.825102,2.854035780200991
22.851087,0.3994930638447198,22.851087,2.841443843956883
22.877072,0.3928032751153789,22.877072,2.828686012253462
22.903058,0.3864046637055896,22.903058,2.815781120383052
22.929043,0.3803009876183877,22.929043,2.802756334632659
22.955028,0.374498834678372,22.955028,2.789633931357628
22.981014,0.3689965522697495,22.981014,2.776438360216262
23.006999,0.3637951364897105,23.006999,2.763186464306505
23.032984,0.3588873656336262,23.032984,2.749902874395242
23.058969,0.3542742357986866,23.058969,2.736607512426276
23.084955,0.3499456501815549,23.084955,2.723319938126253
23.11094,0.345894205969022,23.11094,2.710059711221814
23.136925,0.3421124777093066,23.136925,2.696840958182203
23.162911,0.3385818338572376,23.162911,2.683681065431105
23.188896,0.3352974976740164,23.188896,2.67059687606646
23.214881,0.3322435316046001,23.214881,2.657597264408692
23.240867,0.3294066694455009,23.240867,2.644694183624083
23.266852,0.3267707698945233,23.266852,2.631901579073296
23.292837,0.3243196690108992,23.292837,2.61922307292793
23.318823,0.3220398968439884,23.318823,2.606667720616989
23.344808,0.3199150857058702,23.344808,2.594241498723612
23.370793,0.3179260380870609,23.370793,2.581947848310822
23.396778,0.3160590576511954,23.396778,2.569787312704357
23.422764,0.3143004254233359,23.422764,2.557763332967239
23.448749,0.3126278197709931,23.448749,2.545876452425207
23.474734,0.3110301930707849,23.474734,2.534118702300741
23.50072,0.3094879403189225,23.50072,2.52249352365686
23.526705,0.3079898780605888,23.526705,2.510992585498883
23.55269,0.3065219024651133,23.55269,2.49961117900373
23.578676,0.3050670572416904,23.578676,2.488341154285299
23.604661,0.3036139551883503,23.604661,2.477174361457487
23.630646,0.3021511864645509,23.630646,2.466102469525615
23.656632,0.3006673412297498,23.656632,2.455114793083458
23.682617,0.2991508511733974,23.682617,2.444199922290475
23.708602,0.2975930457222245,23.708602,2.433346990631865
23.734587,0.2959880614859524,23.734587,2.422538973901103
23.760573,0.2943242848768863,23.760573,2.411764824474808
23.786558,0.2925986144105933,23.786558,2.401010053666577
23.812543,0.2908080391569301,23.812543,2.390260535007166
23.838529,0.2889465825327556,23.838529,2.379499244290054
23.864514,0.2870139955137723,23.864514,2.368711511720256
23.890499,0.2850129720901082,23.890499,2.35788031309125
23.916485,0.2829375356786221,23.916485,2.346990978608052
23.94247,0.2807932100910051,23.94247,2.33602901958426
23.968455,0.2785827345945303,23.968455,2.324973970750331
23.994441,0.2763145760153142,23.994441,2.313814060048561
24.020426,0.2739885758833494,24.020426,2.302528641100826
24.046411,0.2716191096921761,24.046411,2.291108658478125
24.072397,0.2692089619862125,24.072397,2.279533646910914
24.098382,0.2667725761747162,24.098382,2.267791291015751
24.124367,0.2643157250936759,24.124367,2.255869456517773
24.150352,0.2618588060969181,24.150352,2.243753292513417
24.176338,0.2594076825747215,24.176338,2.23142758588196
24.202323,0.2569799446979219,24.202323,2.218885635605941
24.228308,0.2545903075386473,24.228308,2.206112590781797
24.254294,0.2522565650148859,24.254294,2.193098852654787
24.280279,0.2499964657674814,24.280279,2.179837720207448
24.306264,0.2478249965314317,24.306264,2.166317059164919
24.33225,0.2457659957235838,24.33225,2.152529987401158
24.358235,0.2438345406332257,24.358235,2.138473063853144
24.38422,0.2420575938002101,24.38422,2.124139406394837
24.410206,0.2404504136224051,24.410206,2.109525392854635
24.436191,0.2390401663868159,24.436191,2.094630298798219
24.462176,0.2378452119757435,24.462176,2.079453218682687
24.488161,0.2368899547703477,24.488161,2.063990530336441
24.514147,0.2361959014145078,24.514147,2.048247304799719
24.540132,0.2357876373979634,24.540132,2.032225715375483
24.566117,0.2356927817791699,24.566117,2.015927935366694
24.592103,0.2359331807805942,24.592103,1.999362476876613
24.618088,0.2365336689162735,24.618088,1.982534048728321
24.644073,0.2375162735172545,24.644073,1.965454060762359
24.670059,0.2389090437748704,24.670059,1.94813084397341
24.696044,0.2407341654901753,24.696044,1.930575808202017
24.722029,0.2430198689630823,24.722029,1.912809056500562
24.748015,0.2457856007273726,24.748015,1.894839100972307
24.774,0.2490567612613962,24.774,1.876689485732658
24.799985,0.2528589547906556,24.799985,1.858374518359437
24.82597,0.2572088206659414,24.82597,1.839921184031068
24.851956,0.2621350872357619,24.851956,1.821347050279816
24.877941,0.2676515866679171,24.877941,1.802681818912807
24.903926,0.273778195629066,24.903926,1.783952475108465
24.929912,0.2805348587015848,24.929912,1.765186366262375
24.955897,0.2879386227305696,24.955897,1.746413375290245
24.981882,0.2960035236309729,24.981882,1.727663747324939
25.007868,0.3047376433731788,25.007868,1.708977326254065
25.033853,0.3141581193565732,25.033853,1.69038743605635
25.059838,0.3242670796069715,25.059838,1.671928125144841
25.085824,0.3350695951646146,25.085824,1.653639056298564
25.111809,0.3465738611927492,25.111809,1.635560435622289
25.137794,0.3587758933026145,25.137794,1.617732650329362
25.16378,0.3716686735367341,25.16378,1.600193189895851
25.189765,0.385254262005206,25.189765,1.582985520380965
25.21575,0.3995163815743993,25.21575,1.566150391215211
25.241735,0.4144449354409773,25.241735,1.549729095154838
25.267721,0.4300234880013017,25.267721,1.533759302784492
25.293706,0.4462294912371581,25.293706,1.518282306860423
25.319691,0.4630433401447577,25.319691,1.503336592955886
25.345677,0.4804362384598749,25.345677,1.488960827752721
25.371662,0.498379163532559,25.371662,1.475187248578173
25.397647,0.5168398780355639,25.397647,1.462051624376798
25.423633,0.5357830205186376,25.423633,1.449580849772733
25.449618,0.5551668454540819,25.449618,1.437810603156244
25.475603,0.5749494714827638,25.475603,1.426758723722465
25.501589,0.5950920055371206,25.501589,1.416452015541241
25.527574,0.6155459557948481,25.527574,1.406905238961845
25.553559,0.6362626946022066,25.553559,1.398133154333549
25.579544,0.6571966278741724,25.579544,1.390150612559917
25.60553,0.6782955963396953,25.60553,1.382963046898349
25.631515,0.6995103837421507,25.631515,1.376570004577396
25.6575,0.720791592716334,25.6575,1.370970670608447
25.683486,0.7420896900656055,25.683486,1.366161422819902
25.709471,0.7633516562531601,25.709471,1.362129130839707
25.735456,0.7845305841567686,25.735456,1.358860573741522
25.761442,0.805585814900213,25.761442,1.356336372907281
25.787427,0.8264666380810834,25.787427,1.35453072036433
25.813412,0.8471352020061526,25.813412,1.353423965831735
25.839398,0.8675532022107431,25.839398,1.352977714290528
25.865383,0.8876821531215973,25.865383,1.353162535596454
25.891368,0.9074960656574803,25.891368,1.353942841913536
25.917353,0.9269625213825656,25.917353,1.355276616051205
25.943339,0.9460616889073397,25.943339,1.357121659710314
25.969324,0.9647733746251284,25.969324,1.359438581774704
25.995309,0.9830837237295589,25.995309,1.362178482927767
26.021295,1.000988389614711,26.021295,1.365298712098904
26.04728,1.018479584611642,26.04728,1.368753086600206
26.073265,1.035559300914733,26.073265,1.372495333189473
26.099251,1.052238767255947,26.099251,1.376475918670067
26.125236,1.068526133521384,26.125236,1.380657353565921
26.151221,1.084439057797598,26.151221,1.384993092971964
26.177207,1.099998639234164,26.177207,1.389445466303549
26.203192,1.115235304072527,26.203192,1.39397363357588
26.229177,1.130176580816852,26.229177,1.398546081896029
26.255163,1.144856427325897,26.255163,1.40312803841663
26.281148,1.159318400213159,26.281148,1.407697317336629
26.307133,1.173603248909147,26.307133,1.41222829179195
26.333118,1.187751632290078,26.333118,1.41670176427311
26.359104,1.201820599558664,26.359104,1.421108045471076
26.385089,1.215851081253992,26.385089,1.425437355522528
26.411074,1.229897319395784,26.411074,1.429689332210305
26.43706,1.244013646558049,26.43706,1.433863975534407
26.463045,1.258248056514497,26.463045,1.437973510323986
26.48903,1.272658504010739,26.48903,1.442033964688376
26.515016,1.287293616700515,26.515016,1.44606761498292
26.541001,1.302202022237564,26.541001,1.450096647008674
26.566986,1.317432619938496,26.566986,1.454162987401914
26.592972,1.33303458078279,26.592972,1.458298873489889
26.618957,1.349047476995184,26.618957,1.462549401309025
26.644942,1.365507801954555,26.644942,1.466966458467504
26.670927,1.38245232070265,26.670927,1.471608724145257
26.696913,1.399908199526474,26.696913,1.476531527013484
26.722898,1.417902695267323,26.722898,1.481803597778309
26.748883,1.43645011550302,26.748883,1.487490588299995
26.774869,1.455561870074106,26.774869,1.493664942010556
26.800854,1.475245837203814,26.800854,1.500402452850736
26.826839,1.495490607051601,26.826839,1.507785977995902
26.852825,1.516294549640246,26.852825,1.515885515912237
26.87881,1.537633034202866,26.87881,1.524790805901148
26.904795,1.559481792189734,26.904795,1.534578819109152
26.930781,1.581802881353335,26.930781,1.545330511071523
26.956766,1.604555008937419,26.956766,1.557126475106376
26.982751,1.627680944630696,26.982751,1.570048391183309
27.008736,1.651122733687555,27.008736,1.584167616082855
27.034722,1.674809200436041,27.034722,1.599556593237027
27.060707,1.698659208232299,27.060707,1.616287222752101
27.086692,1.722591258215312,27.086692,1.634419270459487
27.112678,1.746500669625822,27.112678,1.654012321082017
27.138663,1.770295077088009,27.138663,1.67511291952476
27.164648,1.793859295544971,27.164648,1.697768154018525
27.190634,1.817080675459927,27.190634,1.72201551403938
27.216619,1.839833165261171,27.216619,1.747872204902428
27.242604,1.8619934300057,27.242604,1.775359235202953
27.26859,1.883431252624469,27.26859,1.804484754827057
27.294575,1.90400880948807,27.294575,1.835239708345738
27.32056,1.923591536921539,27.32056,1.867612323701293
27.346546,1.942044509032747,27.346546,1.901573985738077
27.372531,1.959228453323649,27.372531,1.937082677265522
27.398516,1.975003735079036,27.398516,1.974086239012578
27.424501,1.989240680555605,27.424501,2.012525991799313
27.450487,2.001805088295548,27.450487,2.052325870022112
27.476472,2.012569457858521,27.476472,2.093396768259599
27.502457,2.021415344233181,27.502457,2.135638714575593
27.528443,2.028227743471206,27.528443,2.178945579342194
27.554428,2.032900525944695,27.554428,2.223196200919359
27.580413,2.035337704106229,27.580413,2.268256740066442
27.606399,2.035456511334732,27.606399,2.313989010936875
27.632384,2.033176535420668,27.632384,2.36024758334089
27.658369,2.028437467206887,27.658369,2.406876703899658
27.684355,2.021189320725297,27.684355,2.453713193782565
27.71034,2.011397866454273,27.71034,2.500592968616101
27.736325,1.999035938106809,27.736325,2.547345243009293
27.76231,1.984099913511305,27.76231,2.593794703856665
27.788296,1.966592690405041,27.788296,2.639768935790025
27.814281,1.946540529532121,27.814281,2.68509824006988
27.840266,1.923980195934294,27.840266,2.729605673613535
27.866252,1.898962400013969,27.866252,2.773123529875877
27.892237,1.87155433305434,27.892237,2.815487000049075
27.918222,1.841830430681799,27.918222,2.856537251908438
27.944208,1.809892475918329,27.944208,2.896121973138155
27.970193,1.775842795111648,27.970193,2.934091205833959
27.996178,1.739797297752978,27.996178,2.970315276252543
28.022164,1.701889823082967,28.022164,3.004667046170723
28.048149,1.66225765140528,28.048149,3.037029338337216
28.074134,1.621042047412345,28.074134,3.067304535227383
28.100119,1.578408906563475,28.100119,3.095402444768367
28.126105,1.534510722283059,28.126105,3.121241205881992
28.15209,1.489514476681889,28.15209,3.144760328302525
28.178075,1.443591136259518,28.178075,3.165909463844718
28.204061,1.396912210841241,28.204061,3.184653839661203
28.230046,1.34964649362365,28.230046,3.200973533808176
28.256031,1.301966852746388,28.256031,3.214854782033556
28.282017,1.254043439720399,28.282017,3.226304828680542
28.308002,1.206039976702035,28.308002,3.235347217864541
28.333987,1.158121000836256,28.333987,3.242002958180835
28.359973,1.110441269404705,28.359973,3.246323846683315
28.385958,1.063149200888718,28.385958,3.248358058254271
28.411943,1.016390406586646,28.411943,3.248171516416834
28.437928,0.9702938358074719,28.437928,3.24583376686574
28.463914,0.9249888000773419,28.463914,3.241435363891005
28.489899,0.8805913899960585,28.489899,3.235060341873765
28.515884,0.8372043846827915,28.515884,3.22680649944724
28.54187,0.7949273033022703,28.54187,3.216775981850569
28.567855,0.753842821921281,28.567855,3.205074556494494
28.59384,0.7140235650804179,28.59384,3.191811250744195
28.619826,0.6755424289831449,28.619826,3.177103785176695
28.645811,0.6384412949885953,28.645811,3.161058289419894
28.671796,0.6027726845849792,28.671796,3.143796468439578
28.697782,0.568568427605238,28.697782,3.125429885121046
28.723767,0.5358500306932505,28.723767,3.106069740132441
28.749752,0.504632163644,28.749752,3.085831580747826
28.775738,0.474918991954827,28.775738,3.064821536595101
28.801723,0.4467148169545075,28.801723,3.043148272822286
28.827708,0.4200028860993881,28.827708,3.020911942474142
28.853693,0.3947699784631263,28.853693,2.998208351989507
28.879679,0.3709923009060201,28.879679,2.975137835521721
28.905664,0.348642415478194,28.905664,2.951779718628838
28.931649,0.3276823346549856,28.931649,2.928224374492298
28.957635,0.3080774440590358,28.957635,2.904544970978433
28.98362,0.2897823533524731,28.98362,2.880818479233759
29.009605,0.2727586675163302,29.009605,2.857107743935549
29.035591,0.2569501976136511,29.035591,2.833476334195393
29.061576,0.2423145868752801,29.061576,2.809977133718664
29.087561,0.2287953067856737,29.087561,2.78666356953647
29.113547,0.2163426204010397,29.113547,2.763582005445302
29.139532,0.2049065870304333,29.139532,2.740768119835426
29.165517,0.1944300442782811,29.165517,2.718258315531428
29.191502,0.1848627005557644,29.191502,2.696085192077716
29.217488,0.176150506271029,29.217488,2.674274648001235
29.243473,0.1682498142562864,29.243473,2.652848597440169
29.269458,0.1611026810852115,29.269458,2.63182279684098
29.295444,0.1546651200114284,29.295444,2.611212278215812
29.321429,0.148892963179981,29.321429,2.591032435793968
29.347414,0.1437347757541392,29.347414,2.571284718444088
29.3734,0.1391531814506983,29.3734,2.551980898223874
29.399385,0.1351070573027039,29.399385,2.533122242893387
29.42537,0.1315516015751701,29.42537,2.514710020212687
29.451356,0.1284561163637806,29.451356,2.496738615815792
29.477341,0.1257861570804702,29.477341,2.479212557417204
29.503326,0.1235036569655726,29.503326,2.462126049542361
29.529311,0.1215775106204668,29.529311,2.445469855653682
29.555297,0.1199836758811531,29.555297,2.429241440231046
29.581282,0.1186908209632854,29.581282,2.413431204519712
29.607267,0.1176747112749978,29.607267,2.398029911982097
29.633253,0.1169145872453038,29.633253,2.383034845989501
29.659238,0.116382433640729,29.659238,2.368432785615582
29.685223,0.1160609093147353,29.685223,2.354214313214177
29.711209,0.1159290283106109,29.711209,2.340373271093565
29.737194,0.11596929101181,29.737194,2.326896257218825
29.763179,0.1161677860155286,29.763179,2.313777113898233
29.789165,0.1165069118316445,29.789165,2.30100243909687
29.81515,0.1169689990543181,29.81515,2.288566075123011
29.841135,0.1175471542382218,29.841135,2.276457879896177
29.867121,0.1182200405287701,29.867121,2.264664813598603
29.893106,0.1189806399684868,29.893106,2.25318379738443
29.919091,0.1198183577054397,29.919091,2.242001248110156
29.945076,0.1207224970141205,29.945076,2.231110826975478
29.971062,0.121678772955279,29.971062,2.220506195180096
29.997047,0.1226800317400037,29.997047,2.210169966300326
30.023032,0.123715520046355,30.023032,2.200099242598888
30.049018,0.1247780388082766,30.049018,2.1902875041669
30.075003,0.1258603889597121,30.075003,2.1807208056437
30.100988,0.1269517039858593,30.100988,2.171396430400586
30.126974,0.1280483617151176,30.126974,2.162300433076898
30.152959,0.1291394277169673,30.152959,2.153429553718193
30.178944,0.1302175897324894,30.178944,2.144770209180969
30.20493,0.1312791576743658,30.20493,2.136315517339185
30.230915,0.1323167740065326,30.230915,2.128058596066799
30.2569,0.1333230585543533,30.2569,2.11998930328333
30.282885,0.1342942646340784,30.282885,2.112096953582555
30.308871,0.1352229781132127,30.308871,2.104374845947013
30.334856,0.1361090631603213,30.334856,2.096816098250664
30.360841,0.1369450943236226,30.360841,2.089406402915683
30.386827,0.1377309131331092,30.386827,2.082139058924609
30.412812,0.1384590488598545,30.412812,2.075007003042823
30.438797,0.1391256755851054,30.438797,2.06799936875552
30.464783,0.1397343022876,30.464783,2.06110945504524
30.490768,0.1402810917292988,30.490768,2.05432277322558
30.516753,0.1407658967594806,30.516753,2.04763207895334
30.542739,0.1411848688208196,30.542739,2.041030490102476
30.568724,0.1415415055727677,30.568724,2.034510762329788
30.594709,0.1418356711838899,30.594709,2.028058406948873
30.620694,0.1420671958648924,30.620694,2.021669982896711
30.64668,0.1422396225523722,30.64668,2.015334261441339
30.672665,0.1423528154148942,30.672665,2.009044360456715
30.69865,0.1424103173890554,30.69865,2.002796657771241
30.724636,0.1424157166885977,30.724636,1.996579924652952
30.750621,0.1423725788886905,30.750621,1.990387097867228
30.776606,0.1422808021157577,30.776606,1.984214193025307
30.802592,0.1421514339931813,30.802592,1.978054328001149
30.828577,0.1419880853732758,30.828577,1.971899896234393
30.854562,0.1417906996596099,30.854562,1.965750716616457
30.880548,0.1415666457075338,30.880548,1.959599907021301
30.906533,0.1413195909657933,30.906533,1.953443120843003
30.932518,0.1410569608861697,30.932518,1.947277098127124
30.958504,0.1407824568752676,30.958504,1.941098035593483
30.984489,0.1404998029782639,30.984489,1.934909374305099
31.010474,0.1402202279271207,31.010474,1.928700247747172
31.036459,0.1399437430411245,31.036459,1.922474096982721
31.062445,0.1396741063233108,31.062445,1.916231284228907
31.08843,0.1394226144213594,31.08843,1.909967643988389
31.114415,0.1391893126124153,31.114415,1.903683357369747
31.140401,0.1389780268152317,31.140401,1.897382227653162
31.166386,0.1387925603099894,31.166386,1.891060451558453
31.192371,0.138644300298658,31.192371,1.884725273428821
31.218357,0.1385257986908838,31.218357,1.878369630029645
31.244342,0.1384522346495307,31.244342,1.871996781315366
31.270327,0.1384199407258532,31.270327,1.865614514954924
31.296313,0.1384290301127137,31.296313,1.85921540549654
31.322298,0.1384909466085132,31.322298,1.852810681672175
31.348283,0.1386020454030786,31.348283,1.846396359093067
31.374268,0.1387662542887393,31.374268,1.839972799976378
31.400254,0.1389874784192523,31.400254,1.833547429773889
31.426239,0.1392620729844444,31.426239,1.827120248485599
31.452224,0.1395939657766452,31.452224,1.82069524050027
31.47821,0.1399871072267567,31.47821,1.81426860253772
31.504195,0.1404378412053193,31.504195,1.807851563329912
31.53018,0.1409463035437682,31.53018,1.801436697425065
31.556166,0.1415164673115778,31.556166,1.795031792492119
31.582151,0.142148457020897,31.582151,1.788640651811256
31.608136,0.1428386165422662,31.608136,1.782255487713535
31.634122,0.1435909076258737,31.634122,1.775888253365236
31.660107,0.1444016628229739,31.660107,1.769538586549202
31.686092,0.1452748438837549,31.686092,1.763199061813649
31.712077,0.1462029461214316,31.712077,1.7568812701077
31.738063,0.1471937572049456,31.738063,1.750581589259755
31.764048,0.1482397611282252,31.764048,1.744303822549994
31.790033,0.1493449309607451,31.790033,1.738043985589657
31.816019,0.1505094138532266,31.816019,1.731806424984664
31.842004,0.1517294744412063,31.842004,1.725590778517856
31.867989,0.1530052825139782,31.867989,1.719397408406391
31.893975,0.1543369512644046,31.893975,1.713222692478671
31.91996,0.1557246052046345,31.91996,1.707074056186475
31.945945,0.1571683801661027,31.945945,1.700943892969443
31.971931,0.1586684232995307,31.971931,1.694840352713676
31.997916,0.1602287189936791,31.997916,1.688759451030414
32.023901,0.1618416720074727,32.023901,1.682697384639475
32.049887,0.1635112780489587,32.049887,1.67665813792962
32.075872,0.1652415554647564,32.075872,1.670645514181031
32.101857,0.1670287462518301,32.101857,1.664652087941926
32.127842,0.1688768687567995,32.127842,1.658681843601065
32.153828,0.1707860927689583,32.153828,1.652734600049868
32.179813,0.1727565201618827,32.179813,1.646814522785677
32.205798,0.1747883207248666,32.205798,1.64091382413955
32.231784,0.1768855241238156,32.231784,1.635040653997587
32.257769,0.179052171343922,32.257769,1.629194650142631
32.283754,0.1812845383400085,32.283754,1.623376174791839
32.30974,0.1835827609435105,32.30974,1.617581424665032
32.335725,0.1859548192512355,32.335725,1.611822171819912
32.36171,0.1884008604139049,32.36171,1.606094431867719
32.387696,0.1909132552325847,32.387696,1.600398748134191
32.413681,0.193503900277126,32.413681,1.594742546071111
32.439666,0.1961690262252067,32.439666,1.589122384615458
32.465651,0.1989127532970228,32.465651,1.583546232544754
32.491637,0.2017274296550676,32.491637,1.578010105470237
32.517622,0.204624940549906,32.517622,1.572525956558191
32.543607,0.2075937176709884,32.543607,1.567090163637014
32.569593,0.2106418203501261,32.569593,1.561706529986887
32.595578,0.213765422668566,32.595578,1.556383386602492
32.621563,0.2169647283734606,32.621563,1.551120552375248
32.647549,0.2202359794617743,32.647549,1.545918570630897
32.673534,0.2235832508765576,32.673534,1.540781425758198
32.699519,0.2269988228645868,32.699519,1.535717086534673
32.725505,0.2304828538958693,32.725505,1.530721930788722
32.75149,0.2340354798018402,32.75149,1.525803927297865
32.777475,0.2376489129135578,32.777475,1.520963438279264
32.80346,0.2413233343396023,32.80346,1.516200554287208
32.829446,0.2450588119956912,32.829446,1.511519531373328
32.855431,0.2488475808514555,32.855431,1.506924535034964
32.881416,0.2526857697109969,32.881416,1.502411761991937
32.907402,0.2565734917671779,32.907402,1.497989543238927
32.933387,0.2605068305469552,32.933387,1.493650000552703
32.959372,0.26447793046567,32.959372,1.489397299430606
32.985358,0.2684908664663728,32.985358,1.485235786478557
33.011343,0.272533753298499,33.011343,1.481157674027614
33.037328,0.2766106206279543,33.037328,1.477171111963878
33.063314,0.2807135449543621,33.063314,1.473264418783939
33.089299,0.2848465785822008,33.089299,1.469449819316947
33.115284,0.2889977909837605,33.115284,1.465715360396621
33.14127,0.2931711665478021,33.14127,1.46206149479441
33.167255,0.2973627661627097,33.167255,1.458488222510315
33.19324,0.3015726124670559,33.19324,1.454995905761496
33.219225,0.3057967210720797,33.219225,1.451584635102243
33.245211,0.3100391442822597,33.245211,1.448246713417904
33.271196,0.31429585243169,33.271196,1.444982140708479
33.297181,0.3185628611316098,33.297181,1.441791279191128
33.323167,0.3228442000479248,33.323167,1.438670235031382
33.349152,0.3271439214851134,33.349152,1.435619189337818
33.375137,0.3314539887499365,33.375137,1.432638232664729
33.401123,0.3357825064513507,33.401123,1.429727636674983
33.427108,0.3401253996463052,33.427108,1.42688350753411
33.453093,0.3444827588890901,33.453093,1.42410602635069
33.479079,0.3488626661500893,33.479079,1.421399449176353
33.505064,0.3532610917633971,33.505064,1.418755807233579
33.531049,0.3576780810061585,33.531049,1.41618741590581
33.557034,0.3621177314599969,33.557034,1.413686396969813
33.58302,0.3665760134590063,33.58302,1.411256915922931
33.609005,0.3710570019462376,33.609005,1.408899153873742
33.63499,0.3755647945033143,33.63499,1.406617457428169
33.660976,0.380091354436997,33.660976,1.404415992083551
33.686961,0.3846407114131916,33.686961,1.402290864005417
33.712946,0.3892129786247607,33.712946,1.40025040418845
33.738932,0.3938040358515085,33.738932,1.39829497484981
33.764917,0.3984180485907757,33.764917,1.396424666543786
33.790902,0.4030468669564609,33.790902,1.39464373532201
33.816888,0.4076905362257089,33.816888,1.392956618344692
33.842873,0.4123490111213747,33.842873,1.391367481109173
33.868858,0.4170182619775527,33.868858,1.389872520335272
33.894843,0.4216900936309962,33.894843,1.388480157571962
33.920829,0.4263685810247559,33.920829,1.38718658953906
33.946814,0.4310414540525346,33.946814,1.385996072288199
33.972799,0.435712742380238,33.972799,1.384913042979588
33.998785,0.4403701759015687,33.998785,1.383933607778758
34.02477,0.4450176937281424,34.02477,1.383062113291628
34.050755,0.4496430257536619,34.050755,1.38229874062678
34.076741,0.4542419159264962,34.076741,1.381639867612612
34.102726,0.4588143189695003,34.102726,1.381085494249124
34.128711,0.4633519038879927,34.128711,1.380640057696527
34.154697,0.4678463396872917,34.154697,1.3802955891773
34.180682,0.4722974905359622,34.180682,1.380052269800023
34.206667,0.4767010551052285,34.206667,1.379906296284514
34.232652,0.481048702400409,34.232652,1.379861924682406
34.258638,0.4853361763698727,34.258638,1.379907020718835
34.284623,0.4895590851305539,34.284623,1.380041765502381
34.310608,0.4937173381281625,34.310608,1.380262265198574
34.336594,0.4978065887567777,34.336594,1.380564625972942
34.362579,0.5018184154674278,34.362579,1.380944682328146
34.388564,0.5057567120945836,34.388564,1.381398540429715
34.41455,0.5096130118121286,34.41455,1.381922396997467
34.440535,0.5133829680141416,34.440535,1.382503574430799
34.46652,0.5170746853095796,34.46652,1.383146690998505
34.492506,0.5206796515951806,34.492506,1.3838434157059
34.518491,0.5241976404852197,34.518491,1.384581252060963
34.544476,0.5276284708711168,34.544476,1.385364637223906
34.570462,0.5309719163671469,34.570462,1.386185240200045
34.596447,0.5342277958647301,34.596447,1.387034729994701
34.622432,0.5373958377009962,34.622432,1.387909122219111
34.648417,0.540480071541851,34.648417,1.388799995324304
34.674403,0.5434803162787143,34.674403,1.38970743986457
34.700388,0.5463963455258614,34.700388,1.390627199788279
34.726373,0.5492321436720529,34.726373,1.391546778603408
34.752359,0.5519875748858536,34.752359,1.392466266864247
34.778344,0.5546707890533654,34.778344,1.393381317964875
34.804329,0.5572774848458123,34.804329,1.39428351035632
34.830315,0.5598200682009268,34.830315,1.395172934592873
34.8563,0.5622941925127879,34.8563,1.396041078571272
34.882285,0.5647080982217872,34.882285,1.396887761182937
34.908271,0.5670659508252658,34.908271,1.397708998039106
34.934256,0.5693674786603533,34.934256,1.39850017087099
34.960241,0.5716253593276523,34.960241,1.399257295289827
34.986226,0.5738394117185829,34.986226,1.399980009078458
35.012212,0.5760180573821165,35.012212,1.400668583899752
35.038197,0.5781654165384491,35.038197,1.401309889381656
35.064182,0.5802856094077764,35.064182,1.401916784233355
35.090168,0.5823828920417292,35.090168,1.402476319191373
35.116153,0.5844698967637652,35.116153,1.402996915804685
35.142138,0.586546623573884,35.142138,1.403470061970027
35.168124,0.5886257500726882,35.168124,1.403904088682081
35.194109,0.5907030654856922,35.194109,1.404290393283296
35.220094,0.5927955940194191,35.220094,1.404637487876934
35.24608,0.594903335673869,35.24608,1.404945191354414
35.272065,0.5970305917778176,35.272065,1.405213322607155
35.29805,0.5991902210404476,35.29805,1.405446318795371
35.324035,0.6013822687389039,35.324035,1.40564816430782
35.350021,0.6036111267562523,35.350021,1.405818949698793
35.376006,0.6058853071957545,35.376006,1.405967005962972
35.401991,0.6082135938235422,35.401991,1.406088077048726
35.427977,0.6105917305879847,35.427977,1.406199277716867
35.453962,0.6130327120296993,35.453962,1.406292005309845
35.479947,0.6155323726513454,35.479947,1.406383284034183
35.505933,0.6180994509419097,35.505933,1.406473294998461
35.531918,0.6207383387844578,35.531918,1.406566113145729
35.557903,0.6234449159587941,35.557903,1.40667486884804
35.583889,0.6262322222826812,35.583889,1.406799380996814
35.609874,0.6290917909300022,35.609874,1.406948433358183
35.635859,0.6320281496152582,35.635859,1.407130719143988
35.661845,0.6350413888927392,35.661845,1.407354841011782
35.68783,0.6381359911998009,35.68783,1.407620980070144
35.713815,0.6413035349874718,35.713815,1.407942085582546
35.7398,0.6445528040218838,35.7398,1.40832268526349
35.765786,0.6478752861997749,35.765786,1.408771562879108
35.791771,0.6512668160238043,35.791771,1.40929750219553
35.817756,0.6547318759313281,35.817756,1.409900593767047
35.843742,0.6582619538190846,35.843742,1.410598495680213
35.869727,0.6618528389125878,35.869727,1.411386951883396
35.895712,0.665504621766128,35.895712,1.412274836697019
35.921698,0.6692131368823642,35.921698,1.413271205550082
35.947683,0.6729654349978238,35.947683,1.414380405048508
35.973668,0.6767659532727178,35.973668,1.415611581175588
35.999654,0.6805973505605079,35.999654,1.41696056843398
36.025639,0.6844641092985498,36.025639,1.418440678304318
36.051624,0.688353099114791,36.051624,1.420052182449471
36.077609,0.6922601092347458,36.077609,1.4217954430866
36.103595,0.6961764011694274,36.103595,1.423683771696337
36.12958,0.700093236429849,36.12958,1.425708656175421
36.155565,0.70400626841009,36.155565,1.427879333061433
36.181551,0.7079023214609526,36.181551,1.430195983462954
36.207536,0.711776958422226,36.207536,1.432658879042852
36.233521,0.7156213502506336,36.233521,1.43526847257258
36.259507,0.7194267584571886,36.259507,1.438025035715006
36.285492,0.7231842181671793,36.285492,1.440933096184632
36.311477,0.7268848550601839,36.311477,1.443984413541065
36.337463,0.7305241414217016,36.337463,1.447179168892886
36.363448,0.7340887657710997,36.363448,1.450513287297045
36.389433,0.7375741551167325,36.389433,1.453991477576621
36.415418,0.7409712993067431,36.415418,1.457600881022433
36.441404,0.7442712334664198,36.441404,1.461346115903271
36.467389,0.7474692940498268,36.467389,1.465218579561584
36.493374,0.750556425627962,36.493374,1.469214287608611
36.51936,0.7535236180489691,36.51936,1.47332454683251
36.545345,0.7563705090956876,36.545345,1.477549628896152
36.57133,0.7590836514560502,36.57133,1.481876493981773
36.597316,0.7616627281900418,36.597316,1.486300886037744
36.623301,0.7641029851974362,36.623301,1.490818639566722
36.649286,0.7663998042094429,36.649286,1.495421061356867
36.675272,0.7685482952944007,36.675272,1.500095111590416
36.701257,0.7705481867894396,36.701257,1.504840699713079
36.727242,0.7723903327112678,36.727242,1.509644876461383
36.753228,0.7740787174486461,36.753228,1.514503204675118
36.779213,0.7756087227327837,36.779213,1.519402463427941
36.805198,0.7769843329524412,36.805198,1.52433821555964
36.831183,0.7782008392845378,36.831183,1.529297330698165
36.857169,0.7792623166721241,36.857169,1.534279808843514
36.883154,0.7801684028980403,36.883154,1.539267539137684
36.909139,0.7809233540139171,36.909139,1.544260883797835
36.935125,0.7815267172483045,36.935125,1.549250968503545
36.96111,0.7819827486528331,36.96111,1.554228556717233
36.987095,0.7822999603307649,36.987095,1.559184774118477
37.013081,0.7824736434590186,37.013081,1.564115092992775
37.039066,0.782517018963937,37.039066,1.569019332231549
37.065051,0.7824296340740701,37.065051,1.573884270908455
37.091037,0.7822203631098393,37.091037,1.578709546806333
37.117022,0.7818933715685857,37.117022,1.583486285604762
37.143007,0.781457352662151,37.143007,1.588218652801082
37.168992,0.7809120347276649,37.168992,1.592897774074872
37.194978,0.7802663826398394,37.194978,1.597518940603051
37.220963,0.779528999056226,37.220963,1.602086498991539
37.246948,0.7787043211370356,37.246948,1.606595740417256
37.272934,0.7777965143796091,37.272934,1.611046664880202
37.298919,0.7768146342129482,37.298919,1.615443618986297
37.324904,0.7757629366886837,37.324904,1.619777366197959
37.35089,0.7746457684127364,37.35089,1.624057143052772
37.376875,0.7734675665453173,37.376875,1.628277697401912
37.40286,0.772237205406848,37.40286,1.632443919177043
37.428846,0.7709500667285377,37.428846,1.636560154984083
37.454831,0.7696152059393881,37.454831,1.640626042605874
37.480816,0.7682368790910301,37.480816,1.644646290865495
37.506801,0.7668150861834636,37.506801,1.648616009831287
37.532787,0.7653543549311896,37.532787,1.652548963755332
37.558772,0.7638499765111271,37.558772,1.656440081597389
37.584757,0.7623110063522778,37.584757,1.660294434397698
37.610743,0.7607372633460617,37.610743,1.66411147883052
37.636728,0.7591242650551231,37.636728,1.667900270324857
37.662713,0.7574718756480268,37.662713,1.671656281166208
37.688699,0.7557846228392737,37.688699,1.675388566783574
37.714684,0.7540577978057829,37.714684,1.679092599462454
37.740669,0.7522914005475544,37.740669,1.682772725808769
37.766655,0.7504853405102982,37.766655,1.68642894582252
37.79264,0.7486394818625792,37.79264,1.690061078395127
37.818625,0.7467446786211058,37.818625,1.693673832349669
37.844611,0.7448054132232337,37.844611,1.697262498863067
37.870596,0.7428215498375279,37.870596,1.700831605649821
37.896581,0.7407884249180525,37.896581,1.70437644388685
37.922566,0.7387105661793085,37.922566,1.707897194682735
37.948552,0.7365741188149231,37.948552,1.711388968105814
37.974537,0.7343927565226889,37.974537,1.714860819585089
38.000522,0.7321525339419432,38.000522,1.718299347085638
38.026508,0.7298626423331229,38.026508,1.721708534996221
38.052493,0.727522900587648,38.052493,1.725084217819497
38.078478,0.7251285998824374,38.078478,1.728425852229727
38.104464,0.7226797402174912,38.104464,1.731729091620989
38.130449,0.7201807587530202,38.130449,1.734998282599205
38.156434,0.7176315649347345,38.156434,1.738219660912292
38.18242,0.715032068208344,38.18242,1.74140228198925
38.208405,0.7123867962883497,38.208405,1.74453672818392
38.23439,0.7097002768892522,38.23439,1.747627527210801
38.260375,0.7069678011879709,38.260375,1.750665623640892
38.286361,0.7041939421761515,38.286361,1.753659710686034
38.312346,0.7013832728454399,38.312346,1.756596205202725
38.338331,0.6985402756331921,38.338331,1.759483981511387
38.364317,0.6956649958165529,38.364317,1.762323220720599
38.390302,0.6927572975640875,38.390302,1.765104142967039
38.416287,0.6898264626905226,38.416287,1.767836165896871
38.442273,0.6868678276499223,38.442273,1.770514580687012
38.468258,0.6838905837027233,38.468258,1.773148442766464
38.494243,0.6808946855717807,38.494243,1.775723806774564
38.520229,0.6778802238113846,38.520229,1.778254436963397
38.546214,0.6748516808588906,38.546214,1.780735443401299
38.572199,0.671809147268589,38.572199,1.783171716019933
38.598184,0.6687525777633346,38.598184,1.785562892602138
38.62417,0.6656865906119184,38.62417,1.787913863079575
38.650155,0.6626112310914853,38.650155,1.790219375303423
38.67614,0.6595310721936813,38.67614,1.792484500313924
38.702126,0.6564368773809247,38.702126,1.794708694785336
38.728111,0.6533332649220062,38.728111,1.796897029757902
38.754096,0.6502248530857168,38.754096,1.79904914301446
38.780082,0.6471070236032654,38.780082,1.801165034555012
38.806067,0.6439750223744264,38.806067,1.803244523270976
38.832052,0.6408382217682164,38.832052,1.805287609162353
38.858038,0.6376920035158445,38.858038,1.807299001052225
38.884023,0.634536277063021,38.884023,1.809273809008929
38.910008,0.6313663788638095,38.910008,1.811212033032465
38.935994,0.6281869271870012,38.935994,1.813113673122835
38.961979,0.6249980125868861,38.961979,1.814978548171458
38.987964,0.6217995445091742,38.987964,1.816806477069753
39.013949,0.6185915229538653,39.013949,1.818597459817722
39.039935,0.6153739931981047,39.039935,1.820346787592282
39.06592,0.6121515735106831,39.06592,1.822049570461773
39.091905,0.6089196456228095,39.091905,1.823715226072357
39.117891,0.605687581903501,39.117891,1.825329627954791
39.143876,0.6024601817301285,39.143876,1.826901831538077
39.169861,0.59922793690224,39.169861,1.828422419176052
39.195847,0.5960098638207392,39.195847,1.829895918583219
39.221832,0.5927964542851742,39.221832,1.831322510868156
39.247817,0.589606724696449,39.247817,1.832697124990623
39.273803,0.5864312574084015,39.273803,1.834024469773702
39.299788,0.5832843147217096,39.299788,1.83530454521739
39.325773,0.5801707412908891,39.325773,1.83653698910453
39.351758,0.5770905823930851,39.351758,1.837721982543701
39.377744,0.5740582814375554,39.377744,1.838868762072484
39.403729,0.5710738384243002,39.403729,1.839977508799459
39.429714,0.568146897385206,39.429714,1.841052569330548
39.4557,0.565282438806224,39.4557,1.842103723529073
39.481685,0.5624805079644991,39.481685,1.843130790286452
39.50767,0.5597555935464342,39.50767,1.844143187248849
39.533656,0.5571078766606093,39.533656,1.845150694279585
39.559641,0.5545422925158304,39.559641,1.846157839093161
39.585626,0.5520637763209034,39.585626,1.84718381919906
39.611612,0.5496725091844085,39.611612,1.848228815705864
39.637597,0.5473686722149255,39.637597,1.849311845014474
39.663582,0.5451524465210345,39.663582,1.850437978165133
39.689567,0.5430288578658315,39.689567,1.851626231558744
39.715553,0.5409884433260098,39.715553,1.852886566167209
39.741538,0.5390313387330042,39.741538,1.854233289568351
39.767523,0.5371529710951689,39.767523,1.855676543842652
39.793509,0.535348631589423,39.793509,1.857230636567934
39.819494,0.5336041031922338,39.819494,1.858910418647761
39.845479,0.5319097871488594,39.845479,1.860730559877115
39.871465,0.5302610651905088,39.871465,1.862695950187657
39.89745,0.5286434486307792,39.89745,1.86482162159153
39.923435,0.5270329858599611,39.923435,1.867122062775138
39.949421,0.5254247869463933,39.949421,1.869597998172799
39.975406,0.5237946738946413,39.975406,1.872268806402579
40.001391,0.5221282032954472,40.001391,1.875130140858555
40.027376,0.5203961713902804,40.027376,1.878196671335711
40.053362,0.518588843592964,40.053362,1.881464413445287
40.079347,0.5166769708678222,40.079347,1.884938257118942
40.105332,0.5146409482110663,40.105332,1.888618564573838
40.131318,0.5124514813098755,40.131318,1.892500989204053
40.157303,0.510093673983542,40.157303,1.896576294472005
40.183288,0.5075380508106651,40.183288,1.900844661486275
40.209274,0.5047647804017308,40.209274,1.9052921448862
40.235259,0.5017491867127094,40.235259,1.909908964808458
40.261244,0.498466412590991,40.261244,1.914680994783806
40.28723,0.4948964908156268,40.28723,1.919594289451581
40.313215,0.4910242535430388,40.313215,1.924624218044899
40.3392,0.4868247077891822,40.3392,1.929751583054276
40.365186,0.4822875303649949,40.365186,1.934957368078809
40.391171,0.4773875924549971,40.391171,1.940212052419951
40.417156,0.4721243054563036,40.417156,1.945496438568218
40.443141,0.4664821845853214,40.443141,1.950776115893405
40.469127,0.4604459714441826,40.469127,1.956026996954366
40.495112,0.4540245856304539,40.495112,1.961214127795155
40.521097,0.4472027234691223,40.521097,1.966313420974626
40.547083,0.4399844599032387,40.547083,1.971294993577075
40.573068,0.4323788503618047,40.573068,1.976119545040633
40.599053,0.4243852156876453,40.599053,1.980762082381256
40.625039,0.4160126113097621,40.625039,1.985192903791817
40.651024,0.4072800536290591,40.651024,1.989381945248032
40.677009,0.3981917081428767,40.677009,1.993294433902533
40.702995,0.3887715717380699,40.702995,1.996905376771275
40.72898,0.3790387287312598,40.72898,2.000194127476135
40.754965,0.36901228607764,40.754965,2.003130621992826
40.78095,0.3587212890657339,40.78095,2.005694576160384
40.806936,0.348185025759315,40.806936,2.007865705817847
40.832921,0.3374375672100026,40.832921,2.009623002369928
40.858906,0.3265082077306173,40.858906,2.010956323736147
40.884892,0.3154312221199307,40.884892,2.0118448424298
40.910877,0.3042261248274418,40.910877,2.012287471799406
40.936862,0.2929372648166866,40.936862,2.012268998724243
40.962848,0.2815941854247834,40.962848,2.011783265512588
40.988833,0.2702265884588578,40.988833,2.010834437661784
41.014818,0.2588740914207928,41.014818,2.009421609628929
41.040804,0.2475615741017704,41.040804,2.007544056979704
41.066789,0.2363288577508261,41.066789,2.005215543966191
41.092774,0.2252009579905772,41.092774,2.002435527262651
41.118759,0.2142079388453095,41.118759,1.999217771121165
41.144745,0.2033799096164539,41.144745,1.995576583119557
41.17073,0.1927421123123528,41.17073,1.99153079855015
41.196715,0.1823248147044446,41.196715,1.987084945127445
41.222701,0.1721434110220322,41.222701,1.98227325237307
41.248686,0.1622233017434657,41.248686,1.977104594607445
41.274671,0.1525849747768614,41.274671,1.971608673637696
41.300657,0.1432439488636713,41.300657,1.965799615933066
41.326642,0.1342108188558272,41.326642,1.959706761083521
41.352627,0.125506174535022,41.352627,1.953349849924285
41.378613,0.1171356642250955,41.378613,1.946758222045323
41.404598,0.1091049475691739,41.404598,1.93995161828186
41.430583,0.1014246873349066,41.430583,1.93295955933244
41.456569,0.09410059410220803,41.456569,1.925801786032288
41.482554,0.08712331248099062,41.482554,1.918503291365449
41.508539,0.08050355051604897,41.508539,1.911088524990227
41.534524,0.0742369729207485,41.534524,1.903582842107828
41.56051,0.0683192387488115,41.56051,1.896000912513233
41.586495,0.06274095865229176,41.586495,1.88837261912215
41.61248,0.0575027891497919,41.61248,1.88071335616388
41.638466,0.05259026985312475,41.638466,1.873043045582229
41.664451,0.04799898624065193,41.664451,1.865381971538159
41.690436,0.04371947255924506,41.690436,1.857739913894993
41.716422,0.03973215210333094,41.716422,1.850137337922275
41.742407,0.03603757668811437,41.742407,1.842589637849307
41.768392,0.03261610452212622,41.768392,1.835106593539412
41.794378,0.02945815099973245,41.794378,1.827703961439052
41.820363,0.02654904349612862,41.820363,1.820381560439648
41.846348,0.02387407825847314,41.846348,1.813160036919324
41.872333,0.02142357163737724,41.872333,1.80603957198666
41.898319,0.01918275479410337,41.898319,1.799030307722137
41.924304,0.01714188323809917,41.924304,1.792137677383156
41.950289,0.01528104775975778,41.950289,1.78536711422712
41.976275,0.01359551548251501,41.976275,1.778718618254027
42.00226,0.01207037890637672,42.00226,1.772197622721279
42.028245,0.01069069798840077,42.028245,1.765804489846036
42.054231,0.009446576842581185,42.054231,1.759539400736877
42.080216,0.008333182841143661,42.080216,1.753407607542625
42.106201,0.007330398782596474,42.106201,1.747399149291377
42.132187,0.006438432658824507,42.132187,1.741524711389354
42.158172,0.005642199752258228,42.158172,1.735774151756076
42.184157,0.004931680372198264,42.184157,1.730152722540363
42.210142,0.004301931174101664,42.210142,1.724650824987473
42.236128,0.003742890727401001,42.236128,1.719268459097406
42.262113,0.003249581022239174,42.262113,1.714005805978743
42.288098,0.002817012729472831,42.288098,1.708858156808402
42.314084,0.002435067291511742,42.314084,1.703820621654722
42.340069,0.002098719829579169,42.340069,1.698893200517704
42.366054,0.001808055592049697,42.366054,1.694066113534025
42.39204,0.001552908975549613,42.39204,1.689344612852507
42.418025,0.001328217694598391,42.418025,1.684718556392668
42.44401,0.001134038345627291,42.44401,1.680188125263087
42.469996,0.0009704274366356512,42.469996,1.675748610640683
42.495981,0.0008220285871838836,42.495981,1.671394760376637
42.521966,0.0006991515004656092,42.521966,1.667126755579527
42.547952,0.0005915555828356922,42.547952,1.662939887426273
42.573937,0.0004992689998618771,42.573937,1.658829084876633
42.599922,0.0004223200497597946,42.599922,1.654794166822029
42.625907,0.000355583660382989,42.625907,1.650830605547958
42.651893,0.0002990786235152775,42.651893,1.646938219945841
42.677878,0.0002528237972644201,42.677878,1.643112301192597
42.703863,0.0002116752513762011,42.703863,1.639347416030825
42.729849,0.0001756423927965196,42.729849,1.635643926677685
42.755834,0.0001447346395252652,42.755834,1.632001833133176
42.781819,0.0001189614206163179,42.781819,1.628416426574219
42.807805,9.833216512355755e-05,42.807805,1.624882092634832
42.83379,8.28563021008643e-05,42.83379,1.621404626789576
42.859775,6.736158649740629e-05,42.859775,1.617973524740809
42.885761,5.703282069720135e-05,42.885761,1.614594038637351
42.911746,4.669149203681515e-05,42.911746,1.611256026398722
42.937731,4.152868156685856e-05,42.937731,1.607969811213983
42.963716,3.116536099241108e-05,42.963716,1.604719998853831
42.989702,2.598684280198146e-05,42.989702,1.601517093615908
43.015687,2.080203903621478e-05,43.015687,1.598355843351394
43.041672,2.081460604164249e-05,43.041672,1.595231358128626
43.067658,1.562037874899104e-05,43.067658,1.592148890096427
43.093643,1.562980365762461e-05,43.093643,1.589097753848574
43.119628,1.042615214721399e-05,43.119628,1.586083563751047
43.145614,1.043243564992784e-05,43.145614,1.583106500912428
43.171599,1.043871846176729e-05,43.171599,1.580160950966736
43.197584,5.222500982240573e-06,43.197584,1.57725270938853
43.22357,5.225642388160297e-06,43.22357,1.57437109077159
43.249555,5.228784139517224e-06,43.249555,1.571521528373316
43.27554,5.231925545436948e-06,43.27554,1.568704022193708
43.301525,5.235066951356671e-06,43.301525,1.565913320083945
43.327511,5.238208702713599e-06,43.327511,1.563149603152608
43.353496,5.241350454070525e-06,43.353496,1.560412871399695
43.379481,5.244491859990249e-06,43.379481,1.55770855808261
43.405467,5.247633611347176e-06,43.405467,1.555025977795128
43.431452,5.250775017266899e-06,43.431452,1.552370563794651
43.457437,5.253916423186623e-06,43.457437,1.54974249718976
43.483423,5.25705817454355e-06,43.483423,1.547136525831634
43.509408,5.260199580463274e-06,43.509408,1.544552468611691
43.535393,5.263341331820201e-06,43.535393,1.541995758787334
43.561379,5.266483083177127e-06,43.561379,1.5394560731695
43.587364,5.269624489096851e-06,43.587364,1.536943916055832
43.613349,5.272765895016575e-06,43.613349,1.534454035297508
43.639335,5.275907646373501e-06,43.639335,1.531981178745707
43.66532,5.279049052293226e-06,43.66532,1.52953059854925
43.691305,5.282190803650153e-06,43.691305,1.527102475816718
43.71729,5.285332209569876e-06,43.71729,1.524691558399289
43.743276,5.288473960926803e-06,43.743276,1.522303098445785
43.769261,5.291615366846527e-06,43.769261,1.519931843807384
43.795246,5.294757118203453e-06,43.795246,1.517577975592666
43.821232,5.297898524123178e-06,43.821232,1.515246655396163
43.847217,5.301040275480104e-06,43.847217,1.512927469474522
43.873202,5.304181681399828e-06,43.873202,1.510630922125385
43.899188,5.307323432756755e-06,43.899188,1.508351942308512
43.925173,5.310464838676479e-06,43.925173,1.506090348915322
43.951158,5.313606590033405e-06,43.951158,1.503840980351285
43.977144,5.31674799595313e-06,43.977144,1.501609179319511
44.003129,5.319889747310056e-06,44.003129,1.49939494582
44.029114,5.32303115322978e-06,44.029114,1.497198370407043
44.055099,5.326172559149504e-06,44.055099,1.495019362526349
44.081085,5.32931431050643e-06,44.081085,1.492847508434567
44.10707,5.332455716426154e-06,44.10707,1.490698745686739
44.133055,5.335597467783081e-06,44.133055,1.488562298322353
44.159041,5.338739219140007e-06,44.159041,1.486438438004281
44.185026,5.341880625059732e-06,44.185026,1.48432698362394
44.211011,1.069004406195891e-05,44.211011,1.482233458993023
44.236997,1.069632756467276e-05,44.236997,1.480152430854128
44.262982,1.070261037651221e-05,44.262982,1.478089423018947
44.288967,1.070889387922607e-05,44.288967,1.476033568972677
44.314953,1.071517669106551e-05,44.314953,1.473995825784411
44.340938,1.072146019377937e-05,44.340938,1.471965326939346
44.366923,1.072774300561882e-05,44.366923,1.469952938952285
44.392908,1.073402650833267e-05,44.392908,1.467953228565826
44.418894,1.074030932017212e-05,44.418894,1.465960943631148
44.444879,1.074659282288597e-05,44.444879,1.463986860108765
44.470864,1.075287563472542e-05,44.470864,1.462020111483872
44.49685,1.075915913743927e-05,44.49685,1.460066312122452
44.522835,1.076544194927872e-05,44.522835,1.458125280915925
44.54882,1.077172545199257e-05,44.54882,1.456191856269759
44.574806,1.077800826383202e-05,44.574806,1.454276633035886
44.600791,1.078429176654587e-05,44.600791,1.452369106916665
44.626776,1.079057457838532e-05,44.626776,1.450469006249226
44.652762,1.079685808109917e-05,44.652762,1.44858746921124
44.678747,1.080314089293862e-05,44.678747,1.446713448179326
44.704732,1.080942370477807e-05,44.704732,1.444847033707773
44.730718,1.081570720749192e-05,44.730718,1.442993840162562
44.756703,1.082199071020578e-05,44.756703,1.441148253177713
44.782688,1.082827352204522e-05,44.782688,1.439315796564917
44.808673,1.083455633388467e-05,44.808673,1.437491037066772
44.834659,1.084083983659853e-05,44.834659,1.43567949849497
44.860644,1.084712264843797e-05,44.860644,1.433875747592109
44.886629,1.085340615115183e-05,44.886629,1.43207978435819
44.912615,1.085968896299127e-05,44.912615,1.430297132604903
44.9386,1.086597246570513e-05,44.9386,1.428522177966268
44.964585,1.087225527754458e-05,44.964585,1.426755192105155
44.990571,1.087853878025843e-05,44.990571,1.424996084467272
45.016556,1.088482159209788e-05,45.016556,1.423250288310023
45.042541,1.089110509481173e-05,45.042541,1.421512460930295
45.068527,1.089738790665118e-05,45.068527,1.419782602328089
45.094512,1.090367140936503e-05,45.094512,1.418060621949114
45.120497,1.090995422120448e-05,45.120497,1.416346610347661
45.146482,1.091623772391833e-05,45.146482,1.414640658078019
45.172468,1.092252053575778e-05,45.172468,1.41294819839759
45.198453,1.092880403847163e-05,45.198453,1.411258274237281
45.224438,1.093508685031108e-05,45.224438,1.409581933220475
45.250424,1.094137035302493e-05,45.250424,1.40790812772379
45.276409,1.094765316486438e-05,45.276409,1.406247905370607
45.302394,1.095393597670383e-05,45.302394,1.404590399646124
45.32838,1.096021947941768e-05,45.32838,1.402940953253454
45.354365,1.096650298213154e-05,45.354365,1.401305180558576
45.38035,1.097278579397099e-05,45.38035,1.399672124492398
45.406336,1.097906929668484e-05,45.406336,1.398047218312322
45.432321,1.098535210852429e-05,45.432321,1.396430462018348
45.458306,1.099163492036373e-05,45.458306,1.394822036719055
45.484291,1.099791842307759e-05,45.484291,1.393221761305864
45.510277,1.100420123491704e-05,45.510277,1.391624383629953
45.536262,1.101048473763089e-05,45.536262,1.390035155840144
45.562247,1.101676754947034e-05,45.562247,1.388454259045017
45.588233,1.102305105218419e-05,45.588233,1.386881693244571
45.614218,1.102933386402364e-05,45.614218,1.385317458438807
45.640203,1.103561736673749e-05,45.640203,1.383756030816033
45.666189,1.104190017857694e-05,45.666189,1.382203024742231
45.692174,1.104818368129079e-05,45.692174,1.380658349663111
45.718159,1.105446649313024e-05,45.718159,1.379116572321271
45.744145,1.106074999584409e-05,45.744145,1.377583216528403
45.77013,1.106703280768354e-05,45.77013,1.376058282284506
45.796115,1.10733163103974e-05,45.796115,1.37453624577789
45.8221,1.107959912223684e-05,45.8221,1.373022721374536
45.848086,1.10858826249507e-05,45.848086,1.371517618520153
45.874071,1.109216543679014e-05,45.874071,1.370015503957341
45.900056,1.109844824862959e-05,45.900056,1.3685163776861
45.926042,1.110473175134344e-05,45.926042,1.367031377884101
45.952027,1.11110152540573e-05,45.952027,1.365549275819383
45.978012,1.111729806589675e-05,45.978012,1.364070252600525
46.003998,1.11235815686106e-05,46.003998,1.362599741484929
46.029983,1.112986438045005e-05,46.029983,1.361137923581175
46.055968,1.113614719228949e-05,46.055968,1.359679093968991
46.081954,1.114243069500335e-05,46.081954,1.358223343202668
46.107939,1.11487135068428e-05,46.107939,1.356776195093897
46.133924,1.115499700955665e-05,46.133924,1.355332125830986
46.15991,1.11612805122705e-05,46.15991,1.353896749779917
46.185895,1.116756332410995e-05,46.185895,1.352464543128998
46.21188,1.11738461359494e-05,46.21188,1.351040939135631
46.237865,1.118012963866325e-05,46.237865,1.349620504542415
46.263851,1.11864124505027e-05,46.263851,1.348208853715331
46.289836,1.119269595321655e-05,46.289836,1.346800281734107
46.315821,1.1198978765056e-05,46.315821,1.345394879153033
46.341807,1.120526226776985e-05,46.341807,1.343998350892382
46.367792,1.12115450796093e-05,46.367792,1.342604992031881
46.393777,1.121782858232316e-05,46.393777,1.341220416937512
46.419763,1.12241113941626e-05,46.419763,1.339833396877312
46.445748,5.615197448438229e-06,46.445748,1.338460865503515
46.471733,5.618338854357952e-06,46.471733,1.337085979718178
46.497719,5.621480605714879e-06,46.497719,1.335719968253262
46.523704,5.624622011634603e-06,46.523704,1.334357216742787
46.549689,5.627763762991529e-06,46.549689,1.332997725186753
46.575674,5.630905168911253e-06,46.575674,1.33164710795114
46.60166,5.634046920268181e-06,46.60166,1.330299841224258
46.627645,5.637188326187904e-06,46.627645,1.328955834451817
46.65363,5.640329732107628e-06,46.65363,1.327620883108377
46.679616,5.643471483464555e-06,46.679616,1.326283486799107
46.705601,5.646612889384278e-06,46.705601,1.324955145918839
46.731586,5.649754640741205e-06,46.731586,1.323630155547301
46.757572,5.652896392098131e-06,46.757572,1.322314220604765
46.783557,5.656037798017856e-06,46.783557,1.320995931250689
46.809542,5.65917920393758e-06,46.809542,1.319686697325614
46.835528,5.662320955294506e-06,46.835528,1.31838081390927
46.861513,5.66546236121423e-06,46.861513,1.317084076476218
46.887498,5.668604112571157e-06,46.887498,1.315784984631625
46.913483,5.671745518490881e-06,46.913483,1.314495129324615
46.939469,5.674887269847808e-06,46.939469,1.313202919606063
46.965454,5.678028675767532e-06,46.965454,1.311919855870804
46.991439,5.681170427124458e-06,46.991439,1.310640323752855
47.017425,5.684311833044182e-06,47.017425,1.309364232697927
47.04341,5.687453584401109e-06,47.04341,1.308097197072001
47.069395,5.690594990320833e-06,47.069395,1.306828078697404
47.095381,5.69373674167776e-06,47.095381,1.305568106306099
47.121366,5.696878147597484e-06,47.121366,1.304305960611833
47.147351,5.700019553517207e-06,47.147351,1.30305305145515
47.173337,5.703161304874134e-06,47.173337,1.301803583361487
47.199322,5.70630305623106e-06,47.199322,1.300557737439424
47.225307,5.709444462150784e-06,47.225307,1.299315423134673
47.251293,5.712586213507712e-06,47.251293,1.298076640447232
47.277278,5.715727619427435e-06,47.277278,1.296841479931392
47.303263,5.718869025347159e-06,47.303263,1.295615555953133
47.329248,5.722010776704086e-06,47.329248,1.294387458671915
47.355234,5.725152528061012e-06,47.355234,1.293163074116586
47.381219,5.728293933980736e-06,47.381219,1.29194792609884
47.407204,5.731435339900461e-06,47.407204,1.290730695332424
47.43319,5.734577091257387e-06,47.43319,1.289517177291897
47.459175,5.737718497177111e-06,47.459175,1.288312895788953
47.48516,5.740860248534038e-06,47.48516,1.287106622091629
47.511146,5.744001654453761e-06,47.511146,1.285909675486176
47.537131,5.747143405810688e-06,47.537131,1.284710646132053
47.563116,5.750284811730412e-06,47.563116,1.283521124978382
47.589102,5.753426563087339e-06,47.589102,1.28232943052175
47.615087,5.756567969007063e-06,47.615087,1.28114724426557
47.641072,5.759709720363989e-06,47.641072,1.27996297526072
47.667057,5.762851126283713e-06,47.667057,1.278788214456321
47.693043,5.76599287764064e-06,47.693043,1.277611370903252
47.719028,5.769134283560364e-06,47.719028,1.276438240076074
47.745013,5.772275689480088e-06,47.745013,1.275274708003638
47.770999,5.775417440837015e-06,47.770999,1.274109093182531
47.796984,5.778559192193941e-06,47.796984,1.272947191087315
47.822969,5.781700598113665e-06,47.822969,1.27178909227228
47.848955,5.784842349470591e-06,47.848955,1.270634796737426
47.87494,5.787983755390315e-06,47.87494,1.269484304482752
47.900925,5.79112516131004e-06,47.900925,1.268337524953969
47.926911,5.794266912666966e-06,47.926911,1.267194639259657
47.952896,5.79740831858669e-06,47.952896,1.266055466291235
47.978881,5.800549724506414e-06,47.978881,1.264920187157284
48.004866,5.803691821300543e-06,48.004866,1.263782825274663
48.030852,5.806833227220267e-06,48.030852,1.262655243255364
48.056837,5.809974633139992e-06,48.056837,1.261525669041684
48.082822,5.813116039059716e-06,48.082822,1.260399898108185
48.108808,5.816258135853845e-06,48.108808,1.259278021009157
48.134793,5.819399541773569e-06,48.134793,1.25815994719031
48.160778,5.822540947693292e-06,48.160778,1.257045857760223
48.186764,5.825682353613017e-06,48.186764,1.255935662164607
48.212749,5.828824450407145e-06,48.212749,1.254829269849172
48.238734,5.83196585632687e-06,48.238734,1.253720975893647
48.26472,5.835107262246594e-06,48.26472,1.252616666326882
48.290705,5.838248668166318e-06,48.290705,1.251522046069149
48.31669,5.841390764960447e-06,48.31669,1.250425524171326
48.342676,5.844532170880171e-06,48.342676,1.249327191187702
48.368661,5.847673576799895e-06,48.368661,1.248238547513111
48.394646,5.850814982719619e-06,48.394646,1.24715388822728
48.420631,5.853956388639343e-06,48.420631,1.246067327301358
48.446617,5.857098485433472e-06,48.446617,1.244984841318488
48.472602,5.860239891353196e-06,48.472602,1.243906249170088
48.498587,5.86338129727292e-06,48.498587,1.242831641410449
48.524573,5.866523394067049e-06,48.524573,1.241761108593861
48.550558,5.869664799986773e-06,48.550558,1.240688583582892
48.576543,5.872806205906497e-06,48.576543,1.239620133514975
48.602529,5.875947611826221e-06,48.602529,1.238555758390108
48.628514,5.879089017745945e-06,48.628514,1.237495367654001
48.654499,5.882231114540074e-06,48.654499,1.236439051860946
48.680485,5.885372520459798e-06,48.680485,1.23538092498209
48.70647,5.888513926379523e-06,48.70647,1.234326782491995
48.732455,5.891655332299247e-06,48.732455,1.233276714944951
48.75844,5.894797429093376e-06,48.75844,1.232230722340958
48.784426,5.8979388350131e-06,48.784426,1.231182918651164
48.810411,5.901080240932823e-06,48.810411,1.230145075933272
48.836396,5.904221646852548e-06,48.836396,1.22910551268387
48.862382,5.907363743646676e-06,48.862382,1.228064047794377
48.888367,5.910505149566401e-06,48.888367,1.227032634431077
48.914352,5.913646555486125e-06,48.914352,1.225999500536266
48.940338,5.916787961405849e-06,48.940338,1.224970441584506
48.966323,5.919930058199978e-06,48.966323,1.223945457575796
48.992308,5.923071464119702e-06,48.992308,1.222918753035577
49.018294,5.926212870039426e-06,49.018294,1.221902190575839
49.044279,5.92935427595915e-06,49.044279,1.220883726476011
49.070264,5.932496372753279e-06,49.070264,1.219863541844673
49.096249,5.935637778673003e-06,49.096249,1.218853499293816
49.122235,5.938779184592727e-06,49.122235,1.21784173621145
49.14822,5.941920590512451e-06,49.14822,1.216834048072134
49.174205,5.945061996432176e-06,49.174205,1.215824729955597
49.200191,5.948204093226304e-06,49.200191,1.214825463365253
49.226176,5.951345499146029e-06,49.226176,1.213824476243399
49.252161,5.954486905065752e-06,49.252161,1.212821859144323
49.278147,5.957629001859882e-06,49.278147,1.21182929357144
49.304132,5.960770407779605e-06,49.304132,1.210835098021337
49.330117,5.963911813699329e-06,49.330117,1.209839091385433
49.356103,5.967053219619054e-06,49.356103,1.208853407938592
49.382088,5.970194625538778e-06,49.382088,1.20786591340595
49.408073,5.973336722332907e-06,49.408073,1.206882765479228
49.434059,5.976478128252631e-06,49.434059,1.205897897020997
49.460044,5.979619534172354e-06,49.460044,1.204923261197538
49.486029,0,49.486029,1.203946904842568
49.512014,0,49.512014,1.202968918510377
49.538,0,49.538,1.201995188229818
49.563985,0,49.563985,1.20102580455518
49.58997,0,49.58997,1.200060676932172
49.615956,0,49.615956,1.199094009886234
49.641941,0,49.641941,1.198131508337637
49.667926,0,49.667926,1.197167467366109
49.693912,0,49.693912,1.196207682446213
49.719897,0,49.719897,1.195252334686527
49.745882,0,49.745882,1.194301242978472
49.771868,0,49.771868,1.193348611847487
49.797853,0,49.797853,1.192394260184991
49.823838,0,49.823838,1.191450322265847
49.849823,0,49.849823,1.190504754369484
49.875809,0,49.875809,1.1895575564959
49.901794,0,49.901794,1.188620772365667
49.927779,0,49.927779,1.187682448812505
49.953765,0,49.953765,1.186742404727832
49.97975,0,49.97975,1.18580688835766
50.005735,0,50.005735,1.184875718593409
50.031721,0,50.031721,1.183942918851938
50.057706,0,50.057706,1.183014646824967
50.083691,0,50.083691,1.182090721403918
50.109677,0,50.109677,1.181165347114228
50.135662,0,50.135662,1.180244319430458
50.161647,0,50.161647,1.179321752323759
50.187632,0,50.187632,1.17840362237727
50.213618,0,50.213618,1.177490020145283
50.239603,0,50.239603,1.176574787936075
50.265588,0,50.265588,1.175664083441368
50.291574,0,50.291574,1.17475183952373
50.317559,0,50.317559,1.173844123320594
50.343544,0,50.343544,1.172940844277668
50.36953,0,50.36953,1.172036116366102
50.395515,0,50.395515,1.171129758477316
50.4215,0,50.4215,1.170233995440462
50.447486,0,50.447486,1.169336783534968
50.473471,0,50.473471,1.168437941652253
50.499456,0,50.499456,1.167543718038329
50.525442,0,50.525442,1.166654022138906
50.551427,0,50.551427,1.165762786816552
50.577412,0,50.577412,1.164870102625559
50.603397,0,50.603397,1.163988013286497
50.629383,0,50.629383,1.163098317387074
50.655368,0,50.655368,1.162219397448163
50.681353,0,50.681353,1.161338938086322
50.707339,0,50.707339,1.160456939301551
50.733324,0,50.733324,1.15957955878557
50.759309,0,50.759309,1.15870679653838
50.785295,0,50.785295,1.15783258542255
50.81128,0,50.81128,1.156962992575511
50.837265,0,50.837265,1.156091860305542
50.863251,0,50.863251,1.155225436858653
50.889236,0,50.889236,1.154357473988834
50.915221,0,50.915221,1.153494219942097
50.941206,0,50.941206,1.152629426472429
50.967192,0,50.967192,1.151769432380131
50.993177,0,50.993177,1.150907898864904
51.019162,0,51.019162,1.150050983618467
51.045148,0,51.045148,1.149198867749401
51.071133,0,51.071133,1.148345212457405
51.097118,0,51.097118,1.147490108296769
51.123104,0,51.123104,1.146639803513504
51.149089,0,51.149089,1.145794116999029
51.175074,0,51.175074,1.144947072170205
51.20106,0,51.20106,1.14409848791845
51.227045,0,51.227045,1.143254703044066
51.25303,0,51.25303,1.142415626992762
51.279015,0,51.279015,1.141575192627109
51.305001,0,51.305001,1.140739467084536
51.330986,0,51.330986,1.139902292673324
51.356971,0,51.356971,1.139063669393471
51.382957,0,51.382957,1.138236093737
51.408942,0,51.408942,1.137400911520167
51.434927,0,51.434927,1.136570438126416
51.460913,0,51.460913,1.135744854664325
51.486898,0,51.486898,1.134917731779304
51.512883,0,51.512883,1.134089250579933
51.538869,0,51.538869,1.133271907558234
51.564854,0,51.564854,1.132446867421884
51.590839,0,51.590839,1.131626626662904
51.616824,0,51.616824,1.130811185281296
51.64281,0,51.64281,1.129994476139627
51.668795,0,51.668795,1.129176227575028
51.69478,0,51.69478,1.12836295949638
51.720766,0,51.720766,1.127548242549091
51.746751,0,51.746751,1.126738415533464
51.772736,0,51.772736,1.125933387895207
51.798722,0,51.798722,1.12512709249689
51.824707,0,51.824707,1.124319348229933
51.850692,0,51.850692,1.123516584448927
51.876678,0,51.876678,1.122712371799281
51.902663,0,51.902663,1.121913049081295
51.928648,0,51.928648,1.12111245860325
51.954634,0,51.954634,1.120310419256564
