0.01,0.005488974111539135,0.01,-0.02826825630961481
0.035989,0.02037861050334357,0.035989,-0.08739044763654256
0.061977,0.03613603466975758,0.061977,-0.1389141068057655
0.087966,0.05271473672475395,0.087966,-0.1862381183475556
0.113955,0.0700599865043925,0.113955,-0.2304896454676207
0.139944,0.08811164464081531,0.139944,-0.2722229483365861
0.165932,0.1068033744569413,0.165932,-0.3117563026452911
0.191921,0.1260657887280446,0.191921,-0.3492966928621437
0.21791,0.1458232293448153,0.21791,-0.3849806069407727
0.243898,0.1659963367913394,0.243898,-0.4189065000329999
0.269887,0.1865046875387949,0.269887,-0.4511548749026509
0.295876,0.2072635567295842,0.295876,-0.4817872179126476
0.321865,0.2281872120896329,0.321865,-0.5108588577341908
0.347853,0.2491884271990818,0.347853,-0.5384195539496452
0.373842,0.2701820357481692,0.373842,-0.5645224619272512
0.399831,0.2910812414499132,0.399831,-0.5892168884779232
0.425819,0.3118005384159647,0.425819,-0.6125539514983763
0.451808,0.3322587673638955,0.451808,-0.6345921490599618
0.477797,0.3523750859512923,0.477797,-0.6553889831368409
0.503786,0.3720728399716552,0.503786,-0.6750071625748508
0.529774,0.3912783861486274,0.529774,-0.6935121128485293
0.555763,0.4099249633318934,0.555763,-0.7109770018242104
0.581752,0.4279486175541282,0.581752,-0.7274751784768086
0.6077399999999999,0.4452907149125455,0.6077399999999999,-0.7430832970128238
0.633729,0.4619006808361705,0.633729,-0.7578852559819572
0.659718,0.4777325137456741,0.659718,-0.7719641842224449
0.685706,0.4927463244763037,0.685706,-0.7854060630326588
0.711695,0.5069113245694532,0.711695,-0.7983021711369366
0.737684,0.5202022493782077,0.737684,-0.8107418856195256
0.763673,0.5326011691531438,0.763673,-0.8228170285305038
0.7896609999999999,0.5440970815480243,0.7896609999999999,-0.8346188785942087
0.81565,0.5546885829713539,0.81565,-0.8462417933808388
0.841639,0.5643797936433285,0.841639,-0.8577765988432819
0.867627,0.5731820781273451,0.867627,-0.8693124004029151
0.893616,0.581116309187253,0.893616,-0.8809401145669162
0.919605,0.588208158964272,0.919605,-0.8927452245850619
0.945594,0.5944914042085788,0.945594,-0.9048114026213282
0.9715819999999999,0.6000054360363312,0.9715819999999999,-0.9172176120166107
0.997571,0.6047982482212381,0.997571,-0.9300418200146144
1.02356,0.608921592540045,1.02356,-0.9433547495158433
1.049548,0.6124330615212028,1.049548,-0.95722250515201
1.075537,0.6153971750963492,1.075537,-0.9717084749261269
1.101526,0.6178812603801123,1.101526,-0.9868672630750747
1.127515,0.619957398587346,1.127515,-1.002748493349783
1.153503,0.62170070450162,1.153503,-1.01939463571227
1.179492,0.6231908206210047,1.179492,-1.036843994627213
1.205481,0.6245080686007458,1.205481,-1.055125366358838
1.231469,0.6257344453504543,1.231469,-1.074261027262489
1.257458,0.6269548455170216,1.257458,-1.09426836376185
1.283447,0.628252850710134,1.283447,-1.115155072971571
1.309436,0.6297124047566379,1.309436,-1.136922875423164
1.335424,0.6314160478918842,1.335424,-1.159565703979197
1.361413,0.6334463203512239,1.361413,-1.183072963787738
1.387402,0.6358820043669726,1.387402,-1.207425366785014
1.41339,0.6387997541456299,1.41339,-1.232597104998369
1.439379,0.6422744128078957,1.439379,-1.258558838837837
1.465368,0.646374937445618,1.465368,-1.285273259935932
1.491357,0.651167568521945,1.491357,-1.312698351102085
1.517345,0.6567128415797534,1.517345,-1.340786752442617
1.543334,0.6630677605446091,1.543334,-1.369489564640919
1.569323,0.6702833527589372,1.569323,-1.398750825145759
1.595311,0.6784047595363115,1.595311,-1.428512216994366
1.6213,0.6874725491986599,1.6213,-1.458714517681069
1.647289,0.6975204532190137,1.647289,-1.489294158094276
1.673278,0.7085761359329736,1.673278,-1.520187206905233
1.699266,0.7206621453587538,1.699266,-1.551327016156489
1.725255,0.7337955962571677,1.725255,-1.58264974507358
1.751244,0.7479866759858423,1.751244,-1.614088564590473
1.777232,0.7632399122592785,1.777232,-1.645577188966876
1.803221,0.7795558031260712,1.803221,-1.677053316851257
1.82921,0.7969286436659495,1.82921,-1.708453379132023
1.855198,0.8153480201355613,1.855198,-1.739715798891962
1.881187,0.8347995344027939,1.881187,-1.770783526928364
1.907176,0.8552643511753234,1.907176,-1.801599876255676
1.933165,0.8767191980006155,1.933165,-1.83211160095137
1.959153,0.8991377235802749,1.959153,-1.862267447287294
1.985142,0.9224920371929763,1.985142,-1.8920234058785
2.011131,0.9467499920657635,2.011131,-1.92133456179714
2.037119,0.9718770870141397,2.037119,-1.950160165612705
2.063108,0.9978388208536082,2.063108,-1.97846635002073
2.089097,1.024598609651002,2.089097,-2.006219428825326
2.115086,1.052118058387353,2.115086,-2.03339024354511
2.141074,1.080359043706565,2.141074,-2.059952352327395
2.167063,1.109283351698249,2.167063,-2.085885289902638
2.193052,1.13885240623486,2.193052,-2.111168953218455
2.21904,1.169027902851717,2.21904,-2.135786318068322
2.245029,1.199771808747016,2.245029,-2.159726155720277
2.271018,1.231048083313328,2.271018,-2.182976513008038
2.297007,1.262820052063196,2.297007,-2.205527428959703
2.322995,1.295036099051311,2.322995,-2.227381076878233
2.348984,1.327699484232112,2.348984,-2.248534377917767
2.374973,1.36075560336872,2.374973,-2.268975378912022
2.400961,1.394175297979749,2.400961,-2.288705890946798
2.42695,1.427928413486623,2.42695,-2.307728449542217
2.452939,1.461982440899225,2.452939,-2.326046314652719
2.478928,1.496313926656441,2.478928,-2.343663108449905
2.504916,1.530893259505435,2.504916,-2.360582271996795
2.530905,1.565694540919262,2.530905,-2.376812317396651
2.556894,1.600695585096869,2.556894,-2.392360126775515
2.582882,1.63587502122581,2.582882,-2.407229865630726
2.608871,1.67120713188772,2.608871,-2.421430408282708
2.63486,1.706668191858616,2.63486,-2.43497026683472
2.660849,1.742234294805932,2.660849,-2.447860670018727
2.686837,1.777889322066046,2.686837,-2.460111759915209
2.712826,1.813611359500772,2.712826,-2.47173657634193
2.738815,1.849382658469268,2.738815,-2.482747072465171
2.764803,1.88518329702773,2.764803,-2.493155563668375
2.790792,1.920997699838274,2.790792,-2.502978530832325
2.816781,1.956807212717158,2.816781,-2.512231005969165
2.84277,1.992600606932418,2.84277,-2.520929288851096
2.868758,2.028358141648831,2.868758,-2.529090403684643
2.894747,2.064072391414616,2.894747,-2.53673590239083
2.920736,2.09972995419485,2.920736,-2.54388407693624
2.946724,2.135322317886271,2.946724,-2.550554487047517
2.972713,2.170841151494198,2.972713,-2.556772487925866
2.998702,2.20628428171567,2.998702,-2.562560355926632
3.02469,2.241649173030567,3.02469,-2.567939280753678
3.050679,2.276934557678829,3.050679,-2.572935160933949
3.076668,2.312151483283837,3.076668,-2.57756936727989
3.102657,2.347297414325472,3.102657,-2.581864538364005
3.128645,2.382386115055815,3.128645,-2.585842769433059
3.154634,2.417429719749729,3.154634,-2.589525793516655
3.180623,2.452439638247757,3.180623,-2.592934619210078
3.206611,2.487439052448143,3.206611,-2.596086632937011
3.2326,2.522447159860371,3.2326,-2.598999945555458
3.258589,2.557487866817005,3.258589,-2.60168777799176
3.284578,2.592588882930791,3.284578,-2.604160815652141
3.310566,2.627777555597314,3.310566,-2.606426302879802
3.336555,2.663085397709499,3.336555,-2.608491665126523
3.362544,2.698547725440455,3.362544,-2.610355091306506
3.388532,2.734193697271567,3.388532,-2.612012234813828
3.414521,2.770061164896062,3.414521,-2.613457300173929
3.44051,2.806182365641186,3.44051,-2.614676704243306
3.466499,2.842592434571466,3.466499,-2.615653422815436
3.492487,2.879324333448469,3.492487,-2.616364636209234
3.518476,2.91640957516512,3.518476,-2.616785351440656
3.544465,2.953877861528547,3.544465,-2.616883331182455
3.570453,2.991754366631372,3.570453,-2.616622353718624
3.596442,3.030064989000542,3.596442,-2.615964205138776
3.622431,3.068826933951159,3.622431,-2.614863427189322
3.64842,3.108054690169627,3.64842,-2.613272931639453
3.674408,3.147756950867788,3.674408,-2.611142008086758
3.700397,3.187940235954522,3.700397,-2.608419040585929
3.726386,3.228602009909709,3.726386,-2.605047885477154
3.752374,3.269733217304347,3.752374,-2.600971493557721
3.778363,3.311321904972155,3.778363,-2.59613426449356
3.804352,3.353344528797726,3.804352,-2.59047751910474
3.830341,3.395774284711217,3.830341,-2.58394565705719
3.856329,3.43857567543094,3.856329,-2.576481991365358
3.882318,3.481709581503608,3.882318,-2.568035449409676
3.908307,3.525126379178291,3.908307,-2.558555320787733
3.934295,3.568771735880978,3.934295,-2.547993973942979
3.960284,3.612586610214578,3.960284,-2.536311927204967
3.986273,3.656504716438798,3.986273,-2.52347060444615
4.012262,3.700455422207425,4.012262,-2.509440122750822
4.03825,3.744363748568323,4.03825,-2.494195489134937
4.064239,3.788151818832078,4.064239,-2.477719860500553
4.090228,3.831739220789154,4.090228,-2.460001645898548
4.116216,3.875040108972614,4.116216,-2.441038128700221
4.142205,3.917972622304283,4.142205,-2.420835104380132
4.168194,3.960450190882903,4.168194,-2.399405612756045
4.194182,4.002387331458698,4.194182,-2.376771386857563
4.220171,4.043703269604972,4.220171,-2.352963215143293
4.24616,4.08431795532935,4.24616,-2.328018768197883
4.272149,4.124153511942416,4.272149,-2.30198531536072
4.298137,4.163137858229318,4.298137,-2.274913929251376
4.324126,4.2012043462326,4.324126,-2.246867997872863
4.350115,4.238293572338012,4.350115,-2.217914169182632
4.376103,4.274347581799943,4.376103,-2.188125973264179
4.402092,4.309325806296465,4.402092,-2.157584546761361
4.428081,4.34318948859145,4.428081,-2.126371569643771
4.45407,4.375907115791972,4.45407,-2.094574336246988
4.480058,4.407461301474348,4.480058,-2.062282676426708
4.506047,4.437843352426736,4.506047,-2.029588412233011
4.532036,4.467054355300617,4.532036,-1.996583909041713
4.558024,4.495101916656351,4.558024,-1.963360445577152
4.584013,4.522009580609343,4.584013,-1.930009300563666
4.610002,4.5478081356182,4.610002,-1.896617225011093
4.635991,4.572535614484728,4.635991,-1.863268434409148
4.661979,4.596242727611338,4.661979,-1.830043340967367
4.687968,4.618989603046601,4.687968,-1.797014569226345
4.713957,4.64084035322785,4.713957,-1.764249672686433
4.739945,4.661868508238579,4.739945,-1.731806968310404
4.765934,4.682155929156965,4.765934,-1.699739339803629
4.791923,4.701787737015622,4.791923,-1.668088623248094
4.817912,4.72085484832173,4.817912,-1.636887055971046
4.8439,4.739449628451106,4.8439,-1.606156189893511
4.869889,4.757668789385489,4.869889,-1.575909064833249
4.895878,4.775609043106617,4.895878,-1.546146948550321
4.921866,4.79336601494475,4.921866,-1.516859155638506
4.947855,4.811036416881627,4.947855,-1.488027031914059
4.973844,4.828713338727384,4.973844,-1.459617796723995
4.999833,4.84648190151464,4.999833,-1.431591062854965
5.025821,4.864426864058848,5.025821,-1.403895214361659
5.05181,4.882627914135228,5.05181,-1.376470123195506
5.077799,4.901151337484071,5.077799,-1.349246334216062
5.103787,4.920060159891227,5.103787,-1.322147329048263
5.129776,4.939407265062069,5.129776,-1.295088167768071
5.155765,4.959234670187165,5.155765,-1.267979473291239
5.181753,4.9795724392908,5.181753,-1.2407266163847
5.207742,5.000444840922698,5.207742,-1.213230349546593
5.233731,5.021858394991742,5.233731,-1.185390519732159
5.25972,5.043811652629292,5.25972,-1.157104710039389
5.285708,5.066291211800423,5.285708,-1.128268783034761
5.311697,5.089270992869611,5.311697,-1.098781951793487
5.337686,5.11271332525221,5.337686,-1.068544334933677
5.363674,5.13656894741445,5.363674,-1.037460488233653
5.389663,5.160779180176397,5.389663,-1.005439404631946
5.415652,5.185276288929121,5.415652,-0.9723950575530405
5.441641,5.209977688160124,5.441641,-0.9382483931017503
5.467629,5.23479644575099,5.467629,-0.9029275111718019
5.493618,5.259637660805781,5.493618,-0.8663704726288231
5.519607,5.284398825868196,5.519607,-0.8285239409959935
5.545595,5.308971638007375,5.545595,-0.7893423674654343
5.571584,5.333244172120854,5.571584,-0.7487918847326789
5.597573,5.357098345414453,5.597573,-0.7068493561766278
5.623562,5.380415712876827,5.623562,-0.6635031455710138
5.64955,5.403074569542193,5.64955,-0.6187512154443114
5.675539,5.424957919267849,5.675539,-0.5726036173227126
5.701528,5.44594586817381,5.701528,-0.5250801825957313
5.727516,5.465919609031574,5.727516,-0.4762104319619131
5.753505,5.484767216738679,5.753505,-0.4260373787090165
5.779494,5.502378939495624,5.779494,-0.3746110767208488
5.805483,5.518651907628948,5.805483,-0.3219911333588139
5.831471,5.533486149202473,5.831471,-0.2682462114133177
5.85746,5.546792558794821,5.85746,-0.2134528292594252
5.883449,5.558486739807694,5.883449,-0.1576938667110749
5.909437,5.568491539986,5.909437,-0.101058825364663
5.935426,5.576740673589444,5.935426,-0.04364327961365993
5.961415,5.583176910306736,5.961415,0.01445410032367385
5.987404,5.587750626386946,5.987404,0.07313064286138775
6.013392,5.590419804639504,6.013392,0.1322803711819455
6.039381,5.591156192125927,6.039381,0.1917962727531189
6.06537,5.58993733138229,6.06537,0.2515708879308726
6.091358,5.586748733722191,6.091358,0.311495664760048
6.117347,5.581589674711307,6.117347,0.3714625946112265
6.143336,5.574464138738402,6.143336,0.4313677664366131
6.169325,5.565384803404076,6.169325,0.491107835152725
6.195313,5.554370141783494,6.195313,0.5505815384247502
6.221302,5.541449493466621,6.221302,0.6096937942481701
6.247291,5.526657631300825,6.247291,0.6683501092213513
6.273279,5.510030414784952,6.273279,0.726463641780167
6.299268,5.491618554321412,6.299268,0.7839520327978461
6.325257,5.471468413706694,6.325257,0.8407360925477683
6.351245,5.449632876646167,6.351245,0.8967429248264692
6.377234,5.426171708971244,6.377234,0.9519071494365564
6.403223,5.401141416558898,6.403223,1.006165650037887
6.429212,5.374607560715098,6.429212,1.059463641285002
6.4552,5.346629182836937,6.4552,1.111750593884069
6.481189,5.317274379750509,6.481189,1.162981774015822
6.507178,5.286604366155864,6.507178,1.213117518901231
6.533166,5.254685065576138,6.533166,1.26212278403006
6.559155,5.2215820393173,6.559155,1.309969588126695
6.585144,5.187353966559285,6.585144,1.356632847652799
6.611133,5.152065321956583,6.611133,1.402089652372998
6.637121,5.115772973603325,6.637121,1.44632497027515
6.66311,5.078538136199565,6.66311,1.489324222118562
6.689099,5.040414417884991,6.689099,1.531077446931331
6.715087,5.001454702364975,6.715087,1.571577128707387
6.741076,4.961713684430687,6.741076,1.610818649177937
6.767065,4.921235916792816,6.767065,1.648798205062803
6.793054,4.880071023202291,6.793054,1.685514890819083
6.819042,4.838260296415361,6.819042,1.720968344229617
6.845031,4.795847564708393,6.845031,1.755160919705946
6.87102,4.752870136448876,6.87102,1.78809370389955
6.897008,4.709365682221456,6.897008,1.819768507896229
6.922997,4.665370785959301,6.922997,1.850187323890365
6.948986,4.620919133858297,6.948986,1.879354860705036
6.974975,4.576038616639769,6.974975,1.907271299448825
7.000963,4.530765456019726,7.000963,1.933939537859011
7.026952,4.485126093850851,7.026952,1.959361930347134
7.052941,4.43914914528879,7.052941,1.983537752478876
7.078929,4.392861052186229,7.078929,2.006467909797135
7.104918,4.346293327436094,7.104918,2.028151677867591
7.130907,4.299470239588108,7.130907,2.048588332255925
7.156896,4.252421128232239,7.156896,2.067776967419237
7.182884,4.205170261918211,7.182884,2.085714866728825
7.208873,4.157749877973269,7.208873,2.102398589121669
7.234862,4.1101846071643,7.234862,2.117825599077649
7.26085,4.062504513515588,7.26085,2.131992093316584
7.286839,4.01474219657154,7.286839,2.144893906341133
7.312828,3.966925909270642,7.312828,2.156527597088275
7.338817,3.91909042446026,7.338817,2.16688990560357
7.364805,3.871267255033321,7.364805,2.175976304172517
7.390794,3.823494433791631,7.390794,2.183784438383575
7.416783,3.775806009148237,7.416783,2.190312134933785
7.442771,3.728241100556428,7.442771,2.195559212714565
7.46876,3.68083991412097,7.46876,2.199524585074436
7.494749,3.633639758209352,7.494749,2.202210968642099
7.520737,3.586684098880781,7.520737,2.203618725634712
7.546726,3.540016039977306,7.546726,2.203754919286899
7.572715,3.493680134209616,7.572715,2.202624620638899
7.598704,3.447720572071238,7.598704,2.200236522902554
7.624692,3.402182630707183,7.624692,2.196602035918408
7.650681,3.357113760565419,7.650681,2.191733656178481
7.67667,3.312560325442435,7.67667,2.185648226780718
7.702658,3.2685679647004,7.702658,2.178363677474541
7.728647,3.225185577655925,7.728647,2.169901016855236
7.754636,3.182458079236856,7.754636,2.160284875689686
7.780625,3.140431833239683,7.780625,2.149543144699217
7.806613,3.099152479026576,7.806613,2.137704257930895
7.832602,3.058664207091063,7.832602,2.124802444906346
7.858591,3.019007585755071,7.858591,2.110872840690097
7.884579,2.98022698662071,7.884579,2.095954745844016
7.910568,2.942359899164046,7.910568,2.080090358667251
7.936557,2.905443088426828,7.936557,2.06332296411043
7.962546,2.86950933506204,7.962546,2.045699288187203
7.988534,2.83459196304841,7.988534,2.02726823021418
8.014523000000001,2.800720130867324,8.014523000000001,2.008081949462408
8.040512,2.767918107068505,8.040512,1.988193872963001
8.0665,2.736206356921498,8.0665,1.967658876615708
8.092489,2.705606432347328,8.092489,1.94653274186318
8.118478,2.676131554272336,8.118478,1.924872880125288
8.144467000000001,2.647792770319906,8.144467000000001,1.902738876124864
8.170455,2.620597143724657,8.170455,1.880190133476159
8.196444,2.594546485572391,8.196444,1.857284969141945
8.222433000000001,2.569640614754528,8.222433000000001,1.834083330062213
8.248421,2.545873192470767,8.248421,1.810644800959795
8.27441,2.523235706617844,8.27441,1.787027155471723
8.300399000000001,2.501713125183619,8.300399000000001,1.763287623909286
8.326388,2.481290778373108,8.326388,1.739481987715137
8.352376,2.461944759853746,8.352376,1.715663855028965
8.378365000000001,2.443650982184388,8.378365000000001,1.691886652881882
8.404354,2.42638191686087,8.404354,1.668199099481915
8.430342,2.410105688773105,8.430342,1.644647377516976
8.456331,2.394790241702427,8.456331,1.621277669674971
8.48232,2.380396275086968,8.48232,1.59813090649499
8.508309000000001,2.366885393907761,8.508309000000001,1.57524602632174
8.534297,2.354215943191397,8.534297,1.552656534242527
8.560286,2.342344637987249,8.560286,1.530395029801758
8.586275000000001,2.331227650018947,8.586275000000001,1.508488769840728
8.612263,2.320818434381423,8.612263,1.486960845703392
8.638252,2.311072619472568,8.638252,1.465832265985033
8.664241000000001,2.301942573735832,8.664241000000001,1.445119330457856
8.690229,2.293381752266147,8.690229,1.424836618362552
8.716218,2.285344334592764,8.716218,1.404991555150902
8.742207000000001,2.277784319136354,8.742207000000001,1.38559256237188
8.768196,2.270655342100428,8.768196,1.366641632219865
8.794184,2.263914480751517,8.794184,1.348136500837606
8.820173,2.257519899007634,8.820173,1.330076081573625
8.846162,2.25142994189537,8.846162,1.312452586758978
8.87215,2.245604946635697,8.87215,1.295258047616144
8.898139,2.240009597055509,8.898139,1.278479243218781
8.924128,2.234607309221638,8.924128,1.262104582617767
8.950117000000001,2.229365121372519,8.950117000000001,1.246118218812348
8.976105,2.224252788375285,8.976105,1.230501407064491
9.002094,2.21924133285713,9.002094,1.215237032613383
9.028083000000001,2.21430558072543,9.028083000000001,1.200303815200869
9.054071,2.209422712299101,9.054071,1.185681380111696
9.08006,2.204570813439958,9.08006,1.171348265979129
9.106049000000001,2.199731773289996,9.106049000000001,1.157280204253443
9.132038,2.194888929859855,9.132038,1.143457182436545
9.158026,2.190026707811649,9.158026,1.12985429809868
9.184015,2.185135146173478,9.184015,1.116447916570153
9.210004,2.180202835104799,9.210004,1.10321693870139
9.235992,2.17522198693667,9.235992,1.090137910931277
9.261981,2.170186806194531,9.261981,1.077188466350178
9.28797,2.16509113518666,9.28797,1.064345604168431
9.313959000000001,2.159934068370157,9.313959000000001,1.051589674105101
9.339947,2.154710715813362,9.339947,1.038898218696263
9.365936,2.149424880796454,9.365936,1.026252493203883
9.391925000000001,2.144076563319434,9.391925000000001,1.013631670141259
9.417913,2.138665401165142,9.417913,1.001017457541806
9.443902,2.133198819785358,9.443902,0.9883935556333214
9.469891000000001,2.127678630265885,9.469891000000001,0.9757400424720009
9.49588,2.122109903646962,9.49588,0.9630421577085717
9.521868,2.116500246488951,9.521868,0.950285503210921
9.547857,2.110855092049253,9.547857,0.9374528736639456
9.573846,2.10518349575687,9.573846,0.924531682021333
9.599834,2.099490528652044,9.599834,0.9115101562253808
9.625823,2.093788325009635,9.625823,0.8983731737096562
9.651812,2.088083948064265,9.651812,0.8851123129251875
9.677801000000001,2.082386453244938,9.677801000000001,0.8717142623913422
9.703789,2.076708880369413,9.703789,0.8581704194505685
9.729778,2.071058292672315,9.729778,0.8444721814453148
9.755767000000001,2.065447911079984,9.755767000000001,0.8306105835008692
9.781755,2.059886791021422,9.781755,0.8165791057083507
9.807744,2.054386885662913,9.807744,0.8023700509531076
9.833733000000001,2.048960691496478,9.833733000000001,0.7879779859777389
9.859721,2.043617626168279,9.859721,0.7733982925134538
9.88571,2.038371091713238,9.88571,0.7586269408943465
9.911699,2.033231411320419,9.911699,0.743660535334541
9.937688,2.028209813721782,9.937688,0.7284970383625123
9.963676,2.023319338735091,9.963676,0.7131319675409046
9.989665,2.018570309549408,9.989665,0.6975669528469378
10.015654,2.013973773788114,10.015654,0.6818010887377119
10.041642,2.009539692423112,10.041642,0.6658334243931819
10.067631,2.005279656403523,10.067631,0.6496644578619427
10.09362,2.001203807809831,10.09362,0.633296996326985
10.119609,1.997320115419556,10.119609,0.6167313567283236
10.145597,1.99364017018182,10.145597,0.5999704368032394
10.171586,1.990172121982726,10.171586,0.5830171795661576
10.197575,1.986925569577014,10.197575,0.5658745280315041
10.223563,1.983906851764987,10.223563,0.548544112176499
10.249552,1.981124842867066,10.249552,0.5310328594043289
10.275541,1.978586425009293,10.275541,0.5133412224864435
10.30153,1.976296125906168,10.30153,0.4954748157888242
10.327518,1.974263544312432,10.327518,0.4774367634344766
10.353507,1.972492483508268,10.353507,0.4592315931379015
10.379496,1.970990006728296,10.379496,0.4408612518163342
10.405484,1.969760822795596,10.405484,0.4223313991129009
10.431473,1.968811089401892,10.431473,0.403644298884852
10.457462,1.968143160958722,10.457462,0.3848044335695435
10.483451,1.967765730677929,10.483451,0.3658152442299958
10.509439,1.967679704102412,10.509439,0.3466788362534521
10.535428,1.967892687792533,10.535428,0.3273987638957955
10.561417,1.968407036159833,10.561417,0.3079784682200465
10.587405,1.969230174656093,10.587405,0.2884202130834557
10.613394,1.970364819910014,10.613394,0.2687275753804789
10.639383,1.971818216264797,10.639383,0.2489028868840838
10.665372,1.973594529217782,10.665372,0.2289497697658712
10.69136,1.975698105374891,10.69136,0.2088705784373816
10.717349,1.978136007970745,10.717349,0.188667735225873
10.743338,1.980913308045585,10.743338,0.1683449754958086
10.769326,1.984035801073972,10.769326,0.1479047442130188
10.795315,1.987510912507688,10.795315,0.1273521576948897
10.821304,1.991344618929874,10.821304,0.1066897288229692
10.847293,1.99554090472929,10.847293,0.08592265880929026
10.873281,2.000108825334938,10.873281,0.06505351713183208
10.89927,2.00505417622138,10.89927,0.04408891708358752
10.925259,2.010383296188916,10.925259,0.02303151869682586
10.951247,2.016102705146428,10.951247,0.001889324706927395
10.977236,2.022218379677057,10.977236,-0.0193322401181715
11.003225,2.028738107449745,11.003225,-0.0406290357495241
11.029213,2.035664423984612,11.029213,-0.06199287834317004
11.055202,2.04300475473344,11.055202,-0.08341819881027325
11.081191,2.050765619605109,11.081191,-0.1048980103213945
11.10718,2.05894973522832,11.10718,-0.1264252892594145
11.133168,2.067562897077635,11.133168,-0.1479915857771457
11.159157,2.076610719519035,11.159157,-0.1695910817614547
11.185146,2.086096100289799,11.185146,-0.1912152085126484
11.211134,2.096023023778689,11.211134,-0.2128566424525218
11.237123,2.106394931048726,11.237123,-0.2345094183172198
11.263112,2.11721580648867,11.263112,-0.2561647523406109
11.289101,2.128487098967162,11.289101,-0.277815151155196
11.315089,2.140211887330062,11.315089,-0.2994557927450317
11.341078,2.152393069314651,11.341078,-0.3210777575125513
11.367067,2.16503517263543,11.367067,-0.342674729296026
11.393055,2.178136386206597,11.393055,-0.3642417276095049
11.419044,2.191701599959815,11.419044,-0.3857724136526867
11.445033,2.205734798283844,11.445033,-0.4072603580709802
11.471022,2.220236343395844,11.471022,-0.4287003992698544
11.49701,2.235211668553216,11.49701,-0.4500874662090683
11.522999,2.25066240373318,11.522999,-0.4714163972940909
11.548988,2.266594525518879,11.548988,-0.4926805367846059
11.574976,2.283010388321851,11.574976,-0.5138774849919278
11.600965,2.299917598702458,11.600965,-0.5350005408985954
11.626954,2.317320322158043,11.626954,-0.5560444070786426
11.652943,2.335224535271744,11.652943,-0.5770036955518132
11.678931,2.353638569038245,11.678931,-0.5978715241920661
11.70492,2.372568581149266,11.70492,-0.6186440444420755
11.730909,2.392024713685289,11.730909,-0.6393128800300147
11.756897,2.412013848772356,11.756897,-0.6598709677212625
11.782886,2.432546852925269,11.782886,-0.6803085729296418
11.808875,2.45363368711593,11.808875,-0.7006186776976762
11.834864,2.47528340677334,11.834864,-0.7207883327618934
11.860852,2.497508870606682,11.860852,-0.7408074413189563
11.886841,2.520318590719217,11.886841,-0.7606630993825374
11.91283,2.543723795842908,11.91283,-0.7803406371576538
11.938818,2.567736620252618,11.938818,-0.799826833717963
11.964807,2.592369741548948,11.964807,-0.8191026726625614
11.990796,2.61762913631504,11.990796,-0.8381502242420253
12.016785,2.643528568802977,12.016785,-0.8569502003925812
12.042773,2.670074196704479,12.042773,-0.8754798719874345
12.068762,2.697274894339968,12.068762,-0.893718320985591
12.094751,2.725138087161226,12.094751,-0.9116410977287464
12.120739,2.753670113968554,12.120739,-0.9292208548213148
12.146728,2.782875502476454,12.146728,-0.9464328709421218
12.172717,2.812755882662144,12.172717,-0.9632480781640718
12.198705,2.843313427828586,12.198705,-0.9796380424400989
12.224694,2.8745461457814,12.224694,-0.9955705264429571
12.250683,2.906451863217624,12.250683,-1.01101528503978
12.276672,2.939023516902638,12.276672,-1.025940805337643
12.30266,2.97225567357904,12.30266,-1.040314940563588
12.328649,3.006137104514869,12.328649,-1.05410717392188
12.354638,3.040653321023721,12.354638,-1.067282189239412
12.380626,3.075792369939314,12.380626,-1.079808745286128
12.406615,3.111533785992104,12.406615,-1.091655510277682
12.432604,3.147856198369647,12.432604,-1.102790880766857
12.458593,3.184738598476659,12.458593,-1.113184521066498
12.484581,3.222151646723175,12.484581,-1.12281035154108
12.51057,3.260069625690828,12.51057,-1.131636406526226
12.536559,3.298459573618053,12.536559,-1.139642039643813
12.562547,3.337287442091804,12.562547,-1.146799360172515
12.588536,3.376518820481873,12.588536,-1.153090710025778
12.614525,3.416115675986453,12.614525,-1.158495533379769
12.640514,3.456037802500776,12.640514,-1.163000428199565
12.666502,3.496243182834274,12.666502,-1.166589004158673
12.692491,3.5366923353165,12.692491,-1.169254198022471
12.71848,3.577339258368124,12.71848,-1.170988674893469
12.744468,3.618139399278458,12.744468,-1.171789718142964
12.770457,3.659050016422613,12.770457,-1.171658052205279
12.796446,3.700027643741381,12.796446,-1.170600287543583
12.822435,3.741026641872594,12.822435,-1.168624755152559
12.848423,3.782004269191363,12.848423,-1.165741416004108
12.874412,3.822919595158599,12.874412,-1.161968380956234
12.900401,3.863733862538175,12.900401,-1.157323760866941
12.926389,3.904405778573845,12.926389,-1.151833454263174
12.952378,3.94490346815552,12.952378,-1.145522635237556
12.978367,3.985193245087315,12.978367,-1.138420915042926
13.004356,4.025248305299383,13.004356,-1.130564605949578
13.030344,4.065041844721882,13.030344,-1.1219855830676
13.056333,4.104553216976685,13.056333,-1.112725682478979
13.082322,4.143769382246031,13.082322,-1.102822212551203
13.10831,4.182675851843516,13.10831,-1.09231737158342
13.134299,4.221269003597541,13.134299,-1.081254172863389
13.160288,4.259545939770825,13.160288,-1.069673999701647
13.186276,4.297512455837928,13.186276,-1.057620318157403
13.212265,4.335178331662172,13.212265,-1.045135507638385
13.238254,4.372560953667241,13.238254,-1.032260408129392
13.264243,4.409678432711139,13.264243,-1.0190333240951
13.290231,4.446560108383832,13.290231,-1.005490839468676
13.31622,4.483235320275283,13.31622,-0.9916639238173074
13.342209,4.519742463404462,13.342209,-0.9775849955768197
13.368197,4.556121381658977,13.368197,-0.9632756066682371
13.394186,4.592418438835314,13.394186,-0.9487590295440942
13.420175,4.628681085381446,13.420175,-0.9340474890335434
13.446164,4.664961480568421,13.446164,-0.9191482294797861
13.472152,4.70131468140457,13.472152,-0.9040671369116735
13.498141,4.737796469332545,13.498141,-0.8887953370087838
13.52413,4.774462625794994,13.52413,-0.8733239554506952
13.550118,4.811371467754692,13.550118,-0.8576341569450842
13.576107,4.848577690002807,13.576107,-0.8416972357820152
13.602096,4.886139247284951,13.602096,-0.8254807735256617
13.628085,4.924103952266254,13.628085,-0.808944201854096
13.654073,4.962523964217764,13.654073,-0.7920397081021888
13.680062,5.001445284718813,13.680062,-0.7747110580558391
13.706051,5.040905946571207,13.706051,-0.7568966295206899
13.732039,5.080939998187992,13.732039,-0.738527555959183
13.758028,5.121576779159134,13.758028,-0.7195296734077936
13.784017,5.162832589256836,13.784017,-0.6998248335142369
13.810006,5.204725177121943,13.810006,-0.6793309488146116
13.835994,5.247255267188773,13.835994,-0.6579604080333259
13.861983,5.290417788417086,13.861983,-0.635621570228882
13.887972,5.33419571660036,13.887972,-0.6122256016427724
13.91396,5.378567680926148,13.91396,-0.5876794577420043
13.939949,5.423499995198565,13.939949,-0.5618913617536445
13.965938,5.468943760101002,13.965938,-0.5347687671932952
13.991927,5.514849351882529,13.991927,-0.5062235647367694
14.017915,5.561147949282732,14.017915,-0.47616873171136
14.043904,5.607767108869598,14.043904,-0.444521863713151
14.069893,5.654624969564949,14.069893,-0.4112066687528026
14.095881,5.70162880377581,14.095881,-0.3761532162798487
14.12187,5.748675741828719,14.12187,-0.3392945640353937
14.147859,5.795661827398735,14.147859,-0.3005752475168019
14.173848,5.842468615474517,14.173848,-0.2599481332161191
14.199836,5.888978023261881,14.199836,-0.2173742601500653
14.225825,5.935063636971964,14.225825,-0.1728214928649703
14.251814,5.980593971775657,14.251814,-0.1262746408786839
14.277802,6.025440802798298,14.277802,-0.0777236922825159
14.303791,6.069466125301899,14.303791,-0.02716902344273418
14.32978,6.112533383417114,14.32978,0.02537507221194627
14.355768,6.154512178966317,14.355768,0.07988370074123531
14.381757,6.195264507211522,14.381757,0.1363212884582638
14.407746,6.234659245540782,14.407746,0.194643231715555
14.433735,6.272571066816714,14.433735,0.2547923341596765
14.459723,6.308873919467613,14.459723,0.3167021063031829
14.485712,6.343448996264977,14.485712,0.3802951015895366
14.511701,6.376188356495104,14.511701,0.4454862216246935
14.537689,6.406982610575652,14.537689,0.5121808598141578
14.563678,6.435739030913644,14.563678,0.5802785008960101
14.589667,6.462367787653382,14.589667,0.6496671744906433
14.615656,6.486791366322612,14.615656,0.7202323294211852
14.641644,6.508937323489318,14.641644,0.7918567884363532
14.667633,6.52874915327653,14.667633,0.8644119644443222
14.693622,6.546177594150479,14.693622,0.9377699042332973
14.71961,6.561184975526518,14.71961,1.011801930157163
14.745599,6.5737444933348,14.745599,1.086372935215214
14.771588,6.583837312283003,14.771588,1.161352340121245
14.797577,6.591458361330885,14.797577,1.236606758406059
14.823565,6.596609813781407,14.823565,1.312005339120581
14.849554,6.599308331623931,14.849554,1.387418408521505
14.875543,6.599574923453743,14.875543,1.462722269448669
14.901531,6.597441464380928,14.901531,1.537794401947677
14.92752,6.592952144899015,14.92752,1.612518353201568
14.953509,6.586153328804493,14.953509,1.686781020902109
14.979498,6.577101521974333,14.979498,1.7604789920501
15.005486,6.565859025760067,15.005486,1.833509759189242
15.031475,6.552493936987788,15.031475,1.905781862486615
15.057464,6.537080872392471,15.057464,1.977211448669665
15.083452,6.519691550971809,15.083452,2.047718105528856
15.109441,6.5004121804099,15.109441,2.117234098455254
15.13543,6.479320275178998,15.13543,2.185694409468627
15.161419,6.456502767397521,15.161419,2.253044705994963
15.187407,6.432038620406364,15.187407,2.319237537586295
15.213396,6.406017664061224,15.213396,2.384229619291994
15.239385,6.378516688400036,15.239385,2.447991068196353
15.265373,6.349622625541218,15.265373,2.510494355795207
15.291362,6.319410092219742,15.291362,2.571715756864572
15.317351,6.287958051776506,15.317351,2.631639877175144
15.34334,6.255339672077843,15.34334,2.690259110166564
15.369328,6.221620152212567,15.369328,2.747566030387047
15.395317,6.186869037875409,15.395317,2.803558645642215
15.421306,6.151142834943341,15.421306,2.858236955932068
15.447294,6.114503120333577,15.447294,2.911606213405427
15.473283,6.076997706711244,15.473283,2.963670402451051
15.499272,6.038676217827271,15.499272,3.014435318543502
15.52526,5.99958537969531,15.52526,3.063908387134563
15.551249,5.959760327379886,15.551249,3.112097395893174
15.577238,5.919241629202927,15.577238,3.159008502511056
15.603227,5.878059711405879,15.603227,3.204648226897091
15.629215,5.836245000230187,15.629215,3.249017655702759
15.655204,5.793827197482979,15.655204,3.292122584402621
15.681193,5.750830571713977,15.681193,3.333961201910877
15.707181,5.70728518694747,15.707181,3.374529886055926
15.73317,5.663212413995899,15.73317,3.413826463534807
15.759159,5.618637245843312,15.759159,3.451845501090121
15.785148,5.573588297645351,15.785148,3.488576132207063
15.811136,5.528088751300263,15.811136,3.524007490370833
15.837125,5.482168670832334,15.837125,3.558127622415148
15.863114,5.435861018003129,15.863114,3.590921315219285
15.889102,5.389194770185455,15.889102,3.622374080096841
15.915091,5.342210857918398,15.915091,3.652471790578574
15.94108,5.294944054049327,15.94108,3.681194886937839
15.967069,5.247438911288929,15.967069,3.708531053791195
15.993057,5.199743242302334,15.993057,3.734461093629157
16.019046,5.151905221971831,16.019046,3.758974502154084
16.045035,5.103979907305752,16.045035,3.782057877331053
16.071023,5.056023804181066,16.071023,3.803702163731062
16.097012,5.008095953994866,16.097012,3.82390229031387
16.123001,4.960257933664364,16.123001,3.842656445993677
16.14899,4.912577477798492,16.14899,3.859963181901843
16.174978,4.865120147703224,16.174978,3.875831553467368
16.200967,4.817957662376252,16.200967,3.890269529467776
16.226956,4.771155945340712,16.226956,3.903294134109589
16.252944,4.724786715594295,16.252944,3.91492528933661
16.278933,4.678922054351855,16.278933,3.925190523653006
16.304922,4.633627885136528,16.304922,3.934120263300223
16.330911,4.588974840294525,16.330911,3.941753265514387
16.356899,4.545028118914659,16.356899,3.948130823051747
16.382888,4.501847849045502,16.382888,3.953302559663233
16.408877,4.459499591993027,16.408877,3.957320272402734
16.434865,4.418033333725324,16.434865,3.960241916015863
16.460854,4.377504493467883,16.460854,3.96213015407131
16.486843,4.337959435017193,16.486843,3.963049823440728
16.512832,4.299438364478022,16.512832,3.963070107601693
16.53882,4.261977503566378,16.53882,3.962264898854856
16.564809,4.225609814043826,16.564809,3.960707002849393
16.590798,4.19035666672281,16.590798,3.958476831794839
16.616786,4.156235448027015,16.616786,3.955649002426169
16.642775,4.123258835557042,16.642775,3.952304651387239
16.668764,4.091432624787454,16.668764,3.948521293150303
16.694752,4.060754280198128,16.694752,3.944377528839098
16.720741,4.031216195228704,16.720741,3.939953408445997
16.74673,4.002806054495739,16.74673,3.935322462054497
16.772719,3.97550466048975,16.772719,3.93055858196525
16.798707,3.949285209140892,16.798707,3.925736747130393
16.824696,3.924119085293518,16.824696,3.920921794421576
16.850685,3.899970791665942,16.850685,3.916181096230575
16.876673,3.876800484370556,16.876673,3.911576229474599
16.902662,3.854563972913832,16.902662,3.907163700030621
16.928651,3.833217066802241,16.928651,3.902995304952531
16.95464,3.812702897941652,16.95464,3.899121754642737
16.980628,3.792973653666936,16.980628,3.895585066291809
17.006617,3.773972465883961,17.006617,3.892424359353035
17.032606,3.755640655412796,17.032606,3.88967259558798
17.058594,3.73792207859363,17.058594,3.88735802793513
17.084583,3.720754071857772,17.084583,3.885503838292729
17.110572,3.704079042676769,17.110572,3.884128499735942
17.136561,3.687837225219211,17.136561,3.88324505208253
17.162549,3.671969215870845,17.162549,3.882861826327175
17.188538,3.656418508754701,17.188538,3.882983169075799
17.214527,3.641126786908008,17.214527,3.88360763145976
17.240515,3.626038631105274,17.240515,3.884728693570178
17.266504,3.61110586646421,17.266504,3.886338748846691
17.292493,3.596272349325005,17.292493,3.888422946385737
17.318482,3.581493526976971,17.318482,3.890967159718071
17.34447,3.56672484670942,17.34447,3.893947844728291
17.370459,3.551923204680302,17.370459,3.897346528341232
17.396448,3.53705129252213,17.396448,3.901135319835569
17.422436,3.522074337387537,17.422436,3.905286328489976
17.448425,3.506961188600758,17.448425,3.909772388017448
17.474414,3.491681419920347,17.474414,3.914560898873579
17.500403,3.47621619605398,17.500403,3.919618899296803
17.526391,3.460539075148971,17.526391,3.924916325262833
17.55238,3.444636655170399,17.55238,3.930420215010103
17.578369,3.4284958963005,17.578369,3.936092897953967
17.604357,3.412104483155832,17.604357,3.941903585635816
17.630346,3.395458431347635,17.630346,3.947821127379887
17.656335,3.378549409881227,17.656335,3.953809301470172
17.682324,3.361383938665489,17.682324,3.959840579402504
17.708312,3.343958395528821,17.708312,3.965880912763839
17.734301,3.326282922551704,17.734301,3.97190277305001
17.76029,3.308358606385618,17.76029,3.977880442842652
17.786278,3.290201746802767,17.786278,3.983787118071921
17.812267,3.271820674797833,17.812267,3.989599616839571
17.838256,3.253229879057218,17.838256,3.995295481681679
17.864244,3.234443123833005,17.864244,4.00085479065444
17.890233,3.215478157766037,17.890233,4.006259795117011
17.916222,3.196350918411357,17.916222,4.011497093034469
17.942211,3.17707879219265,17.942211,4.016554731240533
17.968199,3.157685323225318,17.968199,4.021416409962998
17.994188,3.138181015807006,17.994188,4.026079955898905
18.020177,3.118591949573236,18.020177,4.030533415881971
18.046165,3.098932975427574,18.046165,4.034775341043556
18.072154,3.079224739748141,18.072154,4.03880500694934
18.098143,3.059481731221342,18.098143,4.042617704776241
18.124132,3.03972387179098,18.124132,4.046218505564501
18.15012,3.019967099012098,18.15012,4.049608858182761
18.176109,3.000222641616658,18.176109,4.052790211499659
18.202098,2.980508248245505,18.202098,4.055772707595679
18.228086,2.96083768315072,18.228086,4.058561779728222
18.254075,2.941220545087045,18.254075,4.061166121109128
18.280064,2.921667881677863,18.280064,4.06359551160172
18.306053,2.902187299483535,18.306053,4.06585828220068
18.332041,2.882783507327142,18.332041,4.06796674828945
18.35803,2.863466285072005,18.35803,4.069929965297032
18.384019,2.844238349346826,18.384019,4.071759886389708
18.410007,2.825100243477344,18.410007,4.073469189168081
18.435996,2.806053054115041,18.435996,4.075067291278311
18.461985,2.787096962368495,18.461985,4.076564334800882
18.487974,2.768228527174685,18.487974,4.077973359553556
18.513962,2.749443583036272,18.513962,4.079300885445215
18.539951,2.730738507781655,18.539951,4.080557778990659
18.56594,2.712109317022072,18.56594,4.08175056009877
18.591928,2.693545144242723,18.591928,4.082887559764232
18.617917,2.675042548380584,18.617917,4.083976022330243
18.643906,2.656590481812276,18.643906,4.085017758882606
18.669895,2.638180432434536,18.669895,4.086017478244401
18.695883,2.619803525926943,18.695883,4.086978802587227
18.721872,2.601449076883274,18.721872,4.087899920825286
18.747861,2.583110927611808,18.747861,4.088785541781659
18.773849,2.564777306054843,18.773849,4.089627696678822
18.799838,2.546440243434857,18.799838,4.090427472168258
18.825827,2.528092495408649,18.825827,4.091179797209724
18.851816,2.509725549872957,18.851816,4.09187960076298
18.877804,2.49133234359316,18.877804,4.092519638484825
18.903793,2.472908892180498,18.903793,4.093091579380576
18.929782,2.454450486811889,18.929782,4.093590352409993
18.95577,2.435954954184372,18.95577,4.094005815492594
18.981759,2.417420120994988,18.981759,4.094331448719498
19.007748,2.398843813940776,19.007748,4.0945527634043
19.033736,2.380230560736236,19.033736,4.094665050723922
19.059725,2.36158289690149,19.059725,4.09465671972924
19.085714,2.342903357956657,19.085714,4.094519801642734
19.111703,2.3241986449192,19.111703,4.094247414338361
19.137691,2.305476183240899,19.137691,4.0938315890386
19.16368,2.286745209459337,19.16368,4.093262908097289
19.189669,2.268017495632215,19.189669,4.092540647080109
19.215657,2.249298112799775,19.215657,4.091659734946818
19.241646,2.2306035418428,19.241646,4.090617273960135
19.267635,2.211943381516031,19.267635,4.08941036638278
19.293624,2.193329766094331,19.293624,4.088045169906475
19.319612,2.174777003155524,19.319612,4.086520960096898
19.345601,2.15629740808305,19.345601,4.084844981297253
19.37159,2.137903115151773,19.37159,4.083021217896298
19.397578,2.119601730922054,19.397578,4.081059811974517
19.423567,2.101408287406036,19.423567,4.07897090561239
19.449556,2.083327674535381,19.449556,4.076767900844842
19.475545,2.065370215499148,19.475545,4.074461664186673
19.501533,2.047541162446162,19.501533,4.072068857627248
19.527522,2.02984142091932,19.527522,4.06960541872161
19.553511,2.012271896461523,19.553511,4.06709054497924
19.579499,1.994835305701472,19.579499,4.064537638435064
19.605488,1.977523136535906,19.605488,4.061966258815723
19.631477,1.960331223467483,19.631477,4.059397776933664
19.657466,1.943246345569861,19.657466,4.056845957040968
19.683454,1.926261439608418,19.683454,4.054327823344158
19.709443,1.90935604031361,19.709443,4.051860400049758
19.735432,1.892516383433356,19.735432,4.049458175844172
19.76142,1.87572345256675,19.76142,4.047133466110839
19.787409,1.858947002580928,19.787409,4.044898948450364
19.813398,1.842170371486526,19.813398,4.042759331685828
19.839387,1.825359873087657,19.839387,4.040720411291792
19.865375,1.808494317680457,19.865375,4.038784360571215
19.891364,1.79153748354892,19.891364,4.03695226617558
19.917353,1.774462747731779,19.917353,4.035217245978842
19.943341,1.75724095174765,19.943341,4.033572055637802
19.96933,1.739840220486447,19.96933,4.032003293117537
19.995319,1.722228678838082,19.995319,4.030496469731644
20.021308,1.704384050447212,20.021308,4.029030214667679
20.047296,1.68627373576943,20.047296,4.027585330416158
20.073285,1.667875458449392,20.073285,4.026130304084155
20.099274,1.649168934326135,20.099274,4.024638693818985
20.125262,1.630133154804373,20.125262,4.023076088990441
20.151251,1.610753087871964,20.151251,4.021410614488437
20.17724,1.591017504796947,20.17724,4.019598442036605
20.203228,1.570915357955938,20.203228,4.017604436570417
20.229217,1.550448096217578,20.229217,4.015386580899306
20.255206,1.529612278518846,20.255206,4.012900322312582
20.281195,1.508418590265965,20.281195,4.010107265791279
20.307183,1.486873370259235,20.307183,4.006959598670267
20.333172,1.46499273716228,20.333172,4.003420012582059
20.359161,1.442795435713134,20.359161,3.999444679250286
20.385149,1.420309809404571,20.385149,3.9949923059187
20.411138,1.397562300089278,20.411138,3.990029930825735
20.437127,1.37458922003755,20.437127,3.984520607821064
20.463116,1.351422082142316,20.463116,3.978429926274479
20.489104,1.328104895788521,20.489104,3.971733617636257
20.515093,1.304679678166736,20.515093,3.964402704533592
20.541082,1.281195690810729,20.541082,3.956419438325639
20.56707,1.25769784864835,20.56707,3.947763897068596
20.593059,1.234238673167808,20.593059,3.938427025333461
20.619048,1.210868240891483,20.619048,3.92839831882259
20.645037,1.187642242707737,20.645037,3.917677777535986
20.671025,1.164608762944568,20.671025,3.906262865953526
20.697014,1.141821319187377,20.697014,3.894163726155693
20.723003,1.119333881793014,20.723003,3.881388326920009
20.748991,1.097197704489629,20.748991,3.867956227973117
20.77498,1.075457249433622,20.77498,3.85388336687006
20.800969,1.054164404233171,20.800969,3.839194374377724
20.826958,1.033358922221595,20.826958,3.823915692348792
20.852946,1.013083092252333,20.852946,3.808082455847794
20.878935,0.993379474841691,20.878935,3.791726177767653
20.904924,0.9742808506426571,20.904924,3.774882355390058
20.930912,0.9558198191996372,20.930912,3.757595179208536
20.956901,0.9380245428968268,20.956901,3.739906304196496
20.98289,0.9209203769354307,20.98289,3.721857747544507
21.008879,0.9045278771392831,21.008879,3.703496597483376
21.034867,0.8888599927718563,21.034867,3.684869580026754
21.060856,0.873934834691154,21.060856,3.666022696753969
21.086845,0.8597579267088672,21.086845,3.647008106936072
21.112833,0.8463346115281069,21.112833,3.627874347672511
21.138822,0.8336654324746132,21.138822,3.608667420542616
21.164811,0.8217480351368458,21.164811,3.589435138211516
21.190799,0.8105750846173132,21.190799,3.570229297733101
21.216788,0.8001367104984033,21.216788,3.551091554080779
21.242777,0.7904176996593933,21.242777,3.532072979874121
21.268766,0.7814026578709803,21.268766,3.513211245697774
21.294754,0.7730686748977897,21.294754,3.494554888651185
21.320743,0.765392568841577,21.320743,3.476139043798884
21.346732,0.7583458151009868,21.346732,3.458006090548599
21.37272,0.7519022887633487,21.37272,3.440190801747694
21.398709,0.7460307033214619,21.398709,3.422727950243538
21.424698,0.7406918034906038,21.424698,3.405647962277577
21.450687,0.7358512239177125,21.450687,3.388978004136815
21.476675,0.7314718373438809,21.476675,3.372748139845539
21.502664,0.7275113096385257,21.502664,3.356973220307312
21.528653,0.7239268538996136,21.528653,3.341679325157658
21.554641,0.7206781734680869,21.554641,3.32688021864866
21.58063,0.7177170029073662,21.58063,3.312586405077961
21.606619,0.7150026380640883,21.606619,3.298809837611842
21.632608,0.7124888962503445,21.632608,3.285553413987583
21.658596,0.7101266970409451,21.658596,3.272820756376788
21.684585,0.7078722121595217,21.684585,3.260608967042173
21.710574,0.7056837413555211,21.710574,3.248912612726338
21.736562,0.7035116156008687,21.736562,3.237722638000283
21.762551,0.7013165343336969,21.762551,3.227025640829082
21.78854,0.6990562087005674,21.78854,3.216807856960656
21.814529,0.6966909759224524,21.814529,3.207046466713917
21.840517,0.6941833918004298,21.840517,3.197722997013704
21.866506,0.6914960574127222,21.866506,3.188809557138691
21.892495,0.6885965996006485,21.892495,3.180278980801872
21.918483,0.685457670968623,21.918483,3.172097581807361
21.944472,0.6820494791552303,21.944472,3.164233485045072
21.970461,0.6783523286023914,21.970461,3.156654815404918
21.99645,0.6743413621574964,21.99645,3.149320642347812
22.022438,0.6700048530399881,22.022438,3.142194744157746
22.048427,0.6653283578406087,22.048427,3.135237639164274
22.074416,0.6603027305760665,22.074416,3.128413105651386
22.100404,0.654926703486301,22.100404,3.121675504256916
22.126393,0.6491965185682768,22.126393,3.114988975482016
22.152382,0.6431163413193344,22.152382,3.108315124307718
22.178371,0.6366929180340803,22.178371,3.101614469063575
22.204359,0.6299386093731019,22.204359,3.09484933916494
22.230348,0.622863059368286,22.230348,3.087987497284565
22.256337,0.6154866880120315,22.256337,3.080993446140765
22.282325,0.6078273797766172,22.282325,3.073834223971973
22.308314,0.5999084976688672,22.308314,3.066483026708343
22.334303,0.591756257155742,22.334303,3.058917034668792
22.360291,0.5833968284270564,22.360291,3.051106183829033
22.38628,0.5748594152413412,22.38628,3.043036347719824
22.412269,0.5661705500055716,22.412269,3.03468488776866
22.438258,0.5573650055671143,22.438258,3.026042748546539
22.464246,0.548472393178805,22.464246,3.017095079149899
22.490235,0.5395278026280257,22.490235,3.00783880073288
22.516224,0.5305610715533371,22.516224,2.998261779020617
22.542212,0.5216048900534355,22.542212,2.988371077247734
22.568201,0.5126866508010512,22.568201,2.978160537722508
22.59419,0.5038394061120408,22.59419,2.967637042570982
22.620179,0.4950935369507051,22.620179,2.956808198353516
22.646167,0.486473991023944,22.646167,2.945683422716273
22.672156,0.4780061235329623,22.672156,2.934273401065474
22.698145,0.4697178704762306,22.698145,2.922590811001722
22.724133,0.4616263918917071,22.724133,2.910651046754321
22.750122,0.4537544621833314,22.750122,2.898472762507013
22.776111,0.4461194677747867,22.776111,2.886074793552122
22.8021,0.4387387498126115,22.8021,2.873469817490251
22.828088,0.4316215448343875,22.828088,2.860685181716984
22.854077,0.4247826584665326,22.854077,2.847739540416067
22.880066,0.4182314178009186,22.880066,2.834652091096982
22.906054,0.4119715355634364,22.906054,2.821444385680754
22.932043,0.406009667494402,22.932043,2.808141236042847
22.958032,0.4003496168739963,22.958032,2.794761839692745
22.984021,0.3949897537249991,22.984021,2.781325394139932
23.010009,0.3899310741446004,23.010009,2.767857073477033
23.035998,0.3851690956954444,23.035998,2.754370641956131
23.061987,0.3806992906630302,23.061987,2.74089145477843
23.087975,0.3765142788727214,23.087975,2.727433276196012
23.113964,0.3726095099714445,23.113964,2.714016390369844
23.139953,0.3689719894185822,23.139953,2.700657278180706
23.165942,0.3655914166636448,23.165942,2.687367892794881
23.19193,0.3624602757005609,23.19193,2.674167975047594
23.217919,0.359562606335715,23.217919,2.661063682630566
23.243908,0.3568851876427643,23.243908,2.64807240196748
23.269896,0.3544146402253589,23.269896,2.635199928532897
23.295885,0.3521348680584481,23.295885,2.622458396601679
23.321874,0.3500352083743823,23.321874,2.609856680494249
23.347863,0.3480908945748417,23.347863,2.597395323536345
23.373851,0.3462939805208773,23.373851,2.585083200048391
23.39984,0.3446251555101428,23.39984,2.572924294419147
23.425829,0.3430650635631469,23.425829,2.560918968865772
23.451817,0.341599895150662,23.451817,2.549067585605428
23.477806,0.3402129430061798,23.477806,2.537368152443733
23.503795,0.338887454586047,23.503795,2.525821393815007
23.529783,0.3376065415151754,23.529783,2.51441897872457
23.555772,0.3363561678786123,23.555772,2.503162174932481
23.581761,0.3351221619299699,23.581761,2.492036674860918
23.60775,0.3338874768241523,23.60775,2.48104338405278
23.633738,0.3326406574434723,23.633738,2.470165278301545
23.659727,0.3313674414872522,23.659727,2.45939764878413
23.685716,0.3300562606449422,23.685716,2.448729266768576
23.711704,0.3286955013288476,23.711704,2.438146005785638
23.737693,0.3272764703271266,23.737693,2.427631384954533
23.763682,0.3257874634977946,23.763682,2.41717707328058
23.789671,0.3242282544551264,23.789671,2.406768763185957
23.815659,0.3225842413198567,23.815659,2.396383634989577
23.841648,0.3208580501663961,23.841648,2.38601064106806
23.867637,0.3190407387586052,23.867637,2.375632213889142
23.893625,0.3171320580721865,23.893625,2.36523422698358
23.919614,0.3151346341815506,23.919614,2.354793679561709
23.945603,0.3130481275081098,23.945603,2.344298799565829
23.971592,0.3108752320419923,23.971592,2.333732019463674
23.99758,0.3086185285804635,23.99758,2.323069976248421
24.023569,0.306286529226785,24.023569,2.312303976708227
24.049558,0.3038818600553674,24.049558,2.301413374464969
24.075546,0.301418896559751,24.075546,2.290383137506504
24.101535,0.2989032983830618,24.101535,2.279195517191989
24.127524,0.2963465432815596,24.127524,2.267841276983841
24.153513,0.2937602448429392,24.153513,2.256302668241217
24.179501,0.2911618347680289,24.179501,2.244564296734815
24.20549,0.2885630171988135,24.20549,2.232619823664332
24.231479,0.2859784619302759,24.231479,2.220454217017626
24.257467,0.283422884034544,24.257467,2.208057878039956
24.283456,0.2809198955427397,24.283456,2.195421570193738
24.309445,0.2784784839681475,24.309445,2.182538592461513
24.335434,0.2761253628263224,24.335434,2.169402243825818
24.361422,0.2738726211149818,24.361422,2.156003106640493
24.387411,0.2717441651666904,24.387411,2.142340637579796
24.4134,0.2697581058394518,24.4134,2.128410852254968
24.439388,0.2679326898227043,24.439388,2.114210128494406
24.465377,0.2662891068203121,24.465377,2.099737922972372
24.491366,0.264848705006147,24.491366,2.084990251300104
24.517355,0.2636328778312256,24.517355,2.069975444472284
24.543343,0.2626601436478565,24.543343,2.054689518100152
24.569332,0.2619491340012107,24.569332,2.039140984286968
24.595321,0.2615274453111712,24.595321,2.023328937489834
24.621309,0.2614078910097755,24.621309,2.007261527594849
24.647298,0.2616182712640589,24.647298,1.990941290122135
24.673287,0.262171535337494,24.673287,1.974382170432355
24.699275,0.2630956645056962,24.699275,1.95758978289149
24.725264,0.2644067774322886,24.725264,1.94056919853978
24.751253,0.2661270146411807,24.751253,1.92334106375535
24.777242,0.2682726532660029,24.777242,1.90590773294974
24.80323,0.2708690032308153,24.80323,1.888286592546633
24.829219,0.273932500139256,24.829219,1.870492131232433
24.855208,0.2774856014552494,24.855208,1.852539381019282
24.881196,0.2815418450451532,24.881196,1.834445366113703
24.907185,0.2861269256887598,24.907185,1.816228559590861
24.933174,0.2912514835151463,24.933174,1.797906166765858
24.959163,0.2969383155668247,24.959163,1.779502637296999
24.985151,0.3032042196645931,24.985151,1.761038436453829
25.01114,0.3100631185305419,25.01114,1.742538195003231
25.037129,0.3175288669710437,25.037129,1.724026000386351
25.063117,0.3256184891926218,25.063117,1.705529199998775
25.089106,0.3343430101800858,25.089106,1.687075322344666
25.115095,0.343716443209816,25.115095,1.668691714819611
25.141084,0.353743836683481,25.141084,1.650415504682517
25.167072,0.3644362382244627,25.167072,1.632274401546129
25.193061,0.3757987415115747,25.193061,1.614302453823495
25.21905,0.3878363723079131,25.21905,1.59653370992766
25.245038,0.4005511907235755,25.245038,1.57900276159741
25.271027,0.4139420874685095,25.271027,1.561747098308815
25.297016,0.4280049875996642,25.297016,1.544807288383801
25.323005,0.4427358161739887,25.323005,1.528215206932454
25.348993,0.4581241594481311,25.348993,1.512008615093713
25.374982,0.4741628636331799,25.374982,1.496228896178114
25.400971,0.4908322784482015,25.400971,1.480911185250186
25.426959,0.5081157871809774,25.426959,1.466093786774604
25.452948,0.5259967731192895,25.452948,1.451809300295777
25.478937,0.5444460777817521,25.478937,1.43809630194125
25.504926,0.5634438245017064,25.504926,1.42498440296386
25.530914,0.5829544254431754,25.530914,1.412509462862454
25.556903,0.6029516651391991,25.556903,1.400698376261168
25.582892,0.6233966052450697,25.582892,1.389580935521416
25.60888,0.6442564198306561,25.60888,1.379177968129903
25.634869,0.6654858770280944,25.634869,1.369516549819344
25.660858,0.6870486645670874,25.660858,1.360614519784873
25.686847,0.708902176654182,25.686847,1.352489717221623
25.712835,0.7310005475414842,25.712835,1.345147665941285
25.738824,0.7532977756496652,25.738824,1.338603397956003
25.764813,0.7757506213052412,25.764813,1.332862346523176
25.790801,0.798309596588718,25.790801,1.327920708362625
25.81679,0.8209343142867476,25.81679,1.32378120010305
25.842779,0.8435780483856808,25.842779,1.32043666795554
25.868767,0.8661966989462793,25.868767,1.317873890993752
25.894756,0.8887465282464643,25.894756,1.316082908245783
25.920745,0.9111894129301384,25.920745,1.315047238830852
25.946734,0.9334841507953439,25.946734,1.314740803113432
25.972722,0.9555987761777043,25.972722,1.315147029658452
25.998711,0.9774980634584027,25.998711,1.316233590584373
26.0247,0.9991497753101931,26.0247,1.317974044038511
26.050688,1.020534080343561,26.050688,1.320338959876611
26.076677,1.041624898922983,26.076677,1.323292388045535
26.102666,1.062408557350664,26.102666,1.326801276229428
26.128655,1.082865224237092,26.128655,1.330832662666722
26.154643,1.102987202467615,26.154643,1.3353467940241
26.180632,1.122770507653472,26.180632,1.340310527431415
26.206621,1.142216950880464,26.206621,1.34568700729263
26.232609,1.161322366651249,26.232609,1.351442456857569
26.258598,1.180101515315101,26.258598,1.357543280484636
26.284587,1.198562818420991,26.284587,1.363958599160933
26.310576,1.216721217426772,26.310576,1.370660612719427
26.336564,1.234597811482018,26.336564,1.37762161154737
26.362553,1.252210983107603,26.362553,1.384816783769299
26.388542,1.269591611316423,26.388542,1.39222765631005
26.41453,1.286761429138082,26.41453,1.39983557498588
26.440519,1.303754756648496,26.440519,1.407631574922076
26.466508,1.320603016186302,26.466508,1.415606691243927
26.492497,1.337334460689986,26.492497,1.423758026214152
26.518485,1.353990382915795,26.518485,1.432082953758341
26.544474,1.370596228619224,26.544474,1.440591525402685
26.570463,1.387190211710661,26.570463,1.449293973781957
26.596451,1.403801128454331,26.596451,1.45820342926821
26.62244,1.420464476131921,26.62244,1.467343345422557
26.648429,1.437205972161797,26.648429,1.476736723034664
26.674418,1.454051515070903,26.674418,1.486413263911656
26.700406,1.471024015094613,26.700406,1.496406020369389
26.726395,1.488143213068152,26.726395,1.506754745741181
26.752384,1.505425408763723,26.752384,1.517502362760501
26.778372,1.522880834816097,26.778372,1.528688805869246
26.804361,1.540513203951166,26.804361,1.540367411544237
26.83035,1.558319618431648,26.83035,1.552581374181813
26.856339,1.576300440474705,26.856339,1.565391002939124
26.882327,1.594443173588313,26.882327,1.578843023829819
26.908316,1.612722100354107,26.908316,1.592995029382351
26.934305,1.631121283217045,26.934305,1.607897367781969
26.960293,1.649601964940999,26.960293,1.623607812665704
26.986282,1.668128104918541,26.986282,1.640177617761706
27.012271,1.686654426004664,27.012271,1.657654776843685
27.038259,1.705131304448437,27.038259,1.67609072474837
27.064248,1.723496801115489,27.064248,1.69552765977491
27.090237,1.741688071328546,27.090237,1.716007599113872
27.116226,1.759635750501456,27.116226,1.737562961201084
27.142214,1.777263410813444,27.142214,1.760229424426812
27.168203,1.794488104534853,27.168203,1.78402998958072
27.194192,1.811223080655848,27.194192,1.808984035280872
27.22018,1.82738430479529,27.22018,1.835101522499171
27.246169,1.842871623908422,27.246169,1.862382089018456
27.272158,1.857590680425044,27.272158,1.890829175901748
27.298147,1.871449833403659,27.298147,1.920429381114124
27.324135,1.884344220976427,27.324135,1.951156081694319
27.350124,1.896175138967227,27.350124,1.982986095744088
27.376113,1.906846962045802,27.376113,2.015879036050085
27.402101,1.916263521556154,27.402101,2.049788357707238
27.42809,1.924328286625122,27.42809,2.084657011512839
27.454079,1.930947805225409,27.454079,2.120421066138134
27.480068,1.9360414840389,27.480068,2.157010070345489
27.506056,1.939521847621436,27.506056,2.194339446428028
27.532045,1.941317901409646,27.532045,2.232324616678874
27.558034,1.941354485342813,27.558034,2.27086742024765
27.584022,1.939573644675326,27.584022,2.309868971849653
27.610011,1.935920141290276,27.610011,2.349217165273845
27.636,1.930348335825492,27.636,2.388799169874862
27.661989,1.92282653427947,27.661989,2.428501430573022
27.687977,1.913318696044781,27.687977,2.468200431316742
27.713966,1.901816127909584,27.713966,2.507775553791718
27.739955,1.888306695599017,27.739955,2.547095132060264
27.765943,1.872801446736462,27.765943,2.586034020093576
27.791932,1.85530835009944,27.791932,2.62447033181729
27.817921,1.835852217563417,27.817921,2.662270952425081
27.84391,1.814471444147359,27.84391,2.699319791317146
27.869898,1.791211125887696,27.869898,2.73549278911616
27.895887,1.766120162101037,27.895887,2.77066987083356
27.921876,1.739267917373535,27.921876,2.804743095755646
27.947864,1.710727197354365,27.947864,2.837597459934095
27.973853,1.680578052035903,27.973853,2.869138605798708
27.999842,1.648907594645144,27.999842,2.899267648064787
28.025831,1.615816883769749,28.025831,2.927896024636694
28.051819,1.581400095871337,28.051819,2.954947669910815
28.077808,1.545772959332549,28.077808,2.980347423826434
28.103797,1.509040879346966,28.103797,3.004029000643259
28.129785,1.471323387577411,28.129785,3.0259433199361
28.155774,1.432740468458158,28.155774,3.046044923451369
28.181763,1.3934092086862,28.181763,3.064294148410038
28.207751,1.353453848747441,28.207751,3.080665277393742
28.23374,1.312999353562104,28.23374,3.095140199544476
28.259729,1.272167337541684,28.259729,3.107712757170521
28.285718,1.231076789023263,28.285718,3.118377879231635
28.311706,1.189850409069817,28.311706,3.127150778848541
28.337695,1.148601028326705,28.337695,3.134043409187521
28.363684,1.107445552382342,28.363684,3.139081487666941
28.389672,1.066490563636078,28.389672,3.142300873785647
28.415661,1.025840199521433,28.415661,3.143737789259646
28.44165,0.985598506917638,28.44165,3.143442944491349
28.467639,0.9458563117775798,28.467639,3.141459081105643
28.493627,0.9067047117170164,28.493627,3.137853933711462
28.519616,0.8682249339340936,28.519616,3.132682197099976
28.545605,0.8304948551182267,28.545605,3.126011968097279
28.571593,0.7935823909869288,28.571593,3.117918225655505
28.597582,0.757555638366293,28.597582,3.108466893297788
28.623571,0.7224691109389102,28.623571,3.097740194319462
28.64956,0.6883705760927644,28.64956,3.085811296586862
28.675548,0.6553044959842544,28.675548,3.072756990137924
28.701537,0.6233120275381933,28.701537,3.058663844873903
28.727526,0.5924205634273112,28.727526,3.043606115312615
28.753514,0.5626541005384629,28.753514,3.027667654726616
28.779503,0.5340332399726273,28.779503,3.010923079850879
28.805492,0.5065682143645764,28.805492,2.993453889546422
28.831481,0.4802692563490824,28.831481,2.975334881656799
28.857469,0.4551361848175651,28.857469,2.956640672916984
28.883458,0.4311687733842994,28.883458,2.937443887867571
28.909447,0.408359777706084,28.909447,2.917819686569274
28.935435,0.3866949807593861,28.935435,2.897830008156467
28.961424,0.3661635839451211,28.961424,2.877540776152282
28.987413,0.3467406848335342,28.987413,2.857017732971271
29.013402,0.3284083536752018,29.013402,2.836316478947506
29.03939,0.3111449706333823,29.03939,2.815496055478077
29.065379,0.2949149252335262,29.065379,2.794602464142314
29.091368,0.2796963938917393,29.091368,2.773691486382868
29.117356,0.2654534718320297,29.117356,2.752805501607466
29.143345,0.2521571364044466,29.143345,2.731990692504019
29.169334,0.2397676569142448,29.169334,2.711278934182611
29.195322,0.2282557616871763,29.195322,2.690712968268132
29.221311,0.2175814710041981,29.221311,2.670321591024806
29.2473,0.2077117099108813,29.2473,2.650137220888462
29.273289,0.1986061817481682,29.273289,2.630185394168882
29.299277,0.1902315625373321,29.299277,2.610484221724071
29.325266,0.1825508721701873,29.325266,2.591063043143994
29.351255,0.1755269267913952,29.351255,2.571933449377774
29.377243,0.1691259949279242,29.377243,2.553110291328974
29.403232,0.1633106776579971,29.403232,2.534612585398497
29.429221,0.1580469605264261,29.429221,2.516444497083684
29.45521,0.1533043040989026,29.45521,2.498617979550817
29.481198,0.1490520104711107,29.481198,2.481140820468839
29.507187,0.1452521713533917,29.507187,2.464014468706389
29.533176,0.1418810162446162,29.533176,2.447243089760807
29.559164,0.1389075189811667,29.559164,2.430824329220554
29.585153,0.1363041397395917,29.585153,2.414766518080312
29.611142,0.1340432255035771,29.611142,2.399063317539778
29.637131,0.13210418649143,29.637131,2.383712192078833
29.663119,0.1304591998975426,29.663119,2.368710425068776
29.689108,0.1290910943646703,29.689108,2.354055843206646
29.715097,0.1279718659786252,29.715097,2.339741926583562
29.741085,0.1270842075507276,29.741085,2.325762517507804
29.767074,0.1264107213380079,29.767074,2.31211489935067
29.793063,0.1259303761066095,29.793063,2.298789292248839
29.819052,0.1256328486674704,29.819052,2.285779538510589
29.84504,0.1254969832745852,29.84504,2.273079118227039
29.871029,0.1255087553322875,29.871029,2.260685314769489
29.897018,0.1256577171393665,29.897018,2.248584544994436
29.923006,0.1259261200549786,29.923006,2.23677409227318
29.948995,0.126307047995224,29.948995,2.225243814525237
29.974984,0.1267862952558559,29.974984,2.213983931887288
30.000973,0.1273495995361967,30.000973,2.202994806576491
30.026961,0.1279935537310844,30.026961,2.192262674340764
30.05295,0.1287038389434101,30.05295,2.181784999659986
30.078939,0.1294733466614072,30.078939,2.171551278236517
30.104927,0.1302913009245637,30.104927,2.161555171270053
30.130916,0.1311541814348553,30.130916,2.151786174462953
30.156905,0.1320475334637378,30.156905,2.142245012249538
30.182894,0.1329677687974692,30.182894,2.132917739269144
30.208882,0.133903998282675,30.208882,2.12379765450431
30.234871,0.1348562785157864,30.234871,2.114881860217757
30.26086,0.1358099849789657,30.26086,2.10615967100326
30.286848,0.1367651289914989,30.286848,2.097624204734781
30.312837,0.137714386975181,30.312837,2.089265500440415
30.338826,0.138650401393948,30.338826,2.081083739228744
30.364814,0.139569448202623,30.364814,2.073060991350344
30.390803,0.1404641585458557,30.390803,2.065197981239535
30.416792,0.1413344531886424,30.416792,2.057483842381515
30.442781,0.1421729066792017,30.442781,2.049911873758822
30.468769,0.1429757496952116,30.468769,2.042471208856656
30.494758,0.1437391902757776,30.494758,2.035154965548973
30.520747,0.144466839273214,30.520747,2.027956261709733
30.546735,0.1451475019134177,30.546735,2.020867671887155
30.572724,0.1457847550908441,30.572724,2.013878872892176
30.598713,0.1463748068445988,30.598713,2.006986242553195
30.624702,0.1469212114305651,30.624702,2.000175111075231
30.65069,0.1474164415233851,30.65069,1.993438596332241
30.676679,0.1478640966560872,30.676679,1.986776698324225
30.702668,0.1482677650424132,30.702668,1.980171125084601
30.728656,0.1486235981250374,30.728656,1.973622238830528
30.754645,0.1489389194821649,30.754645,1.967118810830043
30.780634,0.1492099145143289,30.780634,1.960657581128706
30.806623,0.1494401827545574,30.806623,1.954227139885976
30.832611,0.1496370704196282,30.832611,1.947824046038831
30.8586,0.1497967742293605,30.8586,1.94144105524407
30.884589,0.1499303984035677,30.884589,1.935074545330091
30.910577,0.1500341396620692,30.910577,1.928720531908136
30.936566,0.1501228828662864,30.936566,1.922368148463401
30.962555,0.1501891006908618,30.962555,1.916017213887306
30.988544,0.1502439879098987,30.988544,1.909668090397011
31.014532,0.1502912459300016,31.014532,1.903309187043394
31.040521,0.1503383794379558,31.040521,1.896940684935036
31.06651,0.1503853771144749,31.06651,1.890562765180516
31.092498,0.1504359969625948,31.092498,1.884171443391073
31.118487,0.1505015469492813,31.118487,1.877766719566708
31.144476,0.1505858190354289,31.144476,1.871344971535819
31.170465,0.150688869817469,31.170465,1.864906199298407
31.196453,0.1508145025755822,31.196453,1.858450221745891
31.222442,0.1509741158310244,31.222442,1.851977038878273
31.248431,0.1511677888187996,31.248431,1.84548683180413
31.274419,0.1513993700962334,31.274419,1.838983222695066
31.300408,0.151676545458691,31.300408,1.832462589379478
31.326397,0.1519956361381406,31.326397,1.825924750748787
31.352386,0.1523643279299473,31.352386,1.819377313363353
31.378374,0.1527865259878681,31.378374,1.812820096114598
31.404363,0.1532623661433382,31.404363,1.806249839048081
31.430352,0.1537957875079731,31.430352,1.799673605398422
31.45634,0.1543907178741026,31.45634,1.793091757382782
31.482329,0.1550473270310203,31.482329,1.786504113892581
31.508318,0.1557695767289144,31.508318,1.779914659316579
31.534306,0.1565537881997532,31.534306,1.773323212546198
31.560295,0.1574077717510505,31.560295,1.766737561250377
31.586284,0.1583316858528139,31.586284,1.760150279977336
31.612273,0.1593218856948702,31.612273,1.753572597459037
31.638261,0.1603823330274077,31.638261,1.747000891523879
31.66425,0.1615170575163321,31.66425,1.740438965452043
31.690239,0.1627223803936115,31.690239,1.733883015963348
31.716227,0.1640023200058654,31.716227,1.727344634006917
31.742216,0.1653532089043481,31.742216,1.720816213022387
31.768205,0.1667829139930048,31.768205,1.714305540678701
31.794194,0.1682839305850505,31.794194,1.707808994804258
31.820182,0.1698641029458578,31.820182,1.701334000850839
31.846171,0.1715197975845397,31.846171,1.694873133366662
31.87216,0.1732511729711039,31.87216,1.688437983300851
31.898148,0.1750661299673543,31.898148,1.682020762984463
31.924137,0.1769571412479333,31.924137,1.6756296223036
31.950126,0.1789321189939311,31.950126,1.669264380149682
31.976115,0.18098353587999,31.976115,1.66292539873987
32.002103,0.1831231526445261,32.002103,1.656616300245763
32.028092,0.1853434646007541,32.028092,1.650333462495761
32.054081,0.1876523839297643,32.054081,1.644088838656147
32.080069,0.1900462431828111,32.080069,1.637874278840818
32.106058,0.1925291512608039,32.106058,1.631698114044458
32.132047,0.1951012779530366,32.132047,1.625564328655825
32.158036,0.1977628496452342,32.158036,1.619468757177579
32.184024,0.2005140700845492,32.184024,1.613423533884584
32.210013,0.2033590368526049,32.210013,1.607425036605237
32.236002,0.2062940598620831,32.236002,1.601480871899901
32.26199,0.2093271758062229,32.26199,1.595591220877156
32.287979,0.2124468842901921,32.287979,1.589764414531683
32.313968,0.2156651158417004,32.313968,1.583996287366142
32.339957,0.2189703474273431,32.339957,1.578302958044154
32.365945,0.2223705931017868,32.365945,1.572680442176961
32.391934,0.2258582689432425,32.391934,1.567133086370482
32.417923,0.2294374951719061,32.417923,1.561672843791
32.443911,0.2331005973116984,32.443911,1.556292107878154
32.4699,0.2368477791097721,32.4699,1.551006635078406
32.495889,0.2406753278402363,32.495889,1.545816787608917
32.521878,0.2445755237498673,32.521878,1.540722746578266
32.547866,0.2485524644202881,32.547866,1.535732842981136
32.573855,0.2525945362638041,32.573855,1.530847076817526
32.599844,0.2567018524732778,32.599844,1.526073779082118
32.625832,0.2608666706569127,32.625832,1.521409327603311
32.651821,0.2650851648959556,32.651821,1.516861691158627
32.67781,0.269345608409849,32.67781,1.512427519239334
32.703798,0.2736480691143107,32.703798,1.508114690068666
32.729787,0.2779847367018265,32.729787,1.503915868749129
32.755776,0.2823477329491649,32.755776,1.499835220778066
32.781765,0.2867331640218552,32.781765,1.495873017818345
32.807753,0.2911331064195208,32.807753,1.492025456589787
32.833742,0.2955396819189302,32.833742,1.48828918658366
32.859731,0.2999489061313226,32.859731,1.484668192188726
32.885719,0.3043567493907922,32.885719,1.481150882455862
32.911708,0.3087552881969626,32.911708,1.477741694545279
32.937697,0.3131365084951671,32.937697,1.474428675290695
32.963686,0.3175043267584489,32.963686,1.47121227746356
32.989674,0.3218507062935691,32.989674,1.468084713394932
33.015663,0.3261756244619551,33.015663,1.46504208925034
33.041652,0.3304709992932229,33.041652,1.462072904634952
33.06764,0.3347407246218432,33.06764,1.459177068994479
33.093629,0.3389847551706709,33.093629,1.456346885214269
33.119618,0.343198993358083,33.119618,1.45357456562538
33.145607,0.3473873782956949,33.145607,1.450856216393341
33.171595,0.3515538264565501,33.171595,1.448183959294921
33.197584,0.3556982925635035,33.197584,1.445549825552599
33.223573,0.3598247157281709,33.223573,1.442954086829245
33.249561,0.3639410873666464,33.249561,1.440384518295705
33.27555,0.3680513692291182,33.27555,1.437845466557901
33.301539,0.3721636206473978,33.301539,1.435324887895261
33.327528,0.3762777963443404,33.327528,1.432826766696545
33.353516,0.3804059853176632,33.353516,1.430347209127283
33.379505,0.3845563148148952,33.379505,1.427882230798714
33.405494,0.3887368894449932,33.405494,1.425431831710837
33.431482,0.3929517841510078,33.431482,1.423004161749755
33.457471,0.3972131784849465,33.457471,1.420595327080997
33.48346,0.401525283221295,33.48346,1.418205327704562
33.509449,0.4059003231892057,33.509449,1.415846388449603
33.535437,0.4103464935519253,33.535437,1.413518509316121
33.561426,0.4148640206951788,33.561426,1.411229930744506
33.587415,0.4194652200024085,33.587415,1.40898898372944
33.613403,0.4241502273050496,33.613403,1.406799652659684
33.639392,0.4289314485408343,33.639392,1.404678599524602
33.665381,0.4338091100954878,33.665381,1.402625733769902
33.69137,0.4387833930775901,33.69137,1.40065771738495
33.717358,0.443858598815917,33.717358,1.398786865753186
33.743347,0.4490390286392444,33.743347,1.397025675366633
33.769336,0.4543167137700507,33.769336,1.395378583385503
33.795324,0.4596918353169159,33.795324,1.393866055079339
33.821313,0.4651605899996594,33.821313,1.392496874214273
33.847302,0.4707190839838103,33.847302,1.391287612225378
33.87329,0.4763632876034629,33.87329,1.390242706272864
33.899279,0.4820812476923348,33.899279,1.389379090008966
33.925268,0.4878648143643244,33.925268,1.388709350479996
33.951257,0.4937018080674245,33.951257,1.388238015400455
33.977245,0.4995841694698234,33.977245,1.387982018422575
34.003234,0.5054954629678828,34.003234,1.387946068369438
34.029223,0.5114234637324506,34.029223,1.388138858452885
34.055211,0.5173516908827434,34.055211,1.388568991330469
34.0812,0.523263663537978,34.0812,1.38924135693385
34.107189,0.5291386447657405,34.107189,1.390156408034478
34.133178,0.5349642286282983,34.133178,1.391323018952775
34.159166,0.5407237531362883,34.159166,1.39273747696285
34.185155,0.5463880598083247,34.185155,1.394400506499023
34.211144,0.5519487270954361,34.211144,1.396308485389694
34.237132,0.5573847011251931,34.237132,1.398461956960603
34.263121,0.5626709436364061,34.263121,1.400849058599757
34.28911,0.5677945506427474,34.28911,1.403470333632897
34.315099,0.5727385884919839,34.315099,1.406309663396399
34.341087,0.5774777472600554,34.341087,1.409363425718663
34.367076,0.5820031979036854,34.367076,1.412611336438724
34.393065,0.5862978256620606,34.393065,1.416045517333352
34.419053,0.5903403049998817,34.419053,1.419645503133002
34.445042,0.5941258365397778,34.445042,1.423403415614443
34.471031,0.5976372149666456,34.471031,1.42729462401079
34.49702,0.6008612646312875,34.49702,1.431302647441259
34.523008,0.6037973063765285,34.523008,1.435406839527727
34.548997,0.6064321645531708,34.548997,1.43958673500065
34.574986,0.6087610397838438,34.574986,1.443821415819033
34.600974,0.6107789063054511,34.600974,1.448085798444543
34.626963,0.6124852207922529,34.626963,1.452363492550684
34.652952,0.6138833337529798,34.652952,1.456629142936254
34.678941,0.6149726113076016,34.678941,1.460861831560257
34.704929,0.6157565397962841,34.704929,1.465040549827409
34.730918,0.6162386508363378,34.730918,1.469135595930586
34.756907,0.6164308523169002,34.756907,1.473134382823473
34.782895,0.6163408866297677,34.782895,1.477011283641997
34.808884,0.6159807974955127,34.808884,1.480749274179634
34.834873,0.6153625380804174,34.834873,1.48432698362394
34.860862,0.6145024987109752,34.860862,1.487727116105521
34.88685,0.6134168886050991,34.88685,1.490936631806615
34.912839,0.6121179778690865,34.912839,1.493934069360488
34.938828,0.6106305783784023,34.938828,1.496710373338138
34.964816,0.6089753817883155,34.964816,1.499248247870171
34.990805,0.6071648393137034,34.990805,1.501542803024928
35.016794,0.6052281094359517,35.016794,1.503585255036275
35.042782,0.6031861554731996,35.042782,1.505366276812341
35.068771,0.6010557299691004,35.068771,1.506876994032705
35.09476,0.5988663536221996,35.09476,1.508121028868967
35.120749,0.5966390803049265,35.120749,1.509089235337835
35.146737,0.5943950997211451,35.146737,1.509789491662541
35.172726,0.5921556468518646,35.172726,1.510221254517345
35.198715,0.589946303284015,35.198715,1.510383890022217
35.224703,0.5877883945528954,35.224703,1.510289623006309
35.250692,0.58570338202524,35.250692,1.509942166195511
35.276681,0.5837084710161521,35.276681,1.509349397813056
35.30267,0.58182100267217,35.30267,1.508523723796675
35.328658,0.580062438360028,35.328658,1.507477278421232
35.354647,0.5784546016636204,35.354647,1.506218302127117
35.380636,0.577002020297448,35.380636,1.504767531846745
35.406624,0.5757264272911149,35.406624,1.503141810678059
35.432613,0.574636878073623,35.432613,1.501345123009819
35.458602,0.5737465935713149,35.458602,1.499406898986282
35.484591,0.5730645839360472,35.484591,1.49733981620805
35.510579,0.572595557990901,35.510579,1.495160808327357
35.536568,0.572348706996313,35.536568,1.492891065048065
35.562557,0.5723287397753641,35.562557,1.490547610576699
35.588545,0.5725404557054253,35.588545,1.488147378565493
35.614534,0.5729800967834608,35.614534,1.485707755438128
35.640523,0.5736481157809207,35.640523,1.483254368058681
35.666512,0.5745450560235451,35.666512,1.480800075136334
35.6925,0.5756670689540083,35.6925,1.478357916488849
35.718489,0.5770060499633537,35.718489,1.475949444037251
35.744478,0.5785624065458863,35.744478,1.473592134759512
35.770466,0.5803236874867288,35.770466,1.471299028473396
35.796455,0.5822816523454896,35.796455,1.469078908945035
35.822444,0.5844324072876979,35.822444,1.466953690312611
35.848433,0.5867590186611202,35.848433,1.464932156342258
35.874421,0.5892575473541412,35.874421,1.463023181354397
35.90041,0.591911014437382,35.90041,1.461240167383951
35.926399,0.5947109983618716,35.926399,1.459587642145419
35.952387,0.5976404749210862,35.952387,1.458074661067805
35.978376,0.6006953691719753,35.978376,1.45671027958011
36.004365,0.6038585210765803,36.004365,1.455499025396834
36.030354,0.6071127705969432,36.030354,1.454437004683508
36.056342,0.6104538164042879,36.056342,1.453537528920763
36.082331,0.6138645437378011,36.082331,1.45280105088005
36.10832,0.6173363046627862,36.10832,1.452223495618317
36.134308,0.6208561046386257,36.134308,1.451805225352726
36.160297,0.6244109038475569,36.160297,1.451551039460646
36.186286,0.6279920996320284,36.186286,1.451452425838817
36.212274,0.6315908629487632,36.212274,1.451509746704398
36.238263,0.6351985458630647,36.238263,1.45172345482884
36.264252,0.6388020180028804,36.264252,1.45208503810888
36.290241,0.6423968422079995,36.290241,1.452594768207389
36.316229,0.6459741441580001,36.316229,1.453244223575396
36.342218,0.6495295772469615,36.342218,1.454029419824138
36.368207,0.6530542671544619,36.368207,1.454946100901987
36.394195,0.6565481233262113,36.394195,1.45599019186589
36.420184,0.6600023167189331,36.420184,1.457153180612586
36.446173,0.6634166662240469,36.446173,1.458435338804945
36.472162,0.6667822975211315,36.472162,1.459828063785416
36.49815,0.6701035119389622,36.49815,1.461322752896447
36.524139,0.6733757817630386,36.524139,1.462919677800907
36.550128,0.6765946245560045,36.550128,1.464610235841246
36.576116,0.6797642510923458,36.576116,1.466394427017463
36.602105,0.6828802242118518,36.602105,1.468263920334876
36.628094,0.6859467546890081,36.628094,1.470218625239196
36.654083,0.688959360086459,36.654083,1.472250029627161
36.680071,0.6919222964558351,36.680071,1.474353696338561
36.70606,0.6948355637971366,36.70606,1.476534424750765
36.732049,0.6976988904474934,36.732049,1.478783340543352
36.758037,0.7005167135671164,36.758037,1.481100534270613
36.784026,0.7032845054415046,36.784026,1.483486277595417
36.810015,0.7060153964427106,36.810015,1.485931786751632
36.836004,0.7086960298129569,36.836004,1.488446026613971
36.861992,0.711339626478586,36.861992,1.491020303970591
36.887981,0.7139461411624528,36.887981,1.493659146535995
36.91397,0.7165109555957666,36.91397,1.49636273541876
36.939958,0.7190384616615931,36.939958,1.499131161173179
36.965947,0.7215330965201432,36.965947,1.501960077193329
36.991936,0.723990287179771,36.991936,1.504858629462502
37.017925,0.7264143802463974,37.017925,1.50782690853499
37.043913,0.7288053304428773,37.043913,1.51086047725058
37.069902,0.7311586100547099,37.069902,1.513968572146854
37.095891,0.7334786109649611,37.095891,1.517151283778103
37.121879,0.7357651973421957,37.121879,1.520408702698616
37.147868,0.738013886749058,37.147868,1.523750156000266
37.173857,0.740220015639612,37.173857,1.527171297077131
37.199846,0.7423925488885695,37.199846,1.530681000249634
37.225834,0.7445179033524277,37.225834,1.534275100020433
37.251823,0.746591460762396,37.251823,1.53796283292711
37.277812,0.7486220954388959,37.277812,1.541744380078245
37.3038,0.7505916965239239,37.3038,1.545619922582419
37.329789,0.7525046559005458,37.329789,1.549594169262712
37.355778,0.7543472998709692,37.355778,1.553671828942205
37.381766,0.7561239297639697,37.381766,1.557848373906397
37.407755,0.7578209624360447,37.407755,1.562128875195529
37.433744,0.7594335985098233,37.433744,1.566513332809602
37.459733,0.7609526920020137,37.459733,1.571002108965775
37.485721,0.7623733982580999,37.485721,1.575595203664048
37.51171,0.7636865260176453,37.51171,1.580288451407081
37.537699,0.7648872759032788,37.537699,1.585082033303453
37.563687,0.7659617931086278,37.563687,1.589971421638663
37.589676,0.7669052782563212,37.589676,1.594956978629873
37.615665,0.7677129319689883,37.615665,1.60003435767116
37.641654,0.7683661906171753,37.641654,1.605199212156605
37.667642,0.7688693102525131,37.667642,1.610437777834123
37.693631,0.7692039083541282,37.693631,1.615755125743957
37.71962,0.7693694415962804,37.71962,1.621132963919523
37.745608,0.7693610200473088,37.745608,1.626571473469401
37.771597,0.7691646983465505,37.771597,1.632056890141507
37.797586,0.7687799331682658,37.797586,1.637580520724001
37.823575,0.7682019251350833,37.823575,1.643137475285222
37.849563,0.7674256032067623,37.849563,1.648705115252665
37.875552,0.7664460774516419,37.875552,1.654283440626329
37.901541,0.7652628045439818,37.901541,1.659858687154133
37.927529,0.763875422266622,37.927529,1.665412562869494
37.953518,0.7622835684024025,37.953518,1.670940358949328
37.979507,0.7604821719110821,37.979507,1.676423602318475
38.005496,0.7584845895504387,38.005496,1.68185323754793
38.031484,0.7562858861116661,38.031484,1.687214957059873
38.057473,0.7538948000837512,38.057473,1.69249499660222
38.083462,0.7513110145266788,38.083462,1.69768864735189
38.10945,0.7485478861982264,38.10945,1.702777255125139
38.135439,0.7456096711500251,38.135439,1.707751402275807
38.161428,0.7425007159879955,38.161428,1.71260149004915
38.187417,0.7392390862929963,38.187417,1.717318100799007
38.213405,0.7358337016625941,38.213405,1.721891816879216
38.239394,0.7322889992569998,38.239394,1.726317386140957
38.265383,0.728618471665426,38.265383,1.730585572046647
38.291371,0.7248404108544564,38.291371,1.734686775841545
38.31736,0.7209639175302375,38.31736,1.73862498191441
38.343349,0.7170027106677073,38.343349,1.742390953727663
38.369337,0.7129658909730122,38.369337,1.745984147955561
38.395326,0.7088718862441711,38.395326,1.749404021272366
38.421315,0.7047345060104115,38.421315,1.752646045963577
38.447304,0.7005629868093154,38.447304,1.755718734132454
38.473292,0.6963712287244003,38.473292,1.758617195847338
38.499281,0.692168558847538,38.499281,1.761345777714149
38.52527,0.6879688319851014,38.52527,1.763913354053308
38.551258,0.683786129329188,38.551258,1.766319743756236
38.577247,0.6796298232488147,38.577247,1.768573821143354
38.603236,0.6755046678442076,38.603236,1.770680113929164
38.629225,0.6714246537531742,38.629225,1.772642787611005
38.655213,0.6673899620842946,38.655213,1.774480134155463
38.681202,0.6634193828527475,38.681202,1.776187625848035
38.707191,0.6595083883440319,38.707191,1.777783554655305
38.733179,0.6556617779355189,38.733179,1.779267377251533
38.759168,0.6518891051048054,38.759168,1.780658110037624
38.785157,0.6481904604061811,38.785157,1.781955209687836
38.811146,0.6445707337713072,38.811146,1.783172802671413
38.837134,0.6410253974856828,38.837134,1.784315054485695
38.863123,0.6375593414809688,38.863123,1.785391563885425
38.889112,0.6341679927655193,38.889112,1.786406858585102
38.9151,0.6308561959938503,38.9151,1.787370175122309
38.941089,0.627614759905525,38.941089,1.788290750034628
38.967078,0.6244532379781402,38.967078,1.789168583322059
38.993067,0.6213576395738882,38.993067,1.790013092630763
39.019055,0.6183328093472851,39.019055,1.790828624566662
39.045044,0.6153742648609747,39.045044,1.791610832523834
39.071033,0.6124820513921023,39.071033,1.792378189577443
39.097021,0.6096516412261669,39.097021,1.793116569258247
39.12301,0.6068831249174585,39.12301,1.793840279144067
39.148999,0.6041766835745572,39.148999,1.794549138126325
39.174988,0.6015228995513012,39.174988,1.79524314620502
39.200976,0.5989267080564964,39.200976,1.795917594557071
39.226965,0.5963881996444327,39.226965,1.796586428543141
39.252954,0.5939122189696262,39.252954,1.797240592734229
39.278942,0.5914894389402051,39.278942,1.797879543804593
39.304931,0.5891294583109112,39.304931,1.798513242726136
39.33092,0.5868276135358086,39.33092,1.799136618458617
39.356909,0.5845936392010742,39.356909,1.799754379825117
39.382897,0.5824275805838529,39.382897,1.800361999111135
39.408886,0.5803344181700959,39.408886,1.800973421677335
39.434875,0.5783142877912381,39.434875,1.801584300917793
39.460863,0.5763720341017954,39.460863,1.802203873370094
39.486852,0.5745174822422348,39.486852,1.802827430211155
39.512841,0.5727459233894753,39.512841,1.803474168950461
39.538829,0.5710671826839838,39.538829,1.80413938076493
39.564818,0.5694861500574214,39.564818,1.804837373232386
39.590807,0.568003097172658,39.590807,1.805572855175909
39.616796,0.5666181598611287,39.616796,1.806355787567401
39.642784,0.5653411632633003,39.642784,1.807200477984685
39.668773,0.5641675343875271,39.668773,1.808111997468003
39.694762,0.5630974090652441,39.694762,1.809109362418257
39.72075,0.562135903613837,39.72075,1.810197643875688
39.746739,0.5612735098328544,39.746739,1.811396582675521
39.772728,0.56050574528494,39.772728,1.812720305286999
39.798717,0.5598374999017551,39.798717,1.814179134899182
39.824705,0.5592497572823958,39.824705,1.815782670266814
39.850694,0.5587426532582972,39.850694,1.817555361048199
39.876683,0.5583067701832974,39.876683,1.819507168215239
39.902671,0.5579180658933969,39.902671,1.821653123780076
39.92866,0.5575766762200305,39.92866,1.823998117674372
39.954649,0.5572633130994246,39.954649,1.826566780665011
39.980638,0.5569539343675793,39.980638,1.829359656077734
40.006626,0.5566339607838021,40.006626,1.832396303639185
40.032615,0.5562889489388351,40.032615,1.835677628892263
40.058604,0.5558848956967765,40.058604,1.839213230591711
40.084592,0.5554071312626436,40.084592,1.843008904212089
40.110581,0.5548313418095666,40.110581,1.847064830861977
40.13657,0.5541281424704348,40.13657,1.851391514839019
40.162559,0.5532730383097986,40.162559,1.85597464856539
40.188547,0.5522365991834021,40.188547,1.860824374121573
40.214536,0.5509990389788764,40.214536,1.865922218432404
40.240525,0.549521011857209,40.240525,1.871272890320965
40.266513,0.5477874858062569,40.266513,1.87685302678043
40.292502,0.5457687137417493,40.292502,1.882658100096299
40.318491,0.5434398385110765,40.318491,1.888668731650508
40.34448,0.5407708866442424,40.34448,1.894866267259313
40.370468,0.5377418003660084,40.370468,1.90123114719607
40.396457,0.5343322955154104,40.396457,1.907739284019636
40.422446,0.5305269778631454,40.422446,1.914361881465784
40.448434,0.5262957833849277,40.448434,1.92107937980787
40.474423,0.5216330071604859,40.474423,1.927857911741428
40.500412,0.5165231644062273,40.500412,1.934667775459332
40.526401,0.5109555244387846,40.526401,1.941475284765696
40.552389,0.5049194924062258,40.552389,1.948245485704573
40.578378,0.4984190526973118,40.578378,1.954949400903156
40.604367,0.4914435199058204,40.604367,1.961547367582419
40.630355,0.4840018136293182,40.630355,1.968009683935236
40.656344,0.4760979635337113,40.656344,1.974291978359498
40.682333,0.4677360898391952,40.682333,1.980369076762579
40.708321,0.4589250668661918,40.708321,1.986201316365453
40.73431,0.4496887556701208,40.73431,1.991758814252414
40.760299,0.4400411468887897,40.760299,1.997001364318694
40.786288,0.4299962311600064,40.786288,2.001908863511908
40.812276,0.4195829405794315,40.812276,2.006445814550371
40.838265,0.4088301619655805,40.838265,2.010587224450036
40.864254,0.3977520670648412,40.864254,2.014302304752298
40.890242,0.3863926652621623,40.890242,2.017580551159516
40.916231,0.3747810018460668,40.916231,2.020391356321662
40.94222,0.3629414811977145,40.94222,2.022719144900855
40.968209,0.350918203256344,40.968209,2.024552869273712
40.994197,0.3387455560135894,40.994197,2.025876772993769
41.020186,0.326458018015375,41.020186,2.026689950518127
41.046175,0.3140901357233425,41.046175,2.026976645400323
41.072163,0.3016814813622295,41.072163,2.026740479811957
41.098152,0.2892668277794029,41.098152,2.025980729318709
41.124141,0.2768809704608018,41.124141,2.02470137830934
41.15013,0.2645638212097517,41.15013,2.022906411172611
41.176118,0.2523503339821991,41.176118,2.020604702228944
41.202107,0.2402706859952927,41.202107,2.017815448987821
41.228096,0.2283550091890356,41.228096,2.014537383689184
41.254084,0.2166385970979622,41.254084,2.010804735854658
41.280073,0.205141801798754,41.280073,2.006621670981585
41.306062,0.1938950268942845,41.306062,2.002012276511108
41.332051,0.1829287778610033,41.332051,1.997000820992954
41.358039,0.1722535703158387,41.358039,1.991611210759686
41.384028,0.1618950198035793,41.384028,1.985863186646528
41.410017,0.1518687695778259,41.410017,1.979781017203205
41.436005,0.1421904855307514,41.436005,1.973398931951344
41.461994,0.1328658725826269,41.461994,1.96674174276641
41.487983,0.1239156789851527,41.487983,1.959828828266465
41.513972,0.1153406178533627,41.513972,1.952689890258637
41.53996,0.1071464507039593,41.53996,1.945359701590292
41.565949,0.0993389390536448,41.565949,1.937852932056412
41.591938,0.09191378723328654,41.591938,1.930204535612944
41.617926,0.08487676807887312,41.617926,1.922439505243934
41.643915,0.07821856015817588,41.643915,1.914572510744365
41.669904,0.07193485082313271,41.669904,1.906638868287342
41.695893,0.06602131610639528,41.695893,1.898653428776429
41.721881,0.06046856666001738,41.721881,1.890641366304251
41.74787,0.05527225021843503,41.74787,1.882623146140352
41.773859,0.05041284667250633,41.773859,1.874618509119955
41.799847,0.04589098990226139,41.799847,1.866637959540703
41.825836,0.0416820434811723,41.825836,1.85870160045498
41.851825,0.03778153629116944,41.851825,1.850824644983508
41.877813,0.03417486645298747,41.877813,1.843022668464171
41.903802,0.03084739246985916,41.903802,1.835305812977451
41.929791,0.02778443322751542,41.929791,1.827684582820989
41.95578,0.02497127365382838,41.95578,1.820163867926446
41.981768,0.02239315481443594,41.981768,1.812759424740286
42.007757,0.02004036476173374,42.007757,1.805471434371089
42.033746,0.01789300136066882,42.033746,1.798310038899336
42.059734,0.01594636286271419,42.059734,1.791275781650769
42.085723,0.01417538836810746,42.085723,1.784374095882787
42.111712,0.01257531670206881,42.111712,1.777610052635631
42.137701,0.01113118376817283,42.137701,1.770984014126463
42.163689,0.009833087313315017,42.163689,1.76449109042362
42.189678,0.008665999570084786,42.189678,1.758141966933326
42.215667,0.00761995673675864,42.215667,1.751926682683677
42.241655,0.006684972373040574,42.241655,1.745850308714915
42.267644,0.005856143813072604,42.267644,1.739903246272299
42.293633,0.005113214840378722,42.293633,1.73409581854489
42.319622,0.004456347108515715,42.319622,1.728412812411964
42.34561,0.003875460793075999,42.34561,1.722859842239505
42.371599,0.003360452369896398,42.371599,1.717426765947028
42.397588,0.002911444759351057,42.397588,1.712119197900516
42.423576,0.002513173196473493,42.423576,1.706926633802326
42.449565,0.002165732303422219,42.449565,1.701849798086779
42.475554,0.001864080753082662,42.475554,1.696883619713633
42.501543,0.001598027119959344,42.501543,1.692023027642648
42.527531,0.001367637108971681,42.527531,1.687268202982404
42.55352,0.001167832074733237,42.55352,1.682609365869578
42.579509,0.0009935209029563138,42.579509,1.67804651630417
42.605497,0.0008447506394243958,42.605497,1.673574764354521
42.631486,0.0007164144289673401,42.631486,1.669194110020629
42.657475,0.0006085499435847048,42.657475,1.664894592330593
42.683464,0.0005160344987919782,42.683464,1.660681463433233
42.709452,0.000433732896987424,42.709452,1.656544581248069
42.735441,0.0003616640183867837,42.735441,1.652479055843439
42.76143,0.0003050164734737955,42.76143,1.648489958259583
42.787418,0.0002534727107215971,42.787418,1.644572398564841
42.813407,0.0002122182454965923,42.813407,1.640716234678731
42.839396,0.00017609268815274,42.839396,1.636926537641494
42.865385,0.0001502878216690465,42.865385,1.633198417521469
42.891373,0.0001244515286904165,42.891373,1.629532055427236
42.917362,0.0001037724528625598,42.917362,1.625917128169733
42.943351,8.306823473335486e-05,42.943351,1.622358887897781
42.969339,7.272869129243128e-05,42.969339,1.618857515719961
42.995328,5.717853439971748e-05,42.995328,1.615402688447209
43.021317,4.681071485114436e-05,43.021317,1.611994587188106
43.047305,4.163465893709432e-05,43.047305,1.608638282982893
43.073294,3.124484747445992e-05,43.073294,1.605323814859669
43.099283,2.605308107643923e-05,43.099283,1.602056072750093
43.125272,2.606879156040987e-05,43.125272,1.598830347831086
43.15126,2.086760163550441e-05,43.15126,1.595646277885487
43.177249,1.56601275170107e-05,43.177249,1.592499154090215
43.203238,1.566955380739308e-05,43.203238,1.58938897644527
43.229226,1.045265270764258e-05,43.229226,1.586320634882313
43.255215,1.045893690123083e-05,43.255215,1.583284349538023
43.281204,1.046522040394469e-05,43.281204,1.58028501034406
43.307193,1.047150459753295e-05,43.307193,1.577322798409004
43.333181,1.04777887911212e-05,43.333181,1.574387209435213
43.35917,5.242036146917529e-06,43.35917,1.571489109937489
43.385159,5.245178243711658e-06,43.385159,1.568617814509611
43.411147,5.248320340505787e-06,43.411147,1.565778575300399
43.437136,5.251462091862713e-06,43.437136,1.562971754527013
43.463125,5.254604188656843e-06,43.463125,1.560186666783231
43.489114,5.257746285450971e-06,43.489114,1.557433816366696
43.515102,5.260888036807898e-06,43.515102,1.554708132237166
43.541091,5.264030133602027e-06,43.541091,1.552009795503221
43.56708,5.267172230396156e-06,43.56708,1.549338625056282
43.593068,5.270313981753083e-06,43.593068,1.546689549856107
43.619057,5.273456078547212e-06,43.619057,1.544068003160097
43.645046,5.276598175341341e-06,43.645046,1.541468370602272
43.671035,5.27974027213547e-06,43.671035,1.53889119550837
43.697023,5.282882023492397e-06,43.697023,1.536336115661233
43.723012,5.286024120286526e-06,43.723012,1.533808564318262
43.749001,5.289166217080654e-06,43.749001,1.531298218290394
43.774989,5.292307968437581e-06,43.774989,1.528815400766691
43.800978,5.29545006523171e-06,43.800978,1.526349969666672
43.826967,5.298592162025839e-06,43.826967,1.523901562773176
43.852956,5.301733913382766e-06,43.852956,1.521475794452184
43.878944,5.304876010176895e-06,43.878944,1.519072393040827
43.904933,1.061603552306764e-05,43.904933,1.516686468607442
43.930922,1.06223197166559e-05,43.930922,1.514323273300853
43.95691,1.062860391024416e-05,43.95691,1.511972031160546
43.982899,1.063488741295801e-05,43.982899,1.509643608701323
44.008888,1.064117160654627e-05,44.008888,1.507332663220074
44.034877,1.064745580013453e-05,44.034877,1.505039194716798
44.060865,1.065373930284838e-05,44.060865,1.502763203191495
44.086854,1.066002349643664e-05,44.086854,1.500504960307036
44.112843,1.06663076900249e-05,44.112843,1.498258942251729
44.138831,1.067259119273875e-05,44.138831,1.496035834431797
44.16482,1.067887538632701e-05,44.16482,1.493825132549597
44.190809,1.068515957991527e-05,44.190809,1.491626927159419
44.216797,1.069144308262912e-05,44.216797,1.489451722558906
44.242786,1.069772727621738e-05,44.242786,1.487283671747305
44.268775,1.070401146980564e-05,44.268775,1.485138802833948
44.294764,1.071029566339389e-05,44.294764,1.483001087709502
44.320752,1.071657916610775e-05,44.320752,1.48088121178019
44.346741,1.072286335969601e-05,44.346741,1.478779356154591
44.37273,1.072914755328426e-05,44.37273,1.476684744872194
44.398718,1.073543105599812e-05,44.398718,1.47460806333922
44.424707,1.074171524958638e-05,44.424707,1.472544149961139
44.450696,1.074799944317463e-05,44.450696,1.47049291418366
44.476685,1.075428294588849e-05,44.476685,1.468459698709894
44.502673,1.076056713947674e-05,44.502673,1.46643390868791
44.528662,1.0766851333065e-05,44.528662,1.464420977375109
44.554651,1.077313483577886e-05,44.554651,1.46242072366291
44.580639,1.077941902936711e-05,44.580639,1.460433419214184
44.606628,1.078570253208097e-05,44.606628,1.45845888292035
44.632617,1.079198672566923e-05,44.632617,1.456497386444278
44.658606,1.079827091925748e-05,44.658606,1.454548658123099
44.684594,1.080455442197134e-05,44.684594,1.452607536362282
44.710583,1.08108386155596e-05,44.710583,1.450679454419227
44.736572,1.081712280914785e-05,44.736572,1.448764321739644
44.76256,1.082340631186171e-05,44.76256,1.446862138323534
44.788549,1.082969050544996e-05,44.788549,1.444967742576366
44.814538,1.083597469903822e-05,44.814538,1.443080953389559
44.840527,1.084225889262648e-05,44.840527,1.441212637277916
44.866515,1.084854239534033e-05,44.866515,1.439346675577813
44.892504,1.085482658892859e-05,44.892504,1.437499277507164
44.918493,1.086111078251685e-05,44.918493,1.435654143293765
44.944481,1.08673942852307e-05,44.944481,1.433822320560999
44.97047,1.087367847881896e-05,44.97047,1.432003628200285
44.996459,1.087996267240722e-05,44.996459,1.430192814062803
45.022448,1.088624617512107e-05,45.022448,1.428389878148552
45.048436,1.089253036870933e-05,45.048436,1.426600163160644
45.074425,1.089881456229759e-05,45.074425,1.424818326395968
45.100414,1.090509806501144e-05,45.100414,1.423044458408813
45.126402,1.09113822585997e-05,45.126402,1.42127846864489
45.152391,1.091766645218796e-05,45.152391,1.419525880915889
45.17838,1.092394995490181e-05,45.17838,1.417781261964409
45.204369,1.093023414849007e-05,45.204369,1.416044611790452
45.230357,1.093651834207833e-05,45.230357,1.414316020948306
45.256346,1.094280184479218e-05,45.256346,1.412595398883681
45.282335,1.094908603838044e-05,45.282335,1.410888269408269
45.308323,1.09553702319687e-05,45.308323,1.409183766007268
45.334312,1.096165373468255e-05,45.334312,1.407492845749769
45.360301,1.645190689240621e-05,45.360301,1.405804461012391
45.386289,1.64613331827886e-05,45.386289,1.404129749972805
45.412278,1.647075809142218e-05,45.412278,1.40245766500763
45.438267,1.648018438180456e-05,45.438267,1.400799253740247
45.464256,1.648961067218695e-05,45.464256,1.399143468547275
45.490244,1.649903696256934e-05,45.490244,1.397501357052096
45.516233,1.650846187120292e-05,45.516233,1.395862052739907
45.542222,1.65178881615853e-05,45.542222,1.39423089831382
45.56821,1.652731445196769e-05,45.56821,1.392607984328124
45.594199,1.653674074235008e-05,45.594199,1.39099340133711
45.620188,1.654616703273246e-05,45.620188,1.389387149340778
45.646177,1.655559194136604e-05,45.646177,1.387789047230547
45.672165,1.104334548783229e-05,45.672165,1.386193842857597
45.698154,1.104962968142054e-05,45.698154,1.384606969479329
45.724143,1.10559131841344e-05,45.724143,1.383028427095742
45.750131,1.106219737772266e-05,45.750131,1.381458215706836
45.77612,1.106848157131091e-05,45.77612,1.379896516421192
45.802109,1.107476507402477e-05,45.802109,1.378337624318539
45.828098,1.108104926761302e-05,45.828098,1.376787153764858
45.854086,1.108733346120128e-05,45.854086,1.375239580948457
45.880075,1.109361696391514e-05,45.880075,1.373705953492719
45.906064,1.109990115750339e-05,45.906064,1.372175314328551
45.932052,1.110618535109165e-05,45.932052,1.370647572901664
45.958041,1.111246885380551e-05,45.958041,1.369128434132329
45.98403,1.111875304739376e-05,45.98403,1.367617716911965
46.010019,1.112503724098202e-05,46.010019,1.366115602349153
46.036007,1.113132074369588e-05,46.036007,1.364616476077911
46.061996,1.113760493728413e-05,46.061996,1.36312033809824
46.087985,1.114388913087239e-05,46.087985,1.361638326587812
46.113973,1.115017263358624e-05,46.113973,1.360153870111553
46.139962,1.11564568271745e-05,46.139962,1.358677925738556
46.165951,1.116274102076276e-05,46.165951,1.357210674577401
46.19194,1.116902521435102e-05,46.19194,1.355746502262106
46.217928,1.117530871706487e-05,46.217928,1.354290932604363
46.243917,1.118159291065313e-05,46.243917,1.352838532346771
46.269906,1.118787710424139e-05,46.269906,1.35139482530102
46.295894,1.119416060695524e-05,46.295894,1.34995419710113
46.321883,1.12004448005435e-05,46.321883,1.348522352667372
46.347872,1.120672830325735e-05,46.347872,1.347093587079474
46.37386,1.121301249684561e-05,46.37386,1.345673605257708
46.399849,1.121929669043387e-05,46.399849,1.344251269024401
46.425838,1.122558019314772e-05,46.425838,1.342843240368917
46.451827,1.123186438673598e-05,46.451827,1.341432857301893
46.477815,1.123814858032424e-05,46.477815,1.34003116744671
46.503804,1.124443208303809e-05,46.503804,1.33863844246624
46.529793,1.125071627662635e-05,46.529793,1.337248886885919
46.555781,1.125700047021461e-05,46.555781,1.33586259126004
46.58177,1.126328397292846e-05,46.58177,1.334479555588601
46.607759,1.126956816651672e-05,46.607759,1.333105394237584
46.633748,1.127585236010498e-05,46.633748,1.331734492841007
46.659736,1.128213586281883e-05,46.659736,1.330372556319142
46.685725,1.128842005640709e-05,46.685725,1.329008265385737
46.711714,1.129470424999535e-05,46.711714,1.327652939327043
46.737702,1.13009877527092e-05,46.737702,1.326306578143061
46.763691,1.130727194629746e-05,46.763691,1.324957862547539
46.78968,1.131355613988572e-05,46.78968,1.323618202381019
46.815669,1.131984033347397e-05,46.815669,1.322281802168939
46.841657,1.132612383618783e-05,46.841657,1.32094884301988
46.867646,1.133240802977608e-05,46.867646,1.319624939299822
46.893635,1.133869222336434e-05,46.893635,1.318304386088495
46.919623,1.13449757260782e-05,46.919623,1.316987183385899
46.945612,1.135125991966645e-05,46.945612,1.315673421746324
46.971601,1.135754411325471e-05,46.971601,1.314363101169769
46.99759,1.136382761596857e-05,46.99759,1.313061926576506
47.023578,1.137011180955682e-05,47.023578,1.311764102491974
47.049567,1.137639600314508e-05,47.049567,1.310469810024752
47.075556,1.138267950585893e-05,47.075556,1.309178868066261
47.101544,1.138896369944719e-05,47.101544,1.30789145772508
47.127533,1.139524720216105e-05,47.127533,1.306613283921482
47.153522,1.14015313957493e-05,47.153522,1.305332846260633
47.179511,1.140781558933756e-05,47.179511,1.304061645137366
47.205499,1.141409909205142e-05,47.205499,1.302793885077119
47.231488,1.142038328563967e-05,47.231488,1.301529747188473
47.257477,1.142666747922793e-05,47.257477,1.300269050362848
47.283465,1.143295098194179e-05,47.283465,1.299011885154534
47.309454,1.143923517553004e-05,47.309454,1.29775834211782
47.335443,1.14455193691183e-05,47.335443,1.296508330698417
47.361432,1.145180356270656e-05,47.361432,1.295267646370886
47.38742,1.145808706542041e-05,47.38742,1.294024788740394
47.413409,1.146437125900867e-05,47.413409,1.292791258201774
47.439398,1.147065545259693e-05,47.439398,1.291561349834755
47.465386,1.147693895531078e-05,47.465386,1.290329268164775
47.491375,1.148322314889904e-05,47.491375,1.289106604140958
47.517364,1.14895073424873e-05,47.517364,1.287887562288741
47.543352,1.149579084520115e-05,47.543352,1.286672142608124
47.569341,1.150207503878941e-05,47.569341,1.285454640178838
47.59533,1.150835923237767e-05,47.59533,1.284246555395713
47.621319,5.75732136754576e-06,47.621319,1.283042092784188
47.647307,5.76046346433989e-06,47.647307,1.281841342898555
47.673296,5.763605561134019e-06,47.673296,1.280644305738812
47.699285,5.766747312490945e-06,47.699285,1.27945098130496
47.725273,5.769889409285074e-06,47.725273,1.278261279042709
47.751262,5.773031506079204e-06,47.751262,1.277075380060638
47.777251,5.77617325743613e-06,47.777251,1.275893193804458
47.80324,5.779315354230259e-06,47.80324,1.274708924799608
47.829228,5.782457451024388e-06,47.829228,1.273534163995209
47.855217,5.785599202381314e-06,47.855217,1.272363206470992
47.881206,5.788741299175444e-06,47.881206,1.271196052226955
47.907194,5.79188305053237e-06,47.907194,1.270026815234247
47.933183,5.795025147326499e-06,47.933183,1.268867176996282
47.959172,5.798167589557831e-06,47.959172,1.267711251484207
47.985161,5.801308995477555e-06,47.985161,1.266553424332042
48.011149,5.804451092271684e-06,48.011149,1.265399400460057
48.037138,5.807593189065813e-06,48.037138,1.264254975342815
48.063127,5.810735285859942e-06,48.063127,1.263108558031192
48.089115,5.813877382654071e-06,48.089115,1.26196594399975
48.115104,5.817018788573796e-06,48.115104,1.260827223802778
48.141093,5.820160885367924e-06,48.141093,1.259692397440278
48.167082,5.823302982162053e-06,48.167082,1.258561374357958
48.19307,5.826445078956183e-06,48.19307,1.257434245110109
48.219059,5.829587175750312e-06,48.219059,1.25631100969673
48.245048,5.832729272544441e-06,48.245048,1.255185782088971
48.271036,5.835870678464165e-06,48.271036,1.254070334344535
48.297025,5.839012775258294e-06,48.297025,1.252952894405717
48.323014,5.842154872052423e-06,48.323014,1.251839438855661
48.349003,5.845296968846552e-06,48.349003,1.250729877140075
48.374991,5.848439065640681e-06,48.374991,1.24962420925896
48.40098,5.85158116243481e-06,48.40098,1.248522525766606
48.426969,5.854723259228939e-06,48.426969,1.247418940634161
48.452957,5.857864665148663e-06,48.452957,1.246325225919328
48.478946,5.861006761942792e-06,48.478946,1.245229519010115
48.504935,5.864148858736922e-06,48.504935,1.244137796489663
48.530924,5.867290955531051e-06,48.530924,1.243050148912262
48.556912,5.870433052325179e-06,48.556912,1.241966395169331
48.582901,5.873575149119308e-06,48.582901,1.2408808303406
48.60889,5.876716555039033e-06,48.60889,1.239805045375191
48.634878,5.879858651833161e-06,48.634878,1.238727449323981
48.660867,5.883000748627291e-06,48.660867,1.237653928215822
48.686856,5.88614284542142e-06,48.686856,1.236584391496424
48.712844,5.889284942215549e-06,48.712844,1.235513043691226
48.738833,5.892426348135273e-06,48.738833,1.23445156630364
48.764822,5.895568444929402e-06,48.764822,1.233388368384543
48.790811,5.898710541723531e-06,48.790811,1.232329154854207
48.816799,5.90185263851766e-06,48.816799,1.231274016266922
48.842788,5.904994735311789e-06,48.842788,1.230217066593836
48.868777,5.908136832105918e-06,48.868777,1.229170077892652
48.894765,5.911278238025642e-06,48.894765,1.228121278105669
48.920754,5.914420334819771e-06,48.920754,1.227076643816025
48.946743,5.9175624316139e-06,48.946743,1.226030198440582
48.972732,5.92070452840803e-06,48.972732,1.22499380459133
48.99872,5.923846625202159e-06,48.99872,1.223955509101988
49.024709,5.926988721996288e-06,49.024709,1.222921469664277
49.050698,5.930130818790416e-06,49.050698,1.221885619140766
49.076686,5.933272224710141e-06,49.076686,1.220859820143446
49.102675,5.93641432150427e-06,49.102675,1.219832210060327
49.128664,5.939556418298399e-06,49.128664,1.218808856028838
49.154653,5.942698515092528e-06,49.154653,1.217783690911548
49.180641,5.945840611886657e-06,49.180641,1.216768667874741
49.20663,5.948982708680786e-06,49.20663,1.215751924306423
49.232619,5.95212411460051e-06,49.232619,1.214739346235446
49.258607,5.955266211394639e-06,49.258607,1.213724957078669
49.284596,5.958408308188769e-06,49.284596,1.212714823973523
49.310585,5.961550404982898e-06,49.310585,1.211708946920007
49.336574,5.964692501777026e-06,49.336574,1.210707325918122
49.362562,5.967834598571155e-06,49.362562,1.209703893830437
49.388551,5.970976004490879e-06,49.388551,1.208704717794383
49.41454,5.974118101285008e-06,49.41454,1.207709797809959
49.440528,5.977260198079138e-06,49.440528,1.206719133877167
49.466517,5.980402294873267e-06,49.466517,1.205726839967154
49.492506,5.983544391667396e-06,49.492506,1.204738802108772
49.518495,5.986686488461525e-06,49.518495,1.203748953164589
49.544483,5.989827894381249e-06,49.544483,1.202763450826327
49.570472,5.992969991175378e-06,49.570472,1.201782295093987
49.596461,5.996112087969508e-06,49.596461,1.200805395413277
49.622449,5.999254184763636e-06,49.622449,1.199826775201057
49.648438,0,49.648438,1.198852592149047
49.674427,0,49.674427,1.197876688565527
49.700416,0,49.700416,1.196911017616779
49.726404,0,49.726404,1.195943807245101
49.752393,0,49.752393,1.194974876341913
49.778382,0,49.778382,1.194010292044645
49.80437,0,49.80437,1.193050054353299
49.830359,0,49.830359,1.192094253822163
49.856348,0,49.856348,1.191136732759517
49.882336,0,49.882336,1.190183648857081
49.908325,0,49.908325,1.189228934977426
49.934314,0,49.934314,1.188278567703691
49.960303,0,49.960303,1.187332637590167
49.986291,0,49.986291,1.186385077499423
50.01228,0,50.01228,1.185441954568889
50.038269,0,50.038269,1.184503178244277
50.064257,0,50.064257,1.183562862496734
50.090246,0,50.090246,1.182626983909402
50.116235,0,50.116235,1.181689475344849
50.142224,0,50.142224,1.180756494494798
50.168212,0,50.168212,1.179827860250668
50.194201,0,50.194201,1.178903753721038
50.22019,0,50.22019,1.177971950076756
50.246178,0,50.246178,1.177050741284407
50.272167,0,50.272167,1.176127902514838
50.298156,0,50.298156,1.175209682014059
50.324145,0,50.324145,1.174289740981771
50.350133,0,50.350133,1.173374418218273
50.376122,0,50.376122,1.172463532614985
50.402111,0,50.402111,1.171551107588768
50.428099,0,50.428099,1.17063714313962
50.454088,0,50.454088,1.169733773542404
50.480077,0,50.480077,1.168828864522259
50.506066,0,50.506066,1.167922416079182
50.532054,0,50.532054,1.167020495350607
50.558043,0,50.558043,1.166123192890822
50.584032,0,50.584032,1.165224351008108
50.61002,0,50.61002,1.164330036839894
50.636009,0,50.636009,1.16343418324875
50.661998,0,50.661998,1.162543038480686
50.687987,0,50.687987,1.161650263735403
50.713975,0,50.713975,1.16076210725891
50.739964,0,50.739964,1.159878569051208
50.765953,0,50.765953,1.158993491420576
50.791941,0,50.791941,1.158113032058735
50.81793,0,50.81793,1.157231123828253
50.843919,0,50.843919,1.156353833866563
50.869908,0,50.869908,1.155475004481942
50.895896,0,50.895896,1.154600883920402
50.921885,0,50.921885,1.153725223935932
50.947874,0,50.947874,1.152854272774542
50.973862,0,50.973862,1.151987939881944
50.999851,0,50.999851,1.151120158120705
51.02584,0,51.02584,1.150250927490826
51.051828,0,51.051828,1.149386315129738
51.077817,0,51.077817,1.148526411591731
51.103806,0,51.103806,1.147665059185083
51.129795,0,51.129795,1.146808415601517
51.155783,0,51.155783,1.14595032314931
51.181772,0,51.181772,1.145096939520184
51.207761,0,51.207761,1.144242107022418
51.233749,0,51.233749,1.143391983347732
51.259738,0,51.259738,1.142540410804407
51.285727,0,51.285727,1.141693637638452
51.311716,0,51.311716,1.140851573295578
51.337704,0,51.337704,1.140001811838053
51.363693,0,51.363693,1.13916309800391
51.389682,0,51.389682,1.138322935301127
51.41567,0,51.41567,1.137481323729703
51.441659,0,51.441659,1.13664460208994
51.467648,0,51.467648,1.135806341027247
51.493637,0,51.493637,1.134972969896215
51.519625,0,51.519625,1.134138059342253
51.545614,0,51.545614,1.133308038719951
51.571603,0,51.571603,1.132482817475021
51.597591,0,51.597591,1.13165614736145
51.62358,0,51.62358,1.130828118933529
51.649569,0,51.649569,1.130004980437269
51.675558,0,51.675558,1.129180393072369
51.701546,0,51.701546,1.128360605084839
51.727535,0,51.727535,1.127539458782959
51.753524,0,51.753524,1.126723202412741
51.779512,0,51.779512,1.125905497173882
51.805501,0,51.805501,1.125092681866684
51.83149,0,51.83149,1.124278508245135
51.857479,0,51.857479,1.123469224555248
51.883467,0,51.883467,1.12265858255101
51.909456,0,51.909456,1.121852830478434
51.935445,0,51.935445,1.121045720091507
51.961433,0,51.961433,1.12023716083594
