0.01,3.04771727070563e-05,0.01,-0.01044618584133463
0.031435,0.0001070960672343719,0.031435,-0.03278373183223508
0.052871,0.0002010538919749682,0.052871,-0.05511003918679786
0.074306,0.0003149326546063048,0.074306,-0.07744787523440852
0.09574199999999999,0.0004516223656695991,0.09574199999999999,-0.09981494899840861
0.117177,0.0006142436772174478,0.117177,-0.1222220873760984
0.138613,0.0008063294446074713,0.138613,-0.1446830150020586
0.160048,0.001031675652386692,0.160048,-0.167206560919566
0.181484,0.001294500016946951,0.181484,-0.189805312174933
0.202919,0.001599371638929488,0.202919,-0.2124872488649674
0.224354,0.001951242440773869,0.224354,-0.2352632375044714
0.24579,0.002355578664988746,0.24579,-0.2581440653732433
0.267225,0.002818168711581337,0.267225,-0.2811369541759119
0.288661,0.003345373311969989,0.288661,-0.3042533363915921
0.310096,0.00394402100245019,0.310096,-0.3275001847006151
0.331532,0.00462140281827914,0.331532,-0.3508884335335007
0.352967,0.005385375051571255,0.352967,-0.3744247612691375
0.374403,0.006244338027636452,0.374403,-0.3981196722051678
0.395838,0.007207163590802587,0.395838,-0.4219792334790224
0.417274,0.008283493296862669,0.417274,-0.4460136550869011
0.438709,0.009483326320309737,0.438709,-0.4702284155633499
0.460144,0.01081745843040683,0.460144,-0.4946319364573403
0.48158,0.01229719617920911,0.48158,-0.5192323676549742
0.503015,0.01393444038129998,0.503015,-0.544034055762172
0.524451,0.01574189410567599,0.524451,-0.5690453317736157
0.545886,0.01773253774384683,0.545886,-0.5942698178609058
0.567322,0.01992031241174289,0.567322,-0.6197147583672438
0.588757,0.02231955257049179,0.588757,-0.6453826888127501
0.610193,0.02494547700045961,0.610193,-0.671279721612001
0.631628,0.02781353228264826,0.631628,-0.6974068981393317
0.6530629999999999,0.03094002101908249,0.6530629999999999,-0.7237681575063578
0.674499,0.03434185705324463,0.674499,-0.7503662616189251
0.6959340000000001,0.03803624287041647,0.6959340000000001,-0.7772000332712631
0.71737,0.04204124971109965,0.71737,-0.8042718721520574
0.738805,0.04637505068937208,0.738805,-0.8315786994154475
0.7602409999999999,0.05105661975881402,0.7602409999999999,-0.8591211489414633
0.781676,0.05610504406586823,0.781676,-0.8868936969184139
0.803112,0.06154022008594452,0.803112,-0.914894985031949
0.824547,0.06738180375961983,0.824547,-0.9431175878302872
0.845982,0.07364993775677997,0.845982,-0.9715558003931573
0.867418,0.08036506470839641,0.867418,-1.000203827245998
0.888853,0.08754745179650371,0.888853,-1.029049805776817
0.910289,0.09521774539922589,0.910289,-1.058086038870964
0.931724,0.103396190060025,0.931724,-1.087298671722064
0.95316,0.1121029171295006,0.95316,-1.116676475598157
0.974595,0.1213580749371816,0.974595,-1.146202788509879
0.996031,0.1311811100168493,0.996031,-1.175863393433697
1.017466,0.1415911746008423,1.017466,-1.205638640088676
1.038902,0.1526069115536182,1.038902,-1.235511504268296
1.060337,0.1642457525760052,1.060337,-1.265458985182889
1.081772,0.1765248577059617,1.081772,-1.295459712020013
1.103208,0.1894603456071109,1.103208,-1.325491317870033
1.124643,0.203066410664413,1.124643,-1.355526274228783
1.146079,0.2173574849678395,1.146079,-1.38553985977509
1.167514,0.2323448991229289,1.167514,-1.415501919930376
1.18895,0.2480398818616434,1.18895,-1.445385378961927
1.210385,0.2644508547329547,1.210385,-1.475157003445307
1.231821,0.2815854469357967,1.231821,-1.504787363236259
1.253256,0.2994482767389602,1.253256,-1.534241232715966
1.274691,0.3180427399283211,1.274691,-1.563485740677153
1.296127,0.3373698099624969,1.296127,-1.592487744249673
1.317562,0.3574273814542447,1.317562,-1.621209572848878
1.338998,0.3782122397262691,1.338998,-1.649617902496042
1.360433,0.3997174120982384,1.360433,-1.677674157063618
1.381869,0.4219346354911888,1.381869,-1.705345012572879
1.403304,0.4448518888231202,1.403304,-1.732591530679117
1.42474,0.4684553172876601,1.42474,-1.759380387403606
1.446175,0.4927273080754,1.446175,-1.785674093270279
1.46761,0.5176484825682761,1.46761,-1.81143932430041
1.489046,0.5431967907966692,1.489046,-1.836643480949591
1.510481,0.5693466058965042,1.510481,-1.861251428153296
1.531917,0.596070942689356,1.531917,-1.88523509408162
1.553352,0.6233390579937635,1.553352,-1.908562241407316
1.574788,0.6511190766996406,1.574788,-1.93120787714634
1.596223,0.6793754109710103,1.596223,-1.953144110577365
1.617659,0.7080714768747055,1.617659,-1.974350114213689
1.639094,0.7371677474631335,1.639094,-1.994802525048486
1.66053,0.7666242882943965,1.66053,-2.014486129961034
1.681965,0.7963981766350263,1.681965,-2.033383180310488
1.7034,0.8264458105943794,1.7034,-2.051482447364888
1.724836,0.8567234524503771,1.724836,-2.068776324563871
1.746271,0.8871842856350804,1.746271,-2.085256480912756
1.767707,0.9177834857749307,1.767707,-2.100922735302962
1.789142,0.9484737835305387,1.789142,-2.11577345775727
1.810578,0.9792102639740556,1.810578,-2.129815530401721
1.832013,1.009946019983253,1.832013,-2.143054205385135
1.853449,1.040637313836051,1.853449,-2.155502522525276
1.874884,1.071238506170281,1.874884,-2.167172616097005
1.896319,1.101707127023926,1.896319,-2.178083321392647
1.917755,1.132002608075057,1.917755,-2.188257276984705
1.93919,1.162084652664617,1.93919,-2.197715310359884
1.960626,1.191916857968018,1.960626,-2.20648639889099
1.982061,1.221463364486414,1.982061,-2.214598433299347
2.003497,1.250692659326878,2.003497,-2.222084737563683
2.024932,1.279574406802254,2.024932,-2.228977005685503
2.046368,1.308082889494178,2.046368,-2.235314357118096
2.067803,1.336193023864314,2.067803,-2.241131926925987
2.089238,1.363885702957469,2.089238,-2.246470283431105
2.110674,1.39114553254434,2.110674,-2.251371081606858
2.132109,1.417956846732754,2.132109,-2.255873440906534
2.153545,1.444311676745189,2.153545,-2.2600211896065
2.17498,1.470202053804123,2.17498,-2.263854533811525
2.196416,1.495626710149497,2.196416,-2.267418388449459
2.217851,1.520585283564151,2.217851,-2.270752054082167
2.239287,1.545083116751194,2.239287,-2.273899177877439
2.260722,1.56912582407661,2.260722,-2.276897792637082
2.282158,1.592725720923839,2.282158,-2.279790096660244
2.303593,1.615894760459164,2.303593,-2.282611043902873
2.325028,1.638650329106269,2.325028,-2.285399391601095
2.346464,1.661012529917538,2.346464,-2.288189731493698
2.367899,1.683001465945354,2.367899,-2.291013576473607
2.389335,1.704642311282342,2.389335,-2.293902620542329
2.41077,1.725959696695387,2.41077,-2.296883305552548
2.432206,1.746982418448715,2.432206,-2.299983341117011
2.453641,1.767738367263652,2.453641,-2.303224460265322
2.475077,1.788259961576022,2.475077,-2.306629482678563
2.496512,1.808577265410113,2.496512,-2.310214164803201
2.517947,1.828723240527491,2.517947,-2.313995711954336
2.539383,1.848732659775522,2.539383,-2.317987345058312
2.560818,1.868636854938552,2.560818,-2.322198119544131
2.582254,1.888471142189689,2.582254,-2.326637634166534
2.603689,1.908268664399079,2.603689,-2.331308786662803
2.625125,1.928063469979768,2.625125,-2.336216466964597
2.64656,1.947887977367583,2.64656,-2.341358863986117
2.667996,1.967775872758411,2.667996,-2.346736883270263
2.689431,1.987757582393696,2.689431,-2.352343280473833
2.710866,2.007865705817847,2.710866,-2.358173890099487
2.732302,2.028130488163727,2.732302,-2.364221648912603
2.753737,2.048580001261244,2.753737,-2.370474241529739
2.775173,2.069244490243262,2.775173,-2.376922069196152
2.796608,2.090148766985247,2.796608,-2.383550643225441
2.818044,2.111320359991364,2.818044,-2.390346199365523
2.839479,2.132782451159858,2.839479,-2.397291894518454
2.860915,2.154559671257612,2.860915,-2.40437161002061
2.88235,2.176672304445592,2.88235,-2.411565423928189
2.903786,2.199143532622042,2.903786,-2.418855949817507
2.925221,2.221990379993485,2.925221,-2.426220549116059
2.946656,2.245232406286565,2.946656,-2.433639118771461
2.968092,2.268887360142124,2.968092,-2.441090106862691
2.989527,2.292969549137987,2.989527,-2.448549244840021
3.010963,2.317494367503456,3.010963,-2.455994256348109
3.032398,2.342473406187654,3.032398,-2.463399605077169
3.053834,2.367920067225502,3.053834,-2.470741384694636
3.075269,2.393844311588903,3.075269,-2.477993877782147
3.096705,2.42025700579266,3.096705,-2.485131729138495
3.11814,2.447164850854232,3.11814,-2.492127229150935
3.139575,2.474575815551142,3.139575,-2.498953935966783
3.161011,2.502495876466531,3.161011,-2.505585588841932
3.182446,2.530929923532061,3.182446,-2.511992848186418
3.203882,2.55988121670217,3.203882,-2.518148185496075
3.225317,2.589351567062661,3.225317,-2.524021898963777
3.246753,2.619342604590753,3.246753,-2.529586460085359
3.268188,2.649852880417806,3.268188,-2.534809812642155
3.289624,2.68088221343524,3.289624,-2.539664065912839
3.311059,2.712424808168494,3.311059,-2.544117344787325
3.332494,2.744476861337387,3.332494,-2.548139585241327
3.35393,2.777032758575937,3.35393,-2.551700361033399
3.375365,2.810082901129404,3.375365,-2.554767978162036
3.396801,2.843618414677366,3.396801,-2.557311648168631
3.418236,2.877626440510639,3.418236,-2.559299677051678
3.439672,2.912094482137201,3.439672,-2.56070163856973
3.461107,2.94700623978485,3.461107,-2.561485295395542
3.482543,2.982344870355642,3.482543,-2.561621126830569
3.503978,3.018090451905773,3.503978,-2.561077076656143
3.525414,3.054222700274279,3.525414,-2.55982434860804
3.546849,3.090715716934216,3.546849,-2.557832697553392
3.568284,3.127545233335857,3.568284,-2.555073689445136
3.58972,3.1646840831922,3.58972,-2.551519071344785
3.611155,3.202098942524515,3.611155,-2.547141858073913
3.632591,3.239759385091359,3.632591,-2.541917599974217
3.654026,3.277629551393883,3.654026,-2.535821122953072
3.675462,3.315673944150401,3.675462,-2.528831418415193
3.696897,3.353851995038985,3.696897,-2.520926753330976
3.718333,3.392124946823508,3.718333,-2.512089016842417
3.739768,3.430446797924639,3.739768,-2.502301365851574
3.761203,3.468774806717493,3.761203,-2.491549311672043
3.782639,3.507062971622738,3.782639,-2.479823255549082
3.804074,3.545260944455126,3.804074,-2.467112330967891
3.82551,3.583321999201007,3.82551,-2.453412734648287
3.846945,3.621192889937852,3.846945,-2.43872102552725
3.868381,3.658824717349049,3.868381,-2.423038833582
3.889816,3.69616387329491,3.889816,-2.406368694332659
3.911252,3.733158922938704,3.911252,-2.388720206533967
3.932687,3.769755533706421,3.932687,-2.370102606723506
3.954122,3.805900459675529,3.954122,-2.350532375782061
3.975558,3.841544077095101,3.975558,-2.330028892327694
3.996993,3.876633140042604,3.996993,-2.308612621629949
4.018429,3.91111802476711,4.018429,-2.286311997735893
4.039864,3.944947296431888,4.039864,-2.26315636023549
4.0613,3.97807567789193,4.0613,-2.239180844193267
4.082735,4.010456805350747,4.082735,-2.214422033542393
4.104171,4.04204829940061,4.104171,-2.188923032124915
4.125606,4.072809591719592,4.125606,-2.16272694378288
4.147042,4.102704822808845,4.147042,-2.135883211158641
4.168477,4.131698857603844,4.168477,-2.108442182437444
4.189912,4.159760907645981,4.189912,-2.080458914627623
4.211348,4.186867791037011,4.211348,-2.051990819149047
4.232783,4.212997412530173,4.232783,-2.023095488530168
4.254219,4.238133110136101,4.254219,-1.993834499688198
4.275654,4.262260757385553,4.275654,-1.964269610648929
4.29709,4.285376369889768,4.29709,-1.934466382718333
4.318525,4.307474876608505,4.318525,-1.904488022790844
4.339961,4.328562797450646,4.339961,-1.874400635498173
4.361396,4.348647738976552,4.361396,-1.844267971060493
4.382831,4.367742378786824,4.382831,-1.814154685240878
4.404267,4.38586989877971,4.404267,-1.784125433802398
4.425702,4.403052031984811,4.425702,-1.754241069227947
4.447138,4.419322464598014,4.447138,-1.724562444000416
4.468573,4.434713796163727,4.468573,-1.695146969539676
4.490009,4.449268406089677,4.490009,-1.666050608396958
4.511444,4.463032295955195,4.511444,-1.637323889866091
4.53288,4.476056538379847,4.53288,-1.609016256589427
4.554315,4.488392568200366,4.554315,-1.581170812409012
4.575751,4.500100875682483,4.575751,-1.553827220103875
4.597186,4.511243762177729,4.597186,-1.527020071412802
4.618621,4.521886064557759,4.618621,-1.500778887034339
4.640057,4.532096241865824,4.640057,-1.475127573301051
4.661492,4.541942753145179,4.661492,-1.450084241070941
4.682928,4.551499490696478,4.682928,-1.425661477390322
4.704363,4.560837449083094,4.704363,-1.401865439950915
4.725799,4.570033418342962,4.725799,-1.378696128752719
4.747234,4.579157306387976,4.747234,-1.356145665572504
4.76867,4.588286265473231,4.76867,-1.334203002786887
4.790105,4.597489116859141,4.790105,-1.312848037343484
4.81154,4.606838303977718,4.81154,-1.292054599052481
4.832976,4.616403010306539,4.832976,-1.271792623889591
4.854411,4.626246623848613,4.854411,-1.252022720738656
4.875847,4.636433619258433,4.875847,-1.232703053517689
4.897282,4.647020864630132,4.897282,-1.21378336459573
4.918718,4.65806305475488,4.918718,-1.195210408050249
4.940153,4.669609088949285,4.940153,-1.176924689712703
4.961589,4.681703519924037,4.961589,-1.158863093242951
4.983024,4.694383293829462,4.983024,-1.140958336803509
5.004459,4.707681734644289,5.004459,-1.123140784145354
5.025895,4.72162637087268,5.025895,-1.105335365762062
5.04733,4.736234951155481,5.04733,-1.087466197158597
5.068766,4.751521601961933,5.068766,-1.069455039428385
5.090201,4.767489221029319,5.090201,-1.051222748121949
5.111637,4.784140343877756,5.111637,-1.032688367704015
5.133072,4.801463379558125,5.133072,-1.013771938736497
5.154508,4.819444201601182,5.154508,-0.994392415129828
5.175943,4.838058179240041,5.175943,-0.9744721013031743
5.197379,4.857277783970539,5.197379,-0.9539335733385704
5.218814,4.877064258556547,5.218814,-0.9327006750781115
5.240249,4.897374136938856,5.240249,-0.9107010536440735
5.261685,4.918160330886658,5.261685,-0.8878667933189431
5.28312,4.939363436785701,5.28312,-0.8641312461452676
5.304556,4.960925137673214,5.304556,-0.8394351896173753
5.325991,4.982775525637303,5.325991,-0.8137209406525249
5.347427,5.004845417200395,5.347427,-0.7869386038369168
5.368862,5.027057660107394,5.368862,-0.759041453156902
5.390298,5.049332928800245,5.390298,-0.7299900522191777
5.411733,5.071585015594852,5.411733,-0.6997516656479026
5.433168,5.093729886110078,5.433168,-0.6682982668903162
5.454604,5.115678434924547,5.454604,-0.6356101603883397
5.476039,5.137338658879599,5.476039,-0.6016731291184404
5.497475,5.158620365902377,5.497475,-0.5664818756546521
5.51891,5.179430103965584,5.51891,-0.5300349511283348
5.540346,5.199676956562041,5.540346,-0.4923400526541397
5.561781,5.21926674723013,5.561781,-0.4534115330870347
5.583217,5.238112181634275,5.583217,-0.4132699029737088
5.604652,5.256120532181497,5.604652,-0.3719426455411824
5.626087,5.2732074022735,5.626087,-0.3294641261425171
5.647523,5.289288757529147,5.647523,-0.2858741207496031
5.668958,5.304283461304583,5.668958,-0.2412185403874795
5.690394,5.318115810213352,5.690394,-0.1955504498700964
5.711829,5.330710825303322,5.711829,-0.1489264795865738
5.733265,5.342002220834197,5.733265,-0.1014077989598184
5.7547,5.351924797717167,5.7547,-0.053062753840221
5.776136,5.36042241229242,5.776136,-0.00396158747353052
5.797571,5.367440369768784,5.797571,0.04582089239232307
5.819007,5.372933030784092,5.819007,0.09620799051842721
5.840442,5.376857653713455,5.840442,0.1471182688849296
5.861877,5.379179465709507,5.861877,0.1984683807573339
5.883313,5.379870938268081,5.883313,0.2501730692715883
5.904748,5.378906716187974,5.904748,0.3021470888829276
5.926184,5.376272672999941,5.926184,0.3543027604000422
5.947619,5.371956131103382,5.947619,0.4065523593544775
5.969055,5.365955641629656,5.969055,0.4588085687720842
5.99049,5.358270842361601,5.99049,0.5109847734744603
6.011926,5.348911513162541,6.011926,0.5629957618746992
6.033361,5.337889607198758,6.033361,0.6147547376858192
6.054796,5.325225046414054,6.054796,0.6661805642639644
6.076232,5.310943186009638,6.076232,0.7171911541452338
6.097667,5.295073003358311,6.097667,0.7677096720145477
6.119103,5.277651082393244,6.119103,0.8176601428225809
6.140538,5.258713644830441,6.140538,0.8669721153317
6.161974,5.238306692249233,6.161974,0.9155751383042713
6.183409,5.216475139577468,6.183409,0.9634044654229321
6.204845,5.193272594954836,6.204845,1.010400149747691
6.22628,5.168750855435227,6.22628,1.056504327087226
6.247715,5.142967513547093,6.247715,1.101665290941938
6.269151,5.115981972904686,6.269151,1.145835138092407
6.290586,5.087855085990896,6.290586,1.188969044165075
6.312022,5.058648791940097,6.312022,1.231028070815234
6.333457,5.02842901427542,6.333457,1.271976811315487
6.354893,4.997260589868519,6.354893,1.311785563858708
6.376328,4.965209804459687,6.376328,1.350428973243692
6.397764,4.932342943789216,6.397764,1.387887298635216
6.419199,4.898723395860118,6.419199,1.424143425272467
6.440635,4.864419257498487,6.440635,1.459183498349071
6.46207,4.829492105621536,6.46207,1.493000816847567
6.483505,4.794007863752396,6.483505,1.525590762499164
6.504941,4.758027746591119,6.504941,1.556953516412443
6.526376,4.721612606620598,6.526376,1.587091251890363
6.547812,4.684821847455083,6.547812,1.616013024361927
6.569247,4.647711974971547,6.569247,1.643728613690457
6.590683,4.610334424006719,6.590683,1.670250335259394
6.612118,4.572744613786089,6.612118,1.695594669949523
6.633554,4.534990356974787,6.633554,1.719780271944586
6.654989,4.497118379586462,6.654989,1.742827244296967
6.676424,4.459171785463163,6.676424,1.764760761099293
6.69786,4.421193316229778,6.69786,1.785603279815486
6.719295,4.383217744733674,6.719295,1.805381966732552
6.740731,4.345284552645297,6.740731,1.824124350354656
6.762166,4.307420544034494,6.762166,1.841858502511705
6.783602,4.269659042879991,6.783602,1.858613762793663
6.805037,4.232022506645713,6.805037,1.874418565247596
6.826473,4.194536290532863,6.826473,1.889304784983591
6.847908,4.157217418747966,6.847908,1.903299226071492
6.869343,4.120087624320626,6.869343,1.916433039187067
6.890779,4.083162120371565,6.890779,1.928734839485959
6.912214,4.046451048981266,6.912214,1.940233242123815
6.93365,4.009967087750332,6.93365,1.95095704336486
6.955085,3.973716032153323,6.955085,1.96093105508456
6.976521,3.9377072998364,6.976521,1.970183349112819
6.997956,3.901940890799565,6.997956,1.978735839587822
7.019392,3.866424411603179,7.019392,1.986613157276454
7.040827,3.83115532672712,7.040827,1.993835586339678
7.062263,3.796136896125831,7.062263,2.00042576535
7.083698,3.761365859844869,7.083698,2.006399812971041
7.105133,3.726841131232756,7.105133,2.011776202277967
7.126569,3.69256126142085,7.126569,2.016571233042979
7.148004,3.658522990454711,7.148004,2.020797763975261
7.16944,3.624723058379898,7.16944,2.024468110458255
7.190875,3.591157480807651,7.190875,2.027594587875403
7.212311,3.557824808869329,7.212311,2.030185889438547
7.233746,3.524720333741852,7.233746,2.032250889468108
7.255182,3.491841519905098,7.255182,2.033796288981549
7.276617,3.459186918490428,7.276617,2.034828426779169
7.298052,3.426754356194881,7.298052,2.035352011684052
7.319488,3.394543833018458,7.319488,2.035370484759215
7.340923,3.362553900092517,7.340923,2.034887649284841
7.362359,3.330785644068539,7.362359,2.03390567856389
7.383794,3.299240151598005,7.383794,2.032426021465002
7.40523,3.267919958201035,7.40523,2.030451575725459
7.426665,3.236828686049229,7.426665,2.027981254693778
7.448101,3.205969595097028,7.448101,2.025017412781501
7.469536,3.175348118601833,7.469536,2.021559144445729
7.490971,3.144970414255366,7.490971,2.017607536337941
7.512407,3.114845175269468,7.512407,2.013165305086837
7.533842,3.08497964598734,7.533842,2.008232631800998
7.555278,3.055379984100704,7.555278,2.002811146457644
7.576713,3.026058867210163,7.576713,1.996903927902635
7.598149,2.997025531853297,7.598149,1.990513511656092
7.619584,2.968288127916209,7.619584,1.983642252129556
7.64102,2.939861868519621,7.64102,1.976296125906168
7.662455,2.911753454680995,7.662455,1.968480022917588
7.683891,2.883978823955374,7.683891,1.960197384226837
7.705326,2.856546488446019,7.705326,1.951457446371497
7.726761,2.829471661273655,7.726761,1.94226745369477
7.748197,2.802763941193021,7.748197,1.932635193865597
7.769632,2.776434919153241,7.769632,1.92257008453014
7.791068,2.750497453863498,7.791068,1.912082086660301
7.812503,2.724962230730012,7.812503,1.901182972313781
7.833939,2.699839572941847,7.833939,1.889883789113964
7.855374,2.675141252556704,7.855374,1.878197576878611
7.87681,2.650875781677845,7.87681,1.866138824294126
7.898245,2.627053845711493,7.898245,1.853721838938332
7.91968,2.603681240132208,7.91968,1.84095984173757
7.941116,2.580765933717512,7.941116,1.827869494681205
7.962551,2.558316076353506,7.962551,1.814466735324278
7.983987,2.536336557971852,7.983987,1.800768406764735
8.005421999999999,2.51483100074415,8.005421999999999,1.786789178797556
8.026858000000001,2.493803751276321,8.026858000000001,1.772546437846427
8.048292999999999,2.473258431739966,8.048292999999999,1.758058838095089
8.069729000000001,2.453195947677985,8.069729000000001,1.743341230447107
8.091163999999999,2.433618653501918,8.091163999999999,1.728412631303385
8.112598999999999,2.414525824777445,8.112598999999999,1.713289340436124
8.134035000000001,2.395916737070246,8.134035000000001,1.697988382051848
8.155469999999999,2.377789035968781,8.155469999999999,1.682528410334302
8.176906000000001,2.360139280410029,8.176906000000001,1.666924276187048
8.198340999999999,2.342963486005229,8.198340999999999,1.651192098273708
8.219777000000001,2.326258936125681,8.219777000000001,1.635349263017967
8.241212000000001,2.310017118668122,8.241212000000001,1.619409896889068
8.262648,2.294234773678113,8.262648,1.603390661876373
8.284083000000001,2.278903026835232,8.284083000000001,1.587303148929005
8.305519,2.264014633796277,8.305519,1.571164382253486
8.326954000000001,2.249560358023666,8.326954000000001,1.55498649612468
8.348388999999999,2.235532411848458,8.348388999999999,1.538781987034609
8.369825000000001,2.221919928755851,8.369825000000001,1.522561902606655
8.391260000000001,2.208712404448203,8.391260000000001,1.50633882988713
8.412696,2.195900964605091,8.412696,1.490122005413617
8.434131000000001,2.183474199385975,8.434131000000001,1.473920937386566
8.455567,2.171420336733151,8.455567,1.457744228463531
8.477002000000001,2.159729053457558,8.477002000000001,1.441600481302061
8.498438,2.148387490850012,8.498438,1.42549639691962
8.519873,2.137385325721453,8.519873,1.409438766887957
8.541308000000001,2.126708612711216,8.541308000000001,1.393434020561665
8.562744,2.116347934173142,8.562744,1.377485508449474
8.584179000000001,2.106288258095085,8.584179000000001,1.361597305494434
8.605615,2.096519261287986,8.605615,1.345772852759567
8.627050000000001,2.087029896128461,8.627050000000001,1.330014232993542
8.648486,2.077809658318868,8.648486,1.314322713956421
8.669921,2.068845689150025,8.669921,1.298700559505453
8.691357,2.060126397672809,8.691357,1.283146864097739
8.712792,2.051642004023899,8.712792,1.267660631636087
8.734227000000001,2.043383452774293,8.734227000000001,1.252241047131889
8.755663,2.035338066323388,8.755663,1.236887295596533
8.777098000000001,2.027499143653724,8.777098000000001,1.221595935967
8.798534,2.019856361576238,8.798534,1.206364161060298
8.819969,2.012401570204828,8.819969,1.191187443161926
8.841405,2.005127162979134,8.841405,1.176063971186086
8.86284,1.998026257773113,8.86284,1.160986863006734
8.884276,1.991090885809244,8.884276,1.1459531303323
8.905711,1.984317243807347,8.905711,1.130956977688224
8.927147,1.97769844964138,8.927147,1.115993152925684
8.948582,1.971230337814002,8.948582,1.10105567946154
8.970017,1.964909105045033,8.970017,1.086138942929809
8.991453,1.958733121357252,8.991453,1.071237419518801
9.012888,1.952698040144739,9.012888,1.056344951536795
9.034324,1.946802231430272,9.034324,1.04145592461781
9.055759,1.941044608562372,9.055759,1.026564090515834
9.077195,1.9354255337582,9.077195,1.011663744310596
9.09863,1.929944101474854,9.09863,0.9967484566475061
9.120066,1.924602847232455,9.120066,0.9818146053549621
9.141501,1.919401771031004,9.141501,0.9668569382841434
9.162936,1.91434322728204,9.162936,0.9518703843948092
9.184372,1.909430294831425,9.184372,0.9368497820924283
9.205807,1.904664603656378,9.205807,0.9217919619768502
9.227243,1.900050319254241,9.227243,0.9066930302136041
9.248678,1.895591607122354,9.248678,0.8915496362939593
9.270114,1.891291546106578,9.270114,0.8763600596864056
9.291549,1.887155388355733,9.291549,0.8611219459794024
9.312984999999999,1.883187480475742,9.312984999999999,0.8458335746414395
9.33442,1.879393255724004,9.33442,0.8304938590210366
9.355855,1.875777604032181,9.355855,0.8151018030210034
9.377291,1.872344690897613,9.377291,0.7996589460642705
9.398726,1.869100130686282,9.398726,0.7841652881508375
9.420161999999999,1.866050262198489,9.420161999999999,0.7686234553551153
9.441597,1.863197620954355,9.441597,0.7530323610256235
9.463032999999999,1.860548545754179,9.463032999999999,0.7373980722997933
9.484468,1.858106658769564,9.484468,0.7217217663833949
9.505903999999999,1.855876125497851,9.505903999999999,0.7060062504594189
9.527339,1.853861835870699,9.527339,0.6902561880738012
9.548774999999999,1.85206560097391,9.548774999999999,0.6744755183381574
9.570209999999999,1.850490137436184,9.570209999999999,0.6586689953527137
9.591645,1.849140516297761,9.591645,0.6428405582290858
9.613080999999999,1.848017643101543,9.613080999999999,0.6269964099361397
9.634516,1.847123872259069,9.634516,0.6111415762369716
9.655951999999999,1.84646010931324,9.655951999999999,0.5952823506547377
9.677387,1.846027622024116,9.677387,0.5794238947839688
9.698823000000001,1.845826229283116,9.698823000000001,0.5635725927021115
9.720257999999999,1.845856112198822,9.720257999999999,0.5477336512808414
9.741694000000001,1.846115459685433,9.741694000000001,0.5319136357061851
9.763128999999999,1.846603547308628,9.763128999999999,0.5161189753327337
9.784564,1.847318382874027,9.784564,0.5003527037292028
9.805999999999999,1.848257068644349,9.805999999999999,0.4846239216017392
9.827434999999999,1.849418336859535,9.827434999999999,0.4689343494818533
9.848871000000001,1.850797116479343,9.848871000000001,0.4532920467013565
9.870305999999999,1.852391958635133,9.870305999999999,0.4377000921061095
9.891742000000001,1.854197792286664,9.891742000000001,0.4221629228563231
9.913176999999999,1.856209546393696,9.913176999999999,0.4066848855579183
9.934613000000001,1.858424142110366,9.934613000000001,0.3912716851311661
9.956047999999999,1.860834153984895,9.956047999999999,0.3759229819974789
9.977482999999999,1.863437589822901,9.977482999999999,0.3606444810771279
9.998919000000001,1.866227386389764,9.998919000000001,0.3454383103959284
10.020354,1.869198291536661,10.020354,0.3303053302196357
10.04179,1.872343604246133,10.04179,0.3152477364897826
10.063225,1.875660064563738,10.063225,0.3002675666778946
10.084661,1.879139884820535,10.084661,0.2853634171924763
10.106096,1.882778356193442,10.106096,0.2705373028664808
10.127532,1.886569864316479,10.127532,0.2557877974698401
10.148967,1.890508794823665,10.148967,0.2411145161468218
10.170403,1.894589171131859,10.170403,0.2265159194744954
10.191838,1.898806465526559,10.191838,0.2119903774756408
10.213273,1.903156693619005,10.213273,0.1975363280887551
10.234709,1.907633697717475,10.234709,0.1831509188537027
10.256144,1.91223530451901,10.256144,0.1688312067560581
10.27758,1.916953907463248,10.27758,0.154574305377827
10.299015,1.921788601007288,10.299015,0.1403784602296403
10.320451,1.92673558187095,10.320451,0.1262369929326091
10.341886,1.931790141231153,10.341886,0.1121480924009331
10.363322,1.936949381350616,10.363322,0.09810620086506258
10.384757,1.9422136644465,10.384757,0.08410819986163492
10.406192,1.947577557261403,10.406192,0.07014970882687058
10.427628,1.953043051989706,10.427628,0.05622503415978468
10.449063,1.958605077591167,10.449063,0.04232840868403174
10.470499,1.964265082934428,10.470499,0.02845658376445737
10.491934,1.970022705802328,10.491934,0.01460370733006919
10.51337,1.975877946194866,10.51337,0.0007651692478132858
10.534805,1.981829717460563,10.534805,-0.01306369155215238
10.556241,1.98788127955386,10.556241,-0.02689013037858776
10.577676,1.994031545823276,10.577676,-0.04071634140438733
10.599111,2.000282870680352,10.599111,-0.05454839318189302
10.620547,2.006636884102308,10.620547,-0.06839240661514573
10.641982,2.013097932695064,10.641982,-0.08225196708806584
10.663418,2.019666740892941,10.663418,-0.09613329454844893
10.684853,2.0263463875418,10.684853,-0.1100387434078355
10.706289,2.033140132596081,10.706289,-0.1239733507486077
10.727724,2.040052322661706,10.727724,-0.1379433874553493
10.74916,2.047087666561754,10.74916,-0.1519526907660997
10.770595,2.054249424250666,10.770595,-0.1660037282852621
10.792031,2.061542304551524,10.792031,-0.1801016729266535
10.813466,2.068971921830309,10.813466,-0.1942503845668861
10.834901,2.076544433778742,10.834901,-0.2084524440032253
10.856337,2.084264730328483,10.856337,-0.2227105112679404
10.877772,2.092138425845514,10.877772,-0.2370298158712799
10.899208,2.100170953587236,10.899208,-0.2514117387661666
10.920643,2.10837028233117,10.920643,-0.2658589286655835
10.942079,2.116743294203359,10.942079,-0.2803741701139486
10.963514,2.125295784678362,10.963514,-0.2949587761484672
10.98495,2.134035722533701,10.98495,-0.3096142182763521
11.006385,2.142971438764059,11.006385,-0.324341877450526
11.02782,2.152109996604056,11.02782,-0.3391445608539795
11.049256,2.161459002614054,11.049256,-0.3540210686423699
11.070691,2.171025882245834,11.070691,-0.3689727817686199
11.092127,2.180821502014199,11.092127,-0.383999858702737
11.113562,2.19085509845673,11.113562,-0.3990997412860283
11.134998,2.201131923722249,11.134998,-0.4142738331099891
11.156433,2.211662663216976,11.156433,-0.429520911691704
11.177869,2.222458183455716,11.177869,-0.4448383962339076
11.199304,2.233525185455928,11.199304,-0.4602236606621894
11.220739,2.244874535732415,11.220739,-0.4756767049765493
11.242175,2.256516195257078,11.242175,-0.4911922770281665
11.26361,2.268457951698861,11.26361,-0.5067676149111953
11.285046,2.280711396006883,11.285046,-0.5223986889597299
11.306481,2.293284678067248,11.306481,-0.5380799753620792
11.327917,2.306190656589138,11.327917,-0.5538101610810381
11.349352,2.319434945938533,11.349352,-0.5695795115304295
11.370788,2.333030404824617,11.370788,-0.5853839064900578
11.392223,2.346986813110711,11.392223,-0.6012162374481566
11.413659,2.361311958465757,11.413659,-0.6170695317243944
11.435094,2.376015620753076,11.435094,-0.6329365902527149
11.456529,2.391108123161731,11.456529,-0.6488089462070014
11.477965,2.406598702229303,11.477965,-0.664676638615352
11.4994,2.422495870059055,11.4994,-0.6805308837116349
11.520836,2.438809044297147,11.520836,-0.6963616299696583
11.542271,2.455546918155422,11.542271,-0.7121572411631549
11.563707,2.472716011542761,11.563707,-0.727908888248848
11.585142,2.490325379888165,11.585142,-0.7436033503003949
11.606578,2.508381543100516,11.606578,-0.7592288552600934
11.628013,2.526892107740176,11.628013,-0.7747720010930209
11.649448,2.545863774824605,11.649448,-0.7902192952099648
11.670884,2.565303064262685,11.670884,-0.8055589202760777
11.692319,2.585216133746137,11.692319,-0.8207741237477064
11.713755,2.605607148772302,11.713755,-0.8358528619042787
11.73519,2.626480999272841,11.73519,-0.8507769333335008
11.756626,2.647841669636515,11.756626,-0.8655325737832901
11.778061,2.669691152057704,11.778061,-0.8801026684928334
11.799497,2.692034879793809,11.799497,-0.8944719137871177
11.820932,2.71487375838773,11.820932,-0.9086231043510394
11.842367,2.738209961142428,11.842367,-0.9225391254237855
11.863803,2.762041858080682,11.863803,-0.9362013228216123
11.885238,2.786372890265514,11.885238,-0.9495934873266064
11.906674,2.811198711091001,11.906674,-0.9626954253320943
11.928109,2.836520769425785,11.928109,-0.9754921953802227
11.949545,2.862333450903885,11.949545,-0.9879604344641673
11.97098,2.88863566887382,11.97098,-1.000086378331845
11.992416,2.915422714512509,11.992416,-1.011846392313562
12.013851,2.94268770569391,12.013851,-1.023226621602945
12.035287,2.970425933594945,12.035287,-1.03420451818178
12.056722,2.998631783849629,12.056722,-1.044761608974903
12.078157,3.027294389943163,12.078157,-1.05487960201573
12.099593,3.056405783098024,12.099593,-1.064541201434869
12.121028,3.08595690788521,12.121028,-1.073724855311295
12.142464,3.11593581113844,12.142464,-1.082413267775614
12.163899,3.146330539691431,12.163899,-1.090587241318344
12.185335,3.177125518206299,12.185335,-1.09823101949302
12.20677,3.208310242385403,12.20677,-1.10532658199593
12.228206,3.23986913689086,12.228206,-1.111855002980459
12.249641,3.271780468693065,12.249641,-1.117801069325886
12.271076,3.304031197974257,12.271076,-1.123147032391365
12.292512,3.33660248944211,12.292512,-1.127880667347746
12.313947,3.369472610067022,12.313947,-1.131986670520014
12.335383,3.402620189036548,12.335383,-1.135450009896028
12.356818,3.436025666624044,12.356818,-1.138259728406694
12.378254,3.469664049845465,12.378254,-1.140403420114281
12.399689,3.503513605671208,12.399689,-1.141871486264046
12.421125,3.537548254465746,12.421125,-1.142653150895478
12.44256,3.571742278810715,12.44256,-1.142741712991116
12.463995,3.606071047939231,12.463995,-1.142132010956427
12.485431,3.640505946695647,12.485431,-1.140816257122471
12.506866,3.675020533227279,12.506866,-1.138792006523418
12.528302,3.70958727902996,12.528302,-1.136059078050686
12.549737,3.744177568948047,12.549737,-1.132616566161377
12.571173,3.778762787825892,12.571173,-1.12846582916984
12.592608,3.813315769376491,12.592608,-1.123609040379035
12.614044,3.847806449575558,12.614044,-1.118053806349325
12.635479,3.882206937701768,12.635479,-1.11180546978382
12.656915,3.916489343033795,12.656915,-1.104873086111522
12.67835,3.950626499284632,12.67835,-1.097268517944423
12.699785,3.984590877950117,12.699785,-1.089005529534606
12.721221,4.018358934914843,12.721221,-1.080096345711224
12.742656,4.051903141674646,12.742656,-1.070559258440859
12.764092,4.085201402982761,12.764092,-1.060413103015836
12.785527,4.118229450289465,12.785527,-1.049676443065608
12.806963,4.150968086085271,12.806963,-1.03837146439123
12.828398,4.183397388426377,12.828398,-1.026521711108106
12.849834,4.2155017819749,12.849834,-1.01415271952602
12.871269,4.247262069221356,12.871269,-1.00129174648627
12.892704,4.278668108085263,12.892704,-0.9879614305613574
12.91414,4.309708669834659,12.91414,-0.9741940996328202
12.935575,4.340371801303262,12.935575,-0.9600173727591135
12.957011,4.370654242536631,12.957011,-0.9454625817245832
12.978446,4.400551646928844,12.978446,-0.9305577078048448
12.999882,4.430061841176943,12.999882,-0.9153360749786248
13.021317,4.459186998583887,13.021317,-0.899827656715919
13.042753,4.487932190189916,13.042753,-0.8840630603667535
13.064188,4.516303211469594,13.064188,-0.8680711727496437
13.085623,4.544309480069079,13.085623,-0.851884321746126
13.107059,4.571967295760578,13.107059,-0.8355289492088857
13.128494,4.59928571397309,13.128494,-0.8190361152593985
13.14993,4.626287916604861,13.14993,-0.8024292734587791
13.171365,4.652990203428093,13.171365,-0.7857353184311628
13.192801,4.679418654078312,13.192801,-0.7689764359776039
13.214236,4.705596450453763,13.214236,-0.7521763965992321
13.235672,4.73155184549293,13.235672,-0.7353547147455459
13.257107,4.75731454100294,13.257107,-0.7185258338258034
13.278543,4.782914601008078,13.278543,-0.7017060988893526
13.299978,4.808385349487071,13.299978,-0.6849086855853913
13.321413,4.833763732590246,13.321413,-0.6681404760399605
13.342849,4.85908307429633,13.342849,-0.6514083071019569
13.364284,4.884380682972809,13.364284,-0.6347158462201259
13.38572,4.909692780335691,13.38572,-0.6180620067429874
13.407155,4.935060659141224,13.407155,-0.6014439362104058
13.428591,4.960520541105415,13.428591,-0.5848540280620198
13.450026,4.986109372378591,13.450026,-0.5682811893973021
13.471462,5.01186699684836,13.471462,-0.5517128331699402
13.492897,5.037829636230729,13.492897,-0.5351296260390155
13.514332,5.064032063373063,13.514332,-0.5185138646408294
13.535768,5.090513759945813,13.535768,-0.5018394240627119
13.557203,5.117302978887463,13.557203,-0.4850783683061926
13.578639,5.144433768611059,13.578639,-0.4682011313955807
13.600074,5.171936555358046,13.600074,-0.4511743893521497
13.62151,5.199837056546792,13.62151,-0.4339582982882919
13.642945,5.22816207624714,13.642945,-0.4165142367993147
13.664381,5.256930811968575,13.664381,-0.3988017723947254
13.685816,5.28616572117502,13.685816,-0.3807735451808446
13.707252,5.315877670381277,13.707252,-0.3623836441326336
13.728687,5.346082959359551,13.728687,-0.3435808155219422
13.750122,5.376787021367242,13.750122,-0.3243151865735433
13.771558,5.40799420301027,13.771558,-0.3045333302563266
13.792993,5.439705228722956,13.792993,-0.2841813667677315
13.814429,5.471918649636661,13.814429,-0.2632068425352653
13.835864,5.50462033928214,13.835864,-0.2415503086675315
13.8573,5.537804139967673,13.8573,-0.2191569345419244
13.878735,5.571446869795015,13.878735,-0.1959716178729683
13.900171,5.605531866774803,13.900171,-0.1719389507544587
13.921606,5.640028342448431,13.921606,-0.147003117785886
13.943041,5.674910941614694,13.943041,-0.1211097637546671
13.964477,5.710141631471785,13.964477,-0.09420755003800507
13.985912,5.745679481480616,13.985912,-0.06624484937130375
14.007348,5.781484647753579,14.007348,-0.0371714494007483
14.028783,5.817507868756904,14.028783,-0.006943635042832749
14.050219,5.85369770965386,14.050219,0.02448594227683587
14.071654,5.88999911343612,14.071654,0.05715808292555362
14.09309,5.926352314272269,14.09309,0.09111040089153656
14.114525,5.962694286376456,14.114525,0.1263772841664189
14.13596,5.998962003962829,14.13596,0.1629881911926719
14.157396,6.035085196902333,14.157396,0.2009727275634883
14.178831,6.070992870631596,14.178831,0.2403503058547906
14.200267,6.106614755021563,14.200267,0.2811439268562433
14.221702,6.141874422251459,14.221702,0.3233628723825732
14.243138,6.17669435784903,14.243138,0.3670182579728798
14.264573,6.210999220644982,14.264573,0.4121159243788694
14.286009,6.244710047298416,14.286009,0.458653222887559
14.307444,6.277747874468441,14.307444,0.5066256257844476
14.32888,6.310033738814159,14.32888,0.5560216326747031
14.350315,6.341487952560356,14.350315,0.6068278868005478
14.37175,6.372035898972056,14.37175,0.6590240134467278
14.393186,6.401598614708365,14.393186,0.712584340472023
14.414621,6.430099309731347,14.414621,0.7674774908149424
14.436057,6.45746916278059,14.436057,0.82367222324543
14.457492,6.483632108252477,14.457492,0.8811281052729928
14.478928,6.508522222623877,14.478928,0.9398010369583922
14.500363,6.532071409068696,14.500363,0.9996482766767401
14.521799,6.554215917366762,14.521799,1.060614767419706
14.543234,6.574894895035183,14.543234,1.122646448276148
14.564669,6.594054009499949,14.564669,1.185687447249127
14.586105,6.611637479318409,14.586105,1.24967636853001
14.60754,6.627598216259752,14.60754,1.314547379149955
14.628976,6.641889132093171,14.628976,1.380236728888789
14.650411,6.654468934062417,14.650411,1.446676139811838
14.671847,6.665302124885804,14.671847,1.51379362125854
14.693282,6.674353931715965,14.693282,1.5815201708599
14.714718,6.681596826048733,14.714718,1.649781262435234
14.736153,6.687004728248584,14.736153,1.718503637563918
14.757588,6.690558078588875,14.757588,1.787611411750916
14.779024,6.692243112817523,14.779024,1.857032684889956
14.800459,6.692043893379484,14.800459,1.926690485834521
14.821895,6.689953900365878,14.821895,1.996512008935439
14.84333,6.685967338302143,14.84333,2.066419558611873
14.864766,6.680086380491239,14.864766,2.13634286473477
14.886201,6.672310302498847,14.886201,2.206208940546376
14.907637,6.662648521971128,14.907637,2.275943169311716
14.929072,6.651107558816964,14.929072,2.345476910878958
14.950508,6.637702626157077,14.950508,2.414740257336207
14.971943,6.62244459050627,14.971943,2.48366565518311
14.993378,6.605355909328467,14.993378,2.552185732027894
15.014814,6.586456142350312,15.014814,2.620234564347427
15.036249,6.565764124864129,15.036249,2.687750756333076
15.057685,6.543308109808401,15.057685,2.754670014438929
15.07912,6.519113452384336,15.07912,2.820931848399254
15.100556,6.49321057883338,15.100556,2.886480295662821
15.121991,6.465627017659695,15.121991,2.951252511552356
15.143427,6.436396817276331,15.143427,3.015197242339711
15.164862,6.405551852793374,15.164862,3.078258706582234
15.186297,6.373129070361149,15.186297,3.140382933923074
15.207733,6.339166140564305,15.207733,3.201517583982602
15.229168,6.303697836250207,15.229168,3.261615206312849
15.250604,6.266766174609425,15.250604,3.320622917208443
15.272039,6.228408826226606,15.272039,3.378496888393017
15.293475,6.188671430463919,15.293475,3.435187133898481
15.31491,6.147594555643291,15.31491,3.490650549882786
15.336346,6.105227463298493,15.336346,3.544841496983764
15.357781,6.061613981705892,15.357781,3.597717958010846
15.379216,6.016803010182098,15.379216,3.649237191339145
15.400652,5.970844172478041,15.400652,3.699361164166852
15.422087,5.923789990081931,15.422087,3.74805003260636
15.443523,5.875695520002099,15.443523,3.795267212724502
15.464958,5.826612197075274,15.464958,3.84097430950231
15.486394,5.776599424915709,15.486394,3.885140534481178
15.507829,5.725716607137654,15.507829,3.927732201465221
15.529265,5.674023871789681,15.529265,3.968716710910031
15.5507,5.621583158006164,15.5507,4.008069432048723
15.572136,5.568462924830355,15.572136,4.045764647462933
15.593571,5.514724024745145,15.593571,4.081774466431336
15.615006,5.460440350051189,15.615006,4.116084038050367
15.636442,5.40567963535742,15.636442,4.148671267073264
15.657877,5.350512513010052,15.657877,4.179523838116584
15.679313,5.29501359974406,15.679313,4.208627986928243
15.700748,5.239255338991457,15.700748,4.235979004685162
15.722184,5.183315969658819,15.722184,4.261568560392658
15.743619,5.127268659612481,15.743619,4.285399914005172
15.765055,5.071193096627656,15.765055,4.307471616654064
15.78649,5.015162810787841,15.78649,4.327794897071296
15.807925,4.95925821430257,15.807925,4.34637844846871
15.829361,4.903557183861258,15.829361,4.363238208401349
15.850796,4.848135060633201,15.850796,4.378394823247336
15.872232,4.793067185787693,15.872232,4.391872561556396
15.893667,4.738428176059707,15.893667,4.403696778529736
15.915103,4.68429264818422,15.915103,4.41390405810052
15.936538,4.630733407810405,15.936538,4.422526999813158
15.957974,4.577815654027074,15.957974,4.429609794161175
15.979409,4.525610381397603,15.979409,4.435196631638101
16.000844,4.474179166839201,16.000844,4.439335324909067
16.02228,4.423583587269083,16.02228,4.44207875767944
16.043715,4.373882321867178,16.043715,4.443480900306072
16.065151,4.325131514293298,16.065151,4.443604416357656
16.086586,4.277378614995412,16.086586,4.442508709448443
16.108022,4.230669263335689,16.108022,4.440261151970207
16.129457,4.185046563156178,16.129457,4.436926580794598
16.150893,4.140545649521404,16.150893,4.432577801570792
16.172328,4.097201657495895,16.172328,4.427280737821922
16.193764,4.055040666715177,16.193764,4.421112541803082
16.215199,4.014086221294653,16.215199,4.414143845860488
16.236634,3.974353896572207,16.236634,4.406448180077631
16.25807,3.935858905668561,16.25807,4.398103783361089
16.279505,3.898608855144077,16.279505,4.389180201405593
16.300941,3.862606642736036,16.300941,4.379757484203521
16.322376,3.827847921838517,16.322376,4.369903366363805
16.343812,3.79433051914856,16.343812,4.359692826838579
16.365247,3.76203741045964,16.365247,4.349196497974058
16.386683,3.730958453691276,16.386683,4.338481752162014
16.408118,3.701070104728064,16.408118,4.327616686228541
16.429553,3.6723506305404,16.429553,4.316664688176652
16.450989,3.644770691538316,16.450989,4.305689508226518
16.472424,3.618299499263209,16.472424,4.29474837668943
16.49386,3.59290336751919,16.49386,4.28389816165952
16.515295,3.568543176852973,16.515295,4.273192471276478
16.536731,3.545177272291149,16.536731,4.262678755988274
16.558166,3.522767621031912,16.558166,4.252401568505595
16.579602,3.50126423710717,16.579602,4.242406185973452
16.601037,3.480624741109197,16.601037,4.232728105673529
16.622472,3.460798422635581,16.622472,4.223400289367396
16.643908,3.441738555672675,16.643908,4.214457509902417
16.665343,3.423393705383748,16.665343,4.205922586959677
16.686779,3.40571461023503,16.686779,4.197821962391862
16.708214,3.388651284258432,16.708214,4.190169038233893
16.72965,3.372156277005984,16.72965,4.182982649778096
16.751085,3.356176342555157,16.751085,4.176276199059392
16.772521,3.34066403045798,16.772521,4.170054032683702
16.793956,3.325571890266485,16.793956,4.164321946125588
16.815392,3.310853558184184,16.815392,4.159084285990969
16.836827,3.296460859328785,16.836827,4.154336705673926
16.858262,3.282353225378361,16.858262,4.150076669654338
16.879698,3.268486828056545,16.879698,4.146296933589002
16.901133,3.254823634561528,16.901133,4.142988442048919
16.922569,3.241324525440023,16.922569,4.140141415170765
16.944004,3.227954365627503,16.944004,4.137738466530858
16.96544,3.214677657842281,16.96544,4.135765831877115
16.986875,3.201465786928712,16.986875,4.134207573654492
17.008311,3.18829049994831,17.008311,4.133046305439306
17.029746,3.175121370659629,17.029746,4.132259569767633
17.051181,3.161937752684545,17.051181,4.13183070465011
17.072617,3.148717188559135,17.072617,4.131739063708611
17.094052,3.135440842991073,17.094052,4.131960740610575
17.115488,3.122090605122357,17.115488,4.132474002326394
17.136923,3.108651261832263,17.136923,4.133258926912267
17.158359,3.095112671040311,17.158359,4.134294867990069
17.179794,3.081463604014536,17.179794,4.135556832575753
17.20123,3.067692469805819,17.20123,4.1370277964628
17.222665,3.053795646242556,17.222665,4.138683128884322
17.2441,3.039765164547228,17.2441,4.140506530068117
17.265536,3.025601024719834,17.265536,4.14247662920174
17.286971,3.011299966805933,17.286971,4.144576764295828
17.308407,2.996860179719725,17.308407,4.146786288972257
17.329842,2.98228093902689,17.329842,4.149093250064746
17.351278,2.967568583527729,17.351278,4.151477363412329
17.372713,2.952720215484961,17.372713,4.153925951414406
17.394149,2.937742173698889,17.394149,4.156429234207653
17.415584,2.922638080341112,17.415584,4.158969825368387
17.43702,2.90741010871459,17.43702,4.161537945033286
17.458455,2.892066046488267,17.458455,4.164125262207669
17.47989,2.876609878050901,17.47989,4.166720910376734
17.501326,2.861045950008414,17.501326,4.169316920762959
17.522761,2.845378065640988,17.522761,4.171906773457462
17.544197,2.829614555943302,17.544197,4.174483948551363
17.565632,2.813759224195539,17.565632,4.177044461655901
17.587068,2.797816417003619,17.587068,4.179581792862195
17.608503,2.781792292059263,17.608503,4.182091595564323
17.629939,2.765689022665431,17.629939,4.184571696459325
17.651374,2.749512585405266,17.651374,4.187019560027081
17.672809,2.733265153581726,17.672809,4.18943120187883
17.694245,2.716949081606354,17.694245,4.191810968620493
17.71568,2.700570164953709,17.71568,4.194149442605908
17.737116,2.684128946949532,17.737116,4.196451694875315
17.758551,2.667626876462462,17.758551,4.198714827691435
17.779987,2.651066670121202,17.779987,4.200941376574389
17.801422,2.63444561129705,17.801422,4.203124097180973
17.822858,2.617766235510127,17.822858,4.205270233854391
17.844293,2.601030353846232,17.844293,4.207374353337239
17.865728,2.584233800808026,17.865728,4.20943681784668
17.887164,2.567378568589888,17.887164,4.211459800685674
17.908599,2.550462664997439,17.908599,4.213440766334099
17.930035,2.533483735619137,17.930035,4.215377903706155
17.95147,2.516439244934863,17.95147,4.217270488367523
17.972906,2.499329736270356,17.972906,4.219118520318204
17.994341,2.482152492996915,17.994341,4.220919826255233
18.015777,2.464905704028742,18.015777,4.222672232875654
18.037212,2.447582306131213,18.037212,4.224372842442185
18.058648,2.43018447260729,18.058648,4.226020206086186
18.080083,2.412708037959631,18.080083,4.227613237156175
18.101518,2.395150285559537,18.101518,4.229143604657473
18.122954,2.377509223212627,18.122954,4.230611308590078
18.144389,2.35978231539878,18.144389,4.23201308899955
18.165825,2.341965396620655,18.165825,4.233342788194169
18.18726,2.324057923552513,18.18726,4.234595697350853
18.208696,2.306057722891393,18.208696,4.23576746986368
18.230131,2.287964613528714,18.230131,4.236854845778212
18.251567,2.269774067749977,18.251567,4.237849494099765
18.273002,2.251487896640981,18.273002,4.23874598157094
18.294437,2.233101753595805,18.294437,4.239542497105935
18.315873,2.214619985220371,18.315873,4.240227449755628
18.337308,2.196037882691598,18.337308,4.240797941782739
18.358744,2.177357257095285,18.358744,4.241247453278386
18.380179,2.158578289540014,18.380179,4.241566204379248
18.401615,2.139704964414544,18.401615,4.241754557302485
18.42305,2.120732935112954,18.42305,4.241799834447494
18.444486,2.101668540435547,18.444486,4.241698051425514
18.465921,2.082511599273742,18.465921,4.241441239459024
18.487356,2.063264284930499,18.487356,4.241022878639143
18.508792,2.043930944011739,18.508792,4.240437897925629
18.530227,2.024513749820424,18.530227,4.239678690758121
18.551663,2.005019222265433,18.551663,4.238738375010579
18.573098,1.985447180238187,18.573098,4.237611155208439
18.594534,1.965804505864727,18.594534,4.236290511442823
18.615969,1.946097719053935,18.615969,4.234771010456327
18.637405,1.926329174217351,18.637405,4.233047581208711
18.65884,1.906505210155276,18.65884,4.231112617139615
18.680276,1.886633071210912,18.680276,4.228963220511758
18.701711,1.866717103990179,18.701711,4.226592146981936
18.723146,1.846766182813499,18.723146,4.223995774378552
18.744582,1.826785378721114,18.744582,4.221170118312842
18.766017,1.806785558227825,18.766017,4.218110832178887
18.787453,1.786769437962332,18.787453,4.214815742673727
18.808888,1.766746073353639,18.808888,4.211276881019838
18.830324,1.746724882047905,18.830324,4.207496058303023
18.851759,1.726714919474134,18.851759,4.20346747904872
18.873195,1.706721256672566,18.873195,4.199190781039768
18.89463,1.686755303483744,18.89463,4.194665239841848
18.916065,1.666826477553828,18.916065,4.189887233283359
18.937501,1.646937676620101,18.937501,4.184857123581461
18.958936,1.627104838237604,18.958936,4.179574910736154
18.980372,1.607333033446579,18.980372,4.174040956964597
19.001807,1.587631861001768,19.001807,4.168254175615312
19.023243,1.568008927463532,19.023243,4.162216015556938
19.044678,1.548475642672414,19.044678,4.155927563440955
19.066114,1.529037258777234,19.066114,4.149393528090444
19.087549,1.509706000607145,19.087549,4.142612460636766
19.108984,1.490489112505348,19.108984,4.135591243205961
19.13042,1.471391846620665,19.13042,4.128328426929389
19.151855,1.452426337227956,19.151855,4.120833067236051
19.173291,1.433600190887586,19.173291,4.113104077474468
19.194726,1.414918478639793,19.194726,4.105150150856481
19.216162,1.39639134256506,19.216162,4.096973460685051
19.237597,1.378023944257918,19.237597,4.088581975737699
19.259033,1.359821807530059,19.259033,4.079977507100226
19.280468,1.341794712244803,19.280468,4.071169110201633
19.301904,1.323946008910883,19.301904,4.062160769430681
19.323339,1.306283213534368,19.323339,4.052961177999213
19.344774,1.28881175937266,19.344774,4.043576493598947
19.36621,1.27153264252295,19.36621,4.034011425052968
19.387645,1.254453469545599,19.387645,4.024276838876075
19.409081,1.237579854806588,19.409081,4.01437744389135
19.430516,1.220910077774406,19.430516,4.004321571093474
19.451952,1.204452288335156,19.451952,3.99411610260849
19.473387,1.188207120368867,19.473387,3.983770093865397
19.494823,1.172175479418439,19.494823,3.9732907892074
19.516258,1.156360444329734,19.516258,3.962683621891897
19.537693,1.140762920645651,19.537693,3.951956560696411
19.559129,1.125386258874921,19.559129,3.941120834352904
19.580564,1.110226384074493,19.580564,3.930180789467297
19.602,1.095284201787267,19.602,3.91914330816563
19.623435,1.080562881413395,19.623435,3.908017445876907
19.644871,1.066058619672694,19.644871,3.896808635858527
19.666306,1.051769696033656,19.666306,3.885525209105173
19.687742,1.037697016039179,19.687742,3.874174772177206
19.709177,1.023839040266334,19.709177,3.862759136160426
19.730612,1.01019169377207,19.730612,3.851290616438276
19.752048,0.9967511732762067,19.752048,3.839768850793595
19.773483,0.9835181126587734,19.773483,3.828205792392667
19.794919,0.9704909724968401,19.794919,3.816601803452651
19.816354,0.9576632328815257,19.816354,3.804963403882427
19.83779,0.9450309999783593,19.83779,3.793295664722238
19.859225,0.9325948171130809,19.859225,3.781603294795165
19.880661,0.9203507904512199,19.880661,3.769891727358607
19.902096,0.908292309529605,19.902096,3.758162411281206
19.923532,0.896417653816726,19.923532,3.746418606517403
19.944967,0.8847227483695318,19.944967,3.734665021890277
19.966402,0.8732057821022222,19.966402,3.722906366222911
19.987838,0.8618626800717465,19.987838,3.711140466212342
20.009273,0.8506890956721836,20.009273,3.699374566201775
20.030709,0.8396833989263135,20.030709,3.687608666191207
20.052144,0.8288387982623847,20.052144,3.675845663917919
20.07358,0.8181560181147174,20.07358,3.664085559381912
20.095015,0.8076282669115601,20.095015,3.652330888103307
20.116451,0.7972538241214028,20.116451,3.640583823385062
20.137886,0.7870306069955747,20.137886,3.6288450896615
20.159321,0.7769568950025658,20.159321,3.617116498018419
20.180757,0.7670258965706247,20.180757,3.60539696180434
20.202192,0.7572381550254913,20.202192,3.593687567670743
20.223628,0.7475917234499305,20.223628,3.581989764486268
20.245063,0.7380822099608763,20.245063,3.570305363336716
20.266499,0.7287077129182383,20.266499,3.558632553136286
20.287934,0.7194686850934667,20.287934,3.546973144970779
20.30937,0.7103632248464711,20.30937,3.535325689971554
20.330805,0.7013868044627506,20.330805,3.523692361441572
20.35224,0.6925375675793598,20.35224,3.512073521597992
20.373676,0.6838183666564343,20.373676,3.500471343743776
20.395111,0.6752247645337631,20.395111,3.488881481273002
20.416547,0.6667572592599416,20.416547,3.477306469705792
20.437982,0.6584112778433237,20.437982,3.465748844562264
20.459418,0.6501922535413104,20.459418,3.454206432539459
20.480853,0.64209076870774,20.480853,3.442681769157498
20.502289,0.6341146562886989,20.502289,3.431174854416381
20.523724,0.6262544533608805,20.523724,3.419685688316107
20.54516,0.6185155479045406,20.54516,3.408217893028277
20.566595,0.6108958571710088,20.566595,3.39676531086117
20.58803,0.60339334368876,20.58803,3.385336272809467
20.609466,0.5960084602292439,20.609466,3.373928605570209
20.630901,0.5887390787666453,20.630901,3.362542309143395
20.652337,0.5815831618294387,20.652337,3.351179919049145
20.673772,0.5745435618777598,20.673772,3.339843970807581
20.695208,0.5676182414400831,20.695208,3.328532653332901
20.716643,0.5608050724905933,20.716643,3.317245604407947
20.738079,0.5541019722806197,20.738079,3.305990792810238
20.759514,0.5475092577501778,20.759514,3.294763509716695
20.780949,0.5410273816707173,20.780949,3.283565928430277
20.802385,0.534654216016423,20.802385,3.272398773385305
20.82382,0.5283850519642139,20.82382,3.261267115622021
20.845256,0.5222228325285156,20.845256,3.250168781837463
20.866691,0.5161653844063677,20.866691,3.239105945334591
20.888127,0.5102080893289793,20.888127,3.228079330547727
20.909562,0.5043511736820754,20.909562,3.21709147299699
20.930998,0.498595044959961,20.930998,3.206140199379421
20.952433,0.4929349943395553,20.952433,3.195230580735259
20.973868,0.4873713840380185,20.973868,3.184360443761546
20.995304,0.4819019501980999,20.995304,3.17353015067544
21.016739,0.4765245195168392,21.016739,3.162744410300022
21.038175,0.471236873414131,21.038175,3.152001411549493
21.05961,0.4660367027555798,21.05961,3.141298618903732
21.081046,0.4609218795153702,21.081046,3.13064146562014
21.102481,0.4558926300792271,21.102481,3.120030313915876
21.123917,0.4509441097926349,21.123917,3.109462266053661
21.145352,0.4460741000754879,21.145352,3.098938046467814
21.166788,0.4412854533879217,21.166788,3.088460552895617
21.188223,0.4365706537238648,21.188223,3.078026887599788
21.209658,0.4319300633004775,21.209658,3.067637775014648
21.231094,0.4273639085034845,21.231094,3.057293215140196
21.252529,0.4228647186039596,21.252529,3.046993570193594
21.273965,0.4184353460620383,21.273965,3.03673884017484
21.2954,0.4140733911890351,21.2954,3.026526489563814
21.316836,0.4097765901276995,21.316836,3.016357423903416
21.338271,0.4055424979122011,21.338271,3.006231099867907
21.359707,0.4013713862054101,21.359707,2.996145706371486
21.381142,0.3972582745213752,21.381142,2.986103778934273
21.402577,0.3932060153202322,21.402577,2.976100246516028
21.424013,0.3892121636361506,21.424013,2.96613547133391
21.445448,0.3852743197804449,21.445448,2.9562096344965
21.466884,0.3813927554159851,21.466884,2.946322917112377
21.488319,0.3775650029383682,21.488319,2.936472783661422
21.509755,0.3737912660947469,21.509755,2.926657241949253
21.53119,0.3700717259937011,21.53119,2.916878465278832
21.552626,0.3664039603079728,21.552626,2.907131925935656
21.574061,0.3627881727847147,21.574061,2.897420159439848
21.595496,0.3592218958195237,21.595496,2.887740630271285
21.616932,0.3557079592339629,21.616932,2.87809388175571
21.638367,0.3522438727850568,21.638367,2.86847701615584
21.659803,0.3488298628585304,21.659803,2.858890757905995
21.681238,0.3454660426472463,21.681238,2.849332028160317
21.702674,0.3421526385369295,21.702674,2.839804086873244
21.724109,0.3388897637204425,21.724109,2.830304217416077
21.745545,0.3356750185090999,21.745545,2.820832782005975
21.76698,0.3325085387343366,21.76698,2.811387064014238
21.788416,0.3293931315791433,21.788416,2.801969961178147
21.809851,0.3263262841619719,21.809851,2.792578937977581
21.831286,0.3233082228685475,21.831286,2.78321671104124
21.852722,0.3203417322432882,21.852722,2.773878390437464
21.874157,0.3174216733302353,21.874157,2.764566692794953
21.895593,0.3145535246639351,21.895593,2.755279082593587
21.917028,0.311734796001412,21.917028,2.746018095353486
21.938464,0.3089629970996904,21.938464,2.736784455508971
21.959899,0.3062435838547442,21.959899,2.72757508421418
21.981335,0.303571439949187,21.981335,2.718393060314975
22.00277,0.3009466785758816,22.00277,2.709235667182654
22.024205,0.2983721521949635,22.024205,2.700105983663078
22.045641,0.2958480419150126,22.045641,2.691001474236128
22.067076,0.2933691182257806,22.067076,2.681924674421923
22.088512,0.2909409049389584,22.088512,2.672873410917503
22.109947,0.2885582178214426,22.109947,2.663850038134408
22.131383,0.2862238640562236,22.131383,2.654852563878258
22.152818,0.2839380247518816,22.152818,2.645883342560595
22.174254,0.2816981643882961,22.174254,2.636940200878455
22.195689,0.279501724806774,22.195689,2.628022957723261
22.217124,0.2773542524575789,22.217124,2.619134691940873
22.23856,0.2752504951918898,22.23856,2.61027286801117
22.259995,0.2731933054698422,22.259995,2.601440021454272
22.281431,0.2711774537811877,22.281431,2.592633978967219
22.302866,0.2692084412990449,22.302866,2.583857276070133
22.324302,0.2672810158745925,22.324302,2.575105022831351
22.345737,0.2653980299679664,22.345737,2.566382290291115
22.367173,0.2635569027819009,22.367173,2.557686905146464
22.388608,0.261757770147831,22.388608,2.549018686288818
22.410044,0.2600007678971918,22.410044,2.540378177043918
22.431479,0.2582860318614184,22.431479,2.531765015194603
22.452914,0.2566109586046726,22.452914,2.523177027437913
22.47435,0.2549784458642352,22.47435,2.514616930402549
22.495785,0.2533858222885505,22.495785,2.506084724088509
22.517221,0.2518332916247711,22.517221,2.497580951821535
22.538656,0.2503209217886145,22.538656,2.489102534755767
22.560092,0.2488488712500883,22.560092,2.480652732845644
22.581527,0.2474172532020549,22.581527,2.472228648353886
22.602963,0.2460234642086763,22.602963,2.463833360126353
22.624398,0.2446703114529432,22.624398,2.455464151534346
22.645833,0.243355259414735,22.645833,2.447123920315144
22.667269,0.2420811152770422,22.667269,2.438813028685908
22.688704,0.2408452529654544,22.688704,2.430528397800777
22.71014,0.239647830949979,22.71014,2.422273468722771
22.731575,0.2384889397849062,22.731575,2.414047698126152
22.753011,0.2373686926630983,22.753011,2.405851991553818
22.774446,0.236287202777418,22.774446,2.39768580568003
22.795882,0.2352418666920273,22.795882,2.389552581567809
22.817317,0.2342354915899166,22.817317,2.381449421479873
22.838753,0.2332654966738204,22.838753,2.373381939782204
22.860188,0.2323291653150384,22.860188,2.365344884325981
22.881623,0.2314321797952689,22.881623,2.357344050585765
22.903059,0.2305663449512656,22.903059,2.349379257452977
22.924494,0.2297344906045913,22.924494,2.341450867144775
22.94593,0.2289339906808356,22.94593,2.33355924187832
22.967365,0.2281648904571436,22.967365,2.325706917173733
22.988801,0.2274245412205321,22.988801,2.317891538619473
23.010236,0.2267130108867187,23.010236,2.310118539472942
23.031672,0.2260248209211574,23.031672,2.302385746431178
23.053107,0.2253628237839837,23.053107,2.294695695014303
23.074542,0.224718733757661,23.074542,2.287048747439476
23.095978,0.2240954033023247,23.095978,2.279442368186577
23.117413,0.2234900705121295,23.117413,2.271882171621586
23.138849,0.2228972342139567,23.138849,2.264362724487104
23.160284,0.2223169170463789,23.160284,2.256890003366271
23.18172,0.2217435499205599,23.18172,2.249461110521807
23.203155,0.2211743482920817,23.203155,2.242076227062291
23.224591,0.2206065276165263,23.224591,2.234732998576183
23.246026,0.2200372807109031,23.246026,2.227434141692183
23.267461,0.2194637777536491,23.267461,2.220176939781592
23.288897,0.2188804270173556,23.288897,2.212959219541449
23.310332,0.2182843534033147,23.310332,2.205780618754593
23.331768,0.2176755116343813,23.331768,2.198641499638184
23.353203,0.2170426050628758,23.353203,2.191533531197542
23.374639,0.2163883955946435,23.374639,2.184462508907227
23.396074,0.2157071556708411,23.396074,2.177420101772558
23.41751,0.2149959875541878,23.41751,2.170406309793534
23.438945,0.2142519935074031,23.438945,2.163412983084054
23.460381,0.2134694006944984,23.460381,2.156443019381399
23.481816,0.2126481185611837,23.481816,2.149490623211006
23.503251,0.2117823516328979,23.503251,2.142550180206897
23.524687,0.2108691568952153,23.524687,2.135616619328829
23.546122,0.2099112509768365,23.546122,2.128686499513781
23.567558,0.2088999406659199,23.567558,2.121754749721513
23.588993,0.2078351354081753,23.588993,2.114817928889004
23.610429,0.2067166540950228,23.610429,2.107865351610032
23.631864,0.2055415084348918,23.631864,2.100896474558857
23.6533,0.2043067101362117,23.6533,2.093905683369498
23.674735,0.2030149531891105,23.674735,2.086881749309992
23.69617,0.2016632266634451,23.69617,2.079821412425899
23.717606,0.2002542245493436,23.717606,2.072716522831117
23.739041,0.1987849585552354,23.739041,2.065563639462626
23.760477,0.197258145309821,23.760477,2.058354250217164
23.781912,0.1956736037045204,23.781912,2.05107948077431
23.803348,0.194031220546471,23.803348,2.043736614505362
23.824783,0.1923365875630815,23.824783,2.036316595981319
23.846219,0.1905895915614892,23.846219,2.0288138108362
23.867654,0.1887929604896811,23.867654,2.021219022532423
23.889089,0.1869494788920752,23.889089,2.013526435595427
23.910525,0.1850619199938031,23.910525,2.005730254550651
23.93196,0.1831359434379911,23.93196,1.997821242860513
23.953396,0.1811743790462021,23.953396,1.989793423941872
23.974831,0.1791829091001349,23.974831,1.981643718948867
23.996267,0.1771643973792111,23.996267,1.973360355823797
24.017702,0.1751274578602688,24.017702,1.964939893503639
24.039138,0.1730749882805884,24.039138,1.956376174296674
24.060573,0.1710156592134392,24.060573,1.947660323882479
24.082009,0.1689523910346742,24.082009,1.938789082306614
24.103444,0.166896831289847,24.103444,1.929759008506058
24.124879,0.1648519343126693,24.124879,1.920561047051809
24.146315,0.1628264951885592,24.146315,1.911189040252147
24.16775,0.1608322520173602,24.16775,1.90164244478133
24.189186,0.1588722496870741,24.189186,1.891912205210358
24.210621,0.15695533987955,24.210621,1.88199469936763
24.232057,0.1550963169019198,24.232057,1.871887029515864
24.253492,0.1532982596000439,24.253492,1.861585211266301
24.274928,0.1515730871823459,24.274928,1.851083449144379
24.296363,0.1499327528151082,24.296363,1.840383916453058
24.317798,0.1483863006080462,24.317798,1.829477376654757
24.339234,0.1469428312673068,24.339234,1.818363467532316
24.360669,0.145617342847174,24.360669,1.807038566914134
24.382105,0.1444160383165142,24.382105,1.795505391428911
24.40354,0.1433540176031876,24.40354,1.783757058950607
24.424976,0.1424434602592018,24.424976,1.7717937505878
24.446411,0.1416965797944229,24.446411,1.759617277426292
24.467847,0.1411227146200087,24.467847,1.747227458357503
24.489282,0.1407400661482531,24.489282,1.734623750055692
24.510717,0.1405609950397433,24.510717,1.72180560919512
24.532153,0.1405949528984999,24.532153,1.708778469033186
24.553588,0.1408602769682515,24.553588,1.695541967352732
24.575024,0.1413694976988792,24.575024,1.682098458565298
24.596459,0.14213808855469,24.596459,1.668450478191004
24.617895,0.1431786479012823,24.617895,1.654606719441692
24.63933,0.1445067623958255,24.63933,1.640569355620322
24.660766,0.1461351322774947,24.660766,1.626347079938737
24.682201,0.1480853887023177,24.682201,1.611939349071195
24.703637,0.1503673568107614,24.703637,1.597363730549961
24.725072,0.1529997926601459,24.725072,1.582620043266454
24.746507,0.1559926006259416,24.746507,1.567725673644357
24.767943,0.1593646612776173,24.767943,1.552683338312372
24.789378,0.1631319348087886,24.789378,1.537510604802762
24.810814,0.1673044274685025,24.810814,1.522216528544528
24.832249,0.1719041892263782,24.832249,1.506815598224073
24.853685,0.1769353176640391,24.853685,1.49132266474496
24.87512,0.1824199533053943,24.87512,1.475752669565042
24.896556,0.1883682835080711,24.896556,1.460123542433743
24.917991,0.1947904956296962,24.917991,1.444453213100486
24.939426,0.2017029120810453,24.939426,1.428759792423274
24.960862,0.2091127658860338,24.960862,1.413064560660262
24.982297,0.2170333911638665,24.982297,1.397385357006583
25.003733,0.2254721454506075,25.003733,1.381746812229122
25.025168,0.23443330743646,25.025168,1.366173194877604
25.046604,0.2439303244334918,25.046604,1.350685966318762
25.068039,0.2539645321174805,25.068039,1.335309485656612
25.089475,0.2645433559402077,25.089475,1.320071734166769
25.11091,0.2756650527315904,25.11091,1.304997161507538
25.132345,0.2873340596518396,25.132345,1.290116737246104
25.153781,0.2995486561694448,25.153781,1.275452284966363
25.175216,0.3123071670300407,25.175216,1.261031876498218
25.196652,0.3256048381334016,25.196652,1.246889741363298
25.218087,0.3394338138948683,25.218087,1.233047884254077
25.239523,0.3537893402142148,25.239523,1.219537727509189
25.260958,0.3686604147452041,25.260958,1.206384535775552
25.282394,0.3840361256958891,25.282394,1.19362000305467
25.303829,0.3999023692355994,25.303829,1.181272472839318
25.325265,0.4162419853263767,25.325265,1.169364764810583
25.3467,0.4330407116675434,25.3467,1.157925494124108
25.368135,0.4502721516835592,25.368135,1.14698037819826
25.389571,0.4679219072423114,25.389571,1.136552327268412
25.411006,0.4859602312595291,25.411006,1.126664161015649
25.432442,0.5043665679113783,25.432442,1.117341868521207
25.453877,0.523114022573724,25.453877,1.108602292883027
25.475313,0.5421695882078544,25.475313,1.100465627707785
25.496748,0.5615060985267646,25.496748,1.092948534984843
25.518184,0.5810934442290235,25.518184,1.086065231737735
25.539619,0.6008981202273247,25.539619,1.079829482218542
25.561054,0.620883587865646,25.561054,1.074252334050647
25.58249,0.6410192850711066,25.58249,1.069341756011573
25.603925,0.6612682656933792,25.603925,1.065102366370108
25.625361,0.6815936741364267,25.625361,1.061542224458066
25.646796,0.7019583378641967,25.646796,1.058659790852515
25.668232,0.7223312873095034,25.668232,1.056453797793396
25.689667,0.7426720447047088,25.689667,1.054922796412069
25.711103,0.7629431658508907,25.711103,1.05405610130231
25.732538,0.7831163978095635,25.732538,1.05384909419533
25.753973,0.8031509005959294,25.753973,1.054287920284755
25.775409,0.8230151613170622,25.775409,1.055358634209923
25.796844,0.8426773954171657,25.796844,1.057050278901742
25.81828,0.8621059088947337,25.81828,1.059336412507527
25.839715,0.8812718149312507,25.839715,1.062202727449454
25.861151,0.9001463172624911,25.861151,1.06562577016641
25.882586,0.9187066867616602,25.882586,1.069575567188398
25.904022,0.9369238555016628,25.904022,1.074034732091735
25.925457,0.9547812520474253,25.925457,1.078966771497544
25.946893,0.972259135563724,25.946893,1.084350948473411
25.968328,0.9893407535069056,25.968328,1.090147600240308
25.989763,1.006012522733468,25.989763,1.096332458248511
26.011199,1.022263848391478,26.011199,1.102872017410713
26.032634,1.038084226183294,26.032634,1.109729241022296
26.05407,1.053469400057286,26.05407,1.116876600579096
26.075505,1.068418283361973,26.075505,1.124280138222356
26.096941,1.082926438937144,26.096941,1.131902545584588
26.118376,1.097002288331771,26.118376,1.139715931944467
26.139812,1.110651083694675,26.139812,1.147686067780367
26.161247,1.123877986620388,26.161247,1.155778361353501
26.182682,1.13669449750374,26.182682,1.163967910234113
26.204118,1.149118727202736,26.204118,1.172226280375139
26.225553,1.161162176112208,26.225553,1.180518789483502
26.246989,1.17284630559889,26.246989,1.188826511712587
26.268424,1.184188954857915,26.268424,1.197124001306901
26.28986,1.19521493576475,26.28986,1.205385721956657
26.311295,1.205948697977697,26.311295,1.213595736106814
26.332731,1.216418222772373,26.332731,1.221731586293446
26.354166,1.226648231469952,26.354166,1.229783402098942
26.375601,1.23666697700892,26.375601,1.237735155413968
26.397037,1.246508870019484,26.397037,1.245576975820913
26.418472,1.256202163440129,26.418472,1.253302071748025
26.439908,1.265778551272361,26.439908,1.260907092686574
26.461343,1.275272806363547,26.461343,1.26839149531082
26.482779,1.284713634423623,26.482779,1.275752019666321
26.504214,1.294132729454095,26.504214,1.282994551781929
26.52565,1.303565407628069,26.52565,1.290125339903656
26.547085,1.313043725164212,26.547085,1.297156699414943
26.568521,1.32259665943533,26.568521,1.304101489024974
26.589956,1.332250108968367,26.589956,1.31097546518021
26.611391,1.342039661599301,26.611391,1.317794384327116
26.632827,1.351988227563506,26.632827,1.324580794483906
26.654262,1.362118535987775,26.654262,1.331360231960364
26.675698,1.372460107570656,26.675698,1.338155425883286
26.697133,1.383032864255952,26.697133,1.344998432471336
26.718569,1.393853377478736,26.718569,1.351915421914331
26.740004,1.404941569182813,26.740004,1.358945060894108
26.76144,1.416307853111533,26.76144,1.366120311172234
26.782875,1.427968981808551,26.782875,1.373476760584684
26.80431,1.439925679708186,26.80431,1.381053981356198
26.825746,1.45218836055379,26.825746,1.388888014094201
26.847181,1.464757658225394,26.847181,1.397024860378023
26.868617,1.477634206603028,26.868617,1.405504364095272
26.890052,1.49080904081198,26.890052,1.414366188024975
26.911488,1.504273105423249,26.911488,1.423656786517912
26.932923,1.518017163899251,26.932923,1.43341627512456
26.954359,1.532025731456395,26.954359,1.443688029349837
26.975794,1.546273000122026,26.975794,1.454518956315973
26.997229,1.560739953495239,26.997229,1.465943013881725
27.018665,1.575394716465949,27.018665,1.47800403032346
27.0401,1.59021139050721,27.0401,1.490745924471838
27.061536,1.605150856165735,27.061536,1.504199756448334
27.082971,1.620174356205397,27.082971,1.518406456792037
27.104407,1.635235889046865,27.104407,1.533400707796023
27.125842,1.650296154128274,27.125842,1.549206959118596
27.147278,1.665299732224132,27.147278,1.565860074161415
27.168713,1.680196456257768,27.168713,1.583385045908523
27.190149,1.694927465940673,27.190149,1.601803426280944
27.211584,1.709439515350315,27.211584,1.621130609507982
27.233019,1.723665956529241,27.233019,1.641385249773381
27.254455,1.7375437636916,27.254455,1.662575678071822
27.27589,1.751012446571659,27.27589,1.684710949832306
27.297326,1.763998656194504,27.297326,1.707786537340334
27.318761,1.776438280122803,27.318761,1.731807692744725
27.340197,1.788257244947322,27.340197,1.756757029621796
27.361632,1.799391438230727,27.361632,1.782629839148467
27.383068,1.809766062129464,27.383068,1.809401852775014
27.404503,1.819313200926021,27.404503,1.837055140752011
27.425938,1.827964576685723,27.425938,1.865555111340673
27.447374,1.835648289302297,27.447374,1.894870613865234
27.468809,1.842302399641371,27.468809,1.924960174460865
27.490245,1.847857905333951,27.490245,1.955782319262738
27.51168,1.852255583874367,27.51168,1.987285613434124
27.533116,1.855436393865525,27.533116,2.019418078812553
27.554551,1.857343829430456,27.554551,2.052114335200631
27.575987,1.857921928017929,27.575987,2.085319325590028
27.597422,1.857127404677314,27.597422,2.118957165485709
27.618857,1.854913533394964,27.618857,2.152961750255962
27.640293,1.851240470283269,27.640293,2.18725393545131
27.661728,1.846077970209365,27.661728,2.221754033296539
27.683164,1.839395788040386,27.683164,2.256385072645133
27.704599,1.831173639615367,27.704599,2.291057223641396
27.726035,1.821387980818904,27.726035,2.325683010841169
27.74747,1.810038630542417,27.74747,2.360181659817757
27.768906,1.797111643425243,27.768906,2.394455734155102
27.790341,1.782613720484844,27.790341,2.428420475037747
27.811777,1.766554822693122,27.811777,2.461980619352593
27.833212,1.748951249822278,27.833212,2.495051408284184
27.854647,1.729820026078838,27.854647,2.527543736411142
27.876083,1.709191215487087,27.876083,2.55936523835765
27.897518,1.687101945305931,27.897518,2.590430068656771
27.918954,1.663589523902859,27.918954,2.620658539533289
27.940389,1.63870466168028,27.940389,2.649967703257548
27.961825,1.612495171303323,27.961825,2.678280950900194
27.98326,1.585022086363461,27.98326,2.705524752377732
28.004696,1.556350605949506,28.004696,2.731625758715248
28.026131,1.526542125870089,28.026131,2.756519857475408
28.047566,1.495675971683267,28.047566,2.780146739501063
28.069002,1.463824224603893,28.069002,2.80245261554394
28.090437,1.431069560698754,28.090437,2.823386594093051
28.111873,1.397495199360375,28.111873,2.842904846872027
28.133308,1.363184269426993,28.133308,2.860966624450359
28.154744,1.328223793571314,28.154744,2.877538059523582
28.176179,1.292707767146378,28.176179,2.89259832460499
28.197615,1.25672022453332,28.197615,2.9061236944706
28.21905,1.220359145473939,28.21905,2.918100404868329
28.240485,1.183709288783692,28.240485,2.928517951500535
28.261921,1.146865736467098,28.261921,2.937379775430238
28.283356,1.109916960065503,28.283356,2.944685333331699
28.304792,1.072951974445995,28.304792,2.950445129502559
28.326227,1.03605644396693,28.326227,2.954679448103782
28.347663,0.9993197457125561,28.347663,2.957402053387452
28.369098,0.9628178547321981,28.369098,2.958647174875194
28.390534,0.9266303682467811,28.390534,2.958442341071174
28.411969,0.8908370645858108,28.411969,2.95682540366862
28.433405,0.8555077611068908,28.433405,2.953838017640939
28.45484,0.8207090152131837,28.45484,2.949518215789939
28.476275,0.7865041243534123,28.476275,2.94392177955827
28.497711,0.7529530807447131,28.497711,2.937093804982362
28.519146,0.7201161029899477,28.519146,2.929093695676467
28.540582,0.6880363854854544,28.540582,2.919977776408974
28.562017,0.6567639594764683,28.562017,2.909798387559515
28.583453,0.6263354088961562,28.583453,2.898625980365722
28.604888,0.596790758740706,28.604888,2.886517060704568
28.626324,0.5681563603085128,28.626324,2.873531937733202
28.647759,0.5404619606838473,28.647759,2.859741243797841
28.669194,0.5137306512106643,28.669194,2.845202390318354
28.69063,0.4879716684265452,28.69063,2.829979670840653
28.712065,0.4632079678440097,28.712065,2.814140638865093
28.733501,0.4394385080887225,28.733501,2.797743611354445
28.754936,0.4166690393580998,28.754936,2.7808494407916
28.776372,0.394901916063682,28.776372,2.76352006631093
28.797807,0.3741324067438157,28.797807,2.745810001595026
28.819243,0.3543524067895443,28.819243,2.7277781069324
28.840678,0.3355502573360281,28.840678,2.709482518177242
28.862113,0.3177142316027097,28.862113,2.690968331365982
28.883549,0.3008256074901281,28.883549,2.672290965724109
28.904984,0.2848690813232702,28.904984,2.653495517288055
28.92642,0.269818799852336,28.92642,2.634627263202825
28.947855,0.2556523056134012,28.947855,2.61572822065899
28.969291,0.2423471411425414,28.969291,2.596840225738537
28.990726,0.2298736951869209,28.990726,2.577995153551553
29.012162,0.218205820195297,29.012162,2.559235021288605
29.033597,0.2073137238062539,29.033597,2.540584821933738
29.055033,0.1971675683812309,29.055033,2.522072808425438
29.076468,0.1877373804502321,29.076468,2.503734659153972
29.097903,0.1789966615641412,29.097903,2.485581240634142
29.119339,0.1709047075695951,29.119339,2.467644790193194
29.140774,0.163438313929777,29.140774,2.449936536563091
29.16221,0.1565671675961033,29.16221,2.432478031664856
29.183645,0.1502573220291038,29.183645,2.415280504230452
29.205081,0.1444782604330425,29.205081,2.398358805163441
29.226516,0.1392028844366317,29.226516,2.381716918852585
29.247952,0.1344005300934141,29.247952,2.365370058418606
29.269387,0.1300474495408326,29.269387,2.349325649313286
29.290822,0.1261092661065392,29.290822,2.333580793799344
29.312258,0.1225656163945664,29.312258,2.318140200699862
29.333693,0.11938902849718,29.333693,2.30301129546662
29.355129,0.1165590145062634,29.355129,2.288191542579498
29.376564,0.1140443784689056,29.376564,2.273681485364237
29.398,0.1118316164766078,29.398,2.259478407192135
29.419435,0.1098929170430483,29.419435,2.245579229217332
29.440871,0.108214674386152,29.440871,2.231985038091308
29.462306,0.1067725180826178,29.462306,2.218682069561981
29.483741,0.1055491409437662,29.483741,2.205674489126692
29.505177,0.1045307787175144,29.505177,2.192956139093719
29.526612,0.103703587916776,29.526612,2.18051687738258
29.548048,0.1030465486269808,29.548048,2.168357247319015
29.569483,0.1025493150204941,29.569483,2.156463484650943
29.590919,0.1021979417366533,29.590919,2.144833053858241
29.612354,0.1019819810742475,29.612354,2.133459072814869
29.63379,0.1018910079706386,29.63379,2.122335202720526
29.655225,0.1019145181281844,29.655225,2.11145456144917
29.676661,0.1020419959299567,29.676661,2.10080736913748
29.698096,0.1022665026534828,29.698096,2.090390003613854
29.719531,0.1025774547661171,29.719531,2.080196307186572
29.740967,0.1029678569489555,29.740967,2.070219397729592
29.762402,0.1034306686059492,29.762402,2.060452755334032
29.783838,0.1039588717796219,29.783838,2.050885875702252
29.805273,0.1045489688105217,29.805273,2.04151930215999
29.826709,0.1051975186356278,29.826709,2.032339089346586
29.848144,0.1058937905715732,29.848144,2.023349040542217
29.86958,0.1066379091305066,29.86958,2.014535572603383
29.891015,0.107422731842803,29.891015,2.005898866638664
29.91245,0.1082447384104379,29.91245,1.997432221630598
29.933886,0.109100374577528,29.933886,1.989128574344563
29.955321,0.1099861087267627,29.955321,1.980984845934699
29.976757,0.1108983639636864,29.976757,1.972994154274965
29.998192,0.1118335633938432,29.998192,1.965156861582521
30.019628,0.1127917749329508,30.019628,1.957462463559725
30.041063,0.113765765557094,30.041063,1.949911141315157
30.062499,0.1147519244139582,30.062499,1.942499816002955
30.083934,0.1157539302715756,30.083934,1.935217621108319
30.105369,0.1167645274674583,30.105369,1.928068722128589
30.126805,0.1177837273208928,30.126805,1.921046055829144
30.14824,0.118804262850105,30.14824,1.914146362255542
30.169676,0.1198297788652682,30.169676,1.907362578173163
30.191111,0.1208566192369228,30.191111,1.900698687970767
30.212547,0.1218811617934683,30.212547,1.894147447305153
30.233982,0.1228997164475864,30.233982,1.88770197405028
30.255418,0.123912283199277,30.255418,1.881366252594908
30.276853,0.1249151719612221,30.276853,1.875129416424235
30.298289,0.1259120388628809,30.298289,1.868991827755421
30.319724,0.1268918476001577,30.319724,1.862949864416866
30.341159,0.1278582543025119,30.341159,1.857000266454129
30.362595,0.1288075462440527,30.362595,1.851135970632589
30.38403,0.1297396894669215,30.38403,1.845360418015266
30.405466,0.1306509599259412,30.405466,1.839667088693279
30.426901,0.1315413010246806,30.426901,1.834051998277867
30.448337,0.1324070226758214,30.448337,1.828508264642989
30.469772,0.1332517130931057,30.469772,1.823035706680065
30.491208,0.1340679807826106,30.491208,1.817631245543234
30.512643,0.1348557351900463,30.512643,1.812291077952315
30.534078,0.1356186437641584,30.534078,1.807011943952869
30.555514,0.1363492357760205,30.555514,1.801782614812932
30.576949,0.1370511447165195,30.576949,1.796610515984286
30.598385,0.1377243139892242,30.598385,1.791485143169289
30.61982,0.1383649629525262,30.61982,1.786402511979181
30.641256,0.1389730463292807,30.641256,1.78135918135094
30.662691,0.1395521862910883,30.662691,1.776355332393147
30.684127,0.1400986135156271,30.684127,1.77137973637384
30.705562,0.1406122487678932,30.705562,1.766432574401598
30.726997,0.1410967481773462,30.726997,1.761510224304821
30.748433,0.1415520551475547,30.748433,1.756609063911907
30.769868,0.1419780904435151,30.769868,1.751721667771077
30.791304,0.1423748087880822,30.791304,1.746848035882329
30.812739,0.1427458663107156,30.812739,1.741980923902463
30.834175,0.143094930460161,30.834175,1.737120150722898
30.85561,0.1434182319140964,30.85561,1.732262094172033
30.877046,0.1437194494405537,30.877046,1.727395706626487
30.898481,0.144002261807565,30.898481,1.72252841353804
30.919917,0.1442703817410208,30.919917,1.717648805066151
30.941352,0.1445200285993131,30.941352,1.71275724342798
30.962787,0.144762385837259,30.962787,1.707849563126186
30.984223,0.1449974647741447,30.984223,1.702926126377928
31.005658,0.1452252201328253,31.005658,1.697979145514266
31.027094,0.1454531679193721,31.027094,1.6930086205352
31.048529,0.1456812741759264,31.048529,1.688010929269128
31.069965,0.1459170775471323,31.069965,1.682985890607471
31.0914,0.1461605893522759,31.0914,1.677933685658808
31.112836,0.1464155789136792,31.112836,1.672846345645619
31.134271,0.1466933655175945,31.134271,1.667731658236844
31.155706,0.1469864557965228,31.155706,1.662578213591942
31.177142,0.1473099723168969,31.177142,1.657393618271274
31.198577,0.14766019103354,31.198577,1.652173706777499
31.220013,0.1480484991484218,31.220013,1.646918841327777
31.241448,0.1484711952549377,31.241448,1.641632462985129
31.262884,0.1489396891936301,31.262884,1.636306965189194
31.284319,0.1494540715187889,31.284319,1.630949954500332
31.305755,0.1500182247455986,31.305755,1.625561430918544
31.32719,0.1506360313892437,31.32719,1.62014121333525
31.348625,0.1513151772450895,31.348625,1.61468930175045
31.370061,0.152055798144571,31.370061,1.609213302724505
31.391496,0.1528617992414453,31.391496,1.603709231868655
31.412932,0.1537371309666142,31.412932,1.59818107357166
31.434367,0.1546857097931212,31.434367,1.59262864672494
31.455803,0.1557115087904407,31.455803,1.587063180060458
31.477238,0.1568146637900077,31.477238,1.581477429235012
31.498674,0.157999159180583,31.498674,1.575882622980564
31.520109,0.1592689453930687,31.520109,1.570274776908353
31.541545,0.160624214855331,31.541545,1.564661859795902
31.56298,0.1620689293175582,31.56298,1.55904731270623
31.584415,0.1636032925269028,31.584415,1.553431316747918
31.605851,0.1652274855919449,31.605851,1.547821659589907
31.627286,0.166945481582159,31.627286,1.542218160123617
31.648722,0.1687536696452306,31.648722,1.53662480273781
31.670157,0.17065987140796,31.670157,1.531045571821245
31.691593,0.1726604533794603,31.691593,1.525487892825704
31.713028,0.1747555966683114,31.713028,1.519948143579587
31.734464,0.1769416677836265,31.734464,1.514437915032015
31.755899,0.1792264996714921,31.755899,1.508953313348519
31.777334,0.1816064701603074,31.777334,1.503502216752329
31.79877,0.1840779004820405,31.79877,1.498088609632206
31.820205,0.1866448316218834,31.820205,1.49270859815368
31.841641,0.1893035961310904,31.841641,1.487373863820162
31.863076,0.1920543751182416,31.863076,1.482080693905763
31.884512,0.1948934784960187,31.884512,1.476836876079423
31.905947,0.197821098692288,31.905947,1.471642500895433
31.927383,0.2008412427343828,31.927383,1.466497749462373
31.948818,0.2039463719776591,31.948818,1.461410409449184
31.970254,0.2071366901692695,31.970254,1.456376768129975
31.991689,0.2104084166676057,31.991689,1.451400809893507
32.013124,0.2137694976116168,32.013124,1.446490322408722
32.03456,0.217208500522188,32.03456,1.441637880223839
32.055995,0.2207293871495077,32.055995,1.436851271007798
32.077431,0.2243285126834026,32.077431,1.432134569703651
32.098866,0.2280059450395902,32.098866,1.427480079196745
32.120302,0.2317619106037956,32.120302,1.422895858818894
32.141737,0.2355964772917362,32.141737,1.418385711850277
32.163173,0.2395020838201957,32.163173,1.413946197227874
32.184608,0.2434866084124055,32.184608,1.409581118231865
32.206043,0.2475424218694317,32.206043,1.405290746525121
32.227479,0.25167355385718,32.227479,1.401075263216221
32.248914,0.2558762237340423,32.248914,1.396942546528397
32.27035,0.2601506126085985,32.27035,1.392888974290049
32.291785,0.2644967883965662,32.291785,1.388914637055466
32.313221,0.2689149548450978,32.313221,1.38502759415646
32.334656,0.2734051798699109,32.334656,1.381227936147321
32.356092,0.2779637054679699,32.356092,1.37751602524521
32.377527,0.2825906674707097,32.377527,1.373891770895835
32.398962,0.2872901181826085,32.398962,1.370363413539589
32.420398,0.2920582316849132,32.420398,1.366931134285051
32.441833,0.2968912273360155,32.441833,1.363599008075273
32.463269,0.3017931800789662,32.463269,1.360363322184364
32.484704,0.3067641578294829,32.484704,1.357236029778606
32.50614,0.311796463472914,32.50614,1.354213508686398
32.527575,0.3168941266751653,32.527575,1.351303727685262
32.549011,0.3220533215174835,32.549011,1.348507048992359
32.570446,0.327278100304347,32.570446,1.345827547550738
32.591882,0.3325567815323435,32.591882,1.343273373246501
32.613317,0.3378972887018495,32.613317,1.340840903908048
32.634752,0.343291902059641,32.634752,1.33853819886719
32.656188,0.3487367277712473,32.656188,1.336365529786798
32.677623,0.3542318790295308,32.677623,1.334331046552972
32.699059,0.359773462000021,32.699059,1.332439095771634
32.720494,0.3653575828482469,32.720494,1.330689767997074
32.74193,0.3709804156554553,32.74193,1.329087500389502
32.763365,0.3766379986714579,32.763365,1.32763645844626
32.784801,0.3823264607003566,32.784801,1.326344973162029
32.806236,0.3880379008803472,32.806236,1.325209150702338
32.827671,0.3937684027383866,32.827671,1.324233518781688
32.849107,0.3995139818857139,32.849107,1.323426317840471
32.870542,0.4052667148219525,32.870542,1.322787728987267
32.891978,0.4110226624354868,32.891978,1.322318204993526
32.913413,0.4167738106716502,32.913413,1.322022001910878
32.934849,0.4225161751416818,32.934849,1.321903466345245
32.956284,0.4282337730133937,32.956284,1.321958976125026
32.97772,0.4339305433984015,32.97772,1.322192877856142
32.999155,0.4395905034645171,32.999155,1.322605443201462
33.02059,0.4452095329915448,33.02059,1.323201109321198
33.042026,0.4507795273705279,33.042026,1.323976163489458
33.063461,0.4562924725467999,33.063461,1.324926983534643
33.084897,0.4617401733571143,33.084897,1.326061991005724
33.106332,0.4671144799153694,33.106332,1.327369413844998
33.127768,0.4724032579467028,33.127768,1.328857673601437
33.149203,0.4776022513994838,33.149203,1.330518982606101
33.170639,0.4827033556647558,33.170639,1.332349899795967
33.192074,0.4876943006362213,33.192074,1.334350515725326
33.21351,0.4925707849851045,33.21351,1.336513223833816
33.234945,0.4973205838822532,33.234945,1.338834311395548
33.25638,0.5019393959988914,33.25638,1.34131414062768
33.277816,0.5064188903403374,33.277816,1.343940848918221
33.299251,0.5107507811890548,33.299251,1.34671470793004
33.320687,0.5149266922732169,33.320687,1.349624036159726
33.342122,0.5189422769869027,33.342122,1.352665030327097
33.363558,0.5227891590582857,33.363558,1.355829721654632
33.384993,0.5264589169383944,33.384993,1.359114487970731
33.406429,0.5299512336872135,33.406429,1.36250330116606
33.427864,0.5332536128127207,33.427864,1.365992267406149
33.449299,0.5363696764865166,33.449299,1.369577673965106
33.470735,0.5392870187708689,33.470735,1.373239327236258
33.49217,0.5420051868943275,33.49217,1.376977498882475
33.513606,0.5445238186397322,33.513606,1.380780054628894
33.535041,0.5468303269607707,33.535041,1.384635041309234
33.556477,0.5489324542492395,33.556477,1.388534399591682
33.577912,0.5508256727906377,33.577912,1.392465995201377
33.599348,0.5525097109220952,33.599348,1.396421768806506
33.620783,0.5539799503748211,33.620783,1.400389676686498
33.642218,0.5552401491518512,33.642218,1.40436138784667
33.663654,0.5562898997588802,33.663654,1.4083207836234
33.685089,0.5571287494244583,33.685089,1.412267864016687
33.706525,0.5577603655973312,33.706525,1.416186148145749
33.72796,0.5581925359464402,33.72796,1.420063411181433
33.749396,0.5584208233115746,33.749396,1.423891503237638
33.770831,0.5584488498643351,33.770831,1.427662002765391
33.792267,0.558288568771004,33.792267,1.431366669324301
33.813702,0.5579395725372761,33.813702,1.434993187530927
33.835138,0.5574056191661872,33.835138,1.438537210779346
33.856573,0.5566944963266789,33.856573,1.441982258188776
33.878008,0.5558182024621785,33.878008,1.445328058096346
33.899444,0.554776465909816,33.899444,1.448562295118615
33.920879,0.5535770743385328,33.920879,1.451680441541082
33.942315,0.5522280418029955,33.942315,1.454674166369064
33.96375,0.5507413214694863,33.96375,1.457539122996641
33.985186,0.549124972669817,33.985186,1.460266889874841
34.006621,0.5473827534070231,34.006621,1.462848864346113
34.028057,0.5455268432331123,34.028057,1.465289030799218
34.049492,0.5435652109256058,34.049492,1.467578786576603
34.070927,0.5415059610934604,34.070927,1.469713603963768
34.092363,0.5393612732886833,34.092363,1.471689317463373
34.113798,0.5371392068430862,34.113798,1.473509639801306
34.135234,0.5348520318629665,34.135234,1.475165968320018
34.156669,0.5325037327370848,34.156669,1.476658031356639
34.178105,0.5301025046286879,34.178105,1.477989722745638
34.19954,0.5276688580844646,34.19954,1.479152349275174
34.220976,0.5251986728842193,34.220976,1.480153879722768
34.242411,0.5227084299087351,34.242411,1.480989967482501
34.263846,0.5202063695984035,34.263846,1.481668490777603
34.285282,0.5176966121734204,34.285282,1.482180937504813
34.306717,0.5151957290688591,34.306717,1.482539351384702
34.328153,0.5127038108390096,34.328153,1.482739385811351
34.349588,0.5102291432014083,34.349588,1.48278484406494
34.371024,0.5077883428682737,34.371024,1.48267971053423
34.392459,0.5053773801736999,34.392459,1.482431772888161
34.413895,0.5030129623841951,34.413895,1.482041031126735
34.43533,0.5006910145567086,34.43533,1.481507032478502
34.456766,0.4984282439577486,34.456766,1.480842092326902
34.478201,0.4962206209214093,34.478201,1.480050104506408
34.499636,0.494084943268489,34.499636,1.479126722411099
34.521072,0.4920172266102269,34.521072,1.478088336367467
34.542507,0.4900216817211088,34.542507,1.476934765266932
34.563943,0.4881110767560273,34.563943,1.475669993498256
34.585378,0.4862812914947865,34.585378,1.474302170947541
34.606814,0.4845409738720831,34.606814,1.472835282003545
34.628249,0.4828901691650621,34.628249,1.471273311055032
34.649685,0.4813333145339343,34.649685,1.469624589096681
34.67112,0.4798748018617657,34.67112,1.467893009962964
34.692555,0.4785147217028462,34.692555,1.466082648596932
34.713991,0.4772575564945318,34.713991,1.464197579941636
34.735426,0.4761034420682573,34.735426,1.462250209934807
34.756862,0.475052604809748,34.756862,1.460236463633395
34.778297,0.4741094366020696,34.778297,1.458168475312263
34.799733,0.4732741185538021,34.799733,1.456050682131621
34.821168,0.4725468770506707,34.821168,1.453886977925941
34.842604,0.4719278932012553,34.842604,1.451677453249511
34.864039,0.4714215588886219,34.864039,1.449434604594355
34.885474,0.4710239350011546,34.885474,1.447158341406182
34.90691,0.4707394134219193,34.90691,1.444857085233965
34.928345,0.4705640097621551,34.928345,1.442535092129333
34.949781,0.4705020706277831,34.949781,1.440192180983707
34.971216,0.4705496569071874,34.971216,1.437832607848719
34.992652,0.4707069044318029,34.992652,1.435469140879259
35.014087,0.4709740848644999,35.014087,1.433101598966749
35.035523,0.4713513793138582,35.035523,1.430730163219768
35.056958,0.4718389688884581,35.056958,1.428363164632997
35.078394,0.4724370346968794,35.078394,1.426005040366649
35.099829,0.4731415923503614,35.099829,1.423655609312142
35.121264,0.4739528229574841,35.121264,1.421323474127028
35.1427,0.4748709076268277,35.1427,1.419012890862939
35.164135,0.475896027466972,35.164135,1.416728206125795
35.185571,0.4770241075348663,35.185571,1.414465254418255
35.207006,0.4782554194933808,35.207006,1.412236803895211
35.228442,0.4795900538968053,35.228442,1.410047201162586
35.249877,0.4810239810792342,35.249877,1.407892099614456
35.271313,0.4825573821492474,35.271313,1.405780373571246
35.292748,0.4841904382154249,35.292748,1.403716188530294
35.314183,0.4859190290575711,35.314183,1.401699725600182
35.335619,0.4877433810614108,35.335619,1.399739587438461
35.357054,0.4896593287296034,35.357054,1.397840120651052
35.37849,0.491662797119098,35.37849,1.395997250294903
35.399925,0.4937624341645913,35.399925,1.394219488473278
35.421361,0.49594139676814,35.421361,1.392511453454966
35.442796,0.4982083328644408,35.442796,1.390877401291598
35.464232,0.500559076956153,35.464232,1.389317603646045
35.485667,0.5029852527714497,35.485667,1.387832060518306
35.507102,0.5054912521933971,35.507102,1.386433902280434
35.528538,0.5080686536730232,35.528538,1.385118963435088
35.549973,0.5107175477646183,35.549973,1.383891590588189
35.571409,0.5134294676420657,35.571409,1.38276074861445
35.592844,0.5162088504655762,35.592844,1.381717834856317
35.61428,0.5190514854606639,35.61428,1.380775979685843
35.635715,0.5219488605240673,35.635715,1.3799354547659
35.657151,0.5248967648813005,35.657151,1.379196350650776
35.678586,0.5278995904154296,35.678586,1.378563195054973
35.700022,0.5309402223656408,35.700022,1.378040515692992
35.721457,0.5340272633894861,35.721457,1.377624147067491
35.742892,0.5371478547777829,35.742892,1.377322963498892
35.764328,0.5403021323619663,35.764328,1.377137146095776
35.785763,0.5434857042589704,35.785763,1.377062619915091
35.807199,0.5466900583655335,35.807199,1.37710834983155
35.828634,0.5499108480757348,35.828634,1.377274245290863
35.85007,0.5531481186667193,35.85007,1.377556503012847
35.871505,0.5563931316495003,35.871505,1.377963816209347
35.892941,0.5596373749208162,35.892941,1.378492200491599
35.914376,0.5628850592551528,35.914376,1.379137399807975
35.935811,0.5661231448347475,35.935811,1.379908379033185
35.957247,0.5693473756079694,35.957247,1.380805409830099
35.978682,0.5725532691374629,35.978682,1.381819889541167
36.000118,0.5757408254232277,36.000118,1.382956617543758
36.021553,0.5789012606991323,36.021553,1.384211156677662
36.042989,0.5820258817533348,36.042989,1.385588306320249
36.064424,0.5851101608713346,36.064424,1.3870837198656
36.08586,0.5881584446590523,36.08586,1.388693503479243
36.107295,0.5911531655842247,36.107295,1.390422003767099
36.12873,0.5940986249756275,36.12873,1.392260799180197
36.150166,0.5969816471840631,36.150166,1.394214417433037
36.171601,0.5998063977068724,36.171601,1.396269909262146
36.193037,0.6025640927779237,36.193037,1.398436330096528
36.214472,0.605250204682716,36.214472,1.400704986724339
36.235908,0.6078645975898144,36.235908,1.403071804202529
36.257343,0.6103939600185863,36.257343,1.405536782531098
36.278779,0.6128425932978074,36.278779,1.408095846766996
36.300214,0.615205924435832,36.300214,1.410744740858591
36.32165,0.6174749885579482,36.32165,1.413474771594042
36.343085,0.6196496498327211,36.343085,1.41629055724214
36.36452,0.6217296818744256,36.36452,1.419183404591042
36.385956,0.6237106022457057,36.385956,1.422149057589119
36.407391,0.625583400794705,36.407391,1.42518769734495
36.428827,0.6273566349018298,36.428827,1.428286102932192
36.450262,0.6290213849695135,36.450262,1.431444455459426
36.471698,0.6305729874518202,36.471698,1.434662936035232
36.493133,0.632011306517315,36.493133,1.437928323733267
36.514569,0.6333405076633384,36.514569,1.441240618553531
36.536004,0.6345559726210998,36.536004,1.444591217838473
36.557439,0.6356530831218081,36.557439,1.447980031033802
36.578875,0.6366316580568834,36.578875,1.451398455481967
36.60031,0.6374958629236664,36.60031,1.454841963468466
36.621746,0.6382411700076563,36.621746,1.45830629894167
36.643181,0.6388672170916931,36.643181,1.461786843632787
36.664617,0.6393739588986317,36.664617,1.465279432044476
36.686052,0.6397654703715228,36.686052,1.468775099302026
36.707488,0.6400372237958656,36.707488,1.472273845405436
36.728923,0.6401978218292118,36.728923,1.475766705479995
36.750358,0.6402382090425597,36.750358,1.479249332919782
36.771794,0.6401671239248959,36.771794,1.482717381118877
36.793229,0.6399798123759944,36.793229,1.486166050699907
36.814665,0.6396850128848421,36.814665,1.489591176165534
36.8361,0.639278152459793,36.8361,1.492987958138384
36.857536,0.6387678790355438,36.857536,1.496347703406617
36.878971,0.6381540115035145,36.878971,1.499674577467574
36.900407,0.6374364140322699,36.900407,1.502955359394912
36.921842,0.636619297396296,36.921842,1.506189686971471
36.943278,0.6357115359160145,36.943278,1.50937330414562
36.964713,0.6347084207683444,36.964713,1.512501411539989
36.986148,0.6336187357194175,36.986148,1.515574009154576
37.007584,0.6324423902149438,37.007584,1.518582041560381
37.029019,0.6311881227439099,37.029019,1.521525418203113
37.050455,0.6298558427520258,37.050455,1.524399611368272
37.07189,0.6284543792825682,37.07189,1.527204258838698
37.093326,0.6269835965041023,37.093326,1.529930305185388
37.114761,0.6254523687370495,37.114761,1.532582459231424
37.136197,0.6238650878644758,37.136197,1.535155649936564
37.157632,0.6222216180549462,37.157632,1.537650058409389
37.179067,0.6205353613433834,37.179067,1.540060794718238
37.200503,0.6188018352924313,37.200503,1.54238785886311
37.221938,0.6170343513827226,37.221938,1.544631250844007
37.243374,0.6152374373287581,37.243374,1.546785899620686
37.264809,0.6134110025762479,37.264809,1.548856514016228
37.286245,0.6115640119999037,37.286245,1.550842912922054
37.30768,0.6097054757515824,37.30768,1.552740206406503
37.329116,0.6078309113939279,37.329116,1.554557631007157
37.350551,0.6059582486763637,37.350551,1.556285587969273
37.371986,0.6040785227241782,37.371986,1.557933313830433
37.393422,0.6022098443953747,37.393422,1.559500627482058
37.414857,0.6003521684128086,37.414857,1.560986985598407
37.436293,0.5985100677681253,37.436293,1.56239275039664
37.457728,0.5966835877384702,37.457728,1.5637266150886
37.479164,0.5948863114673456,37.479164,1.564988579674285
37.500599,0.5931183747861869,37.500599,1.566178281936537
37.522035,0.5913843054094947,37.522035,1.567300430698435
37.54347,0.589688676328915,37.54347,1.568363719171822
37.564906,0.5880361963675286,37.564906,1.569363619642196
37.586341,0.5864268655253356,37.586341,1.57030900642998
37.607776,0.584865302071127,37.607776,1.571204588358254
37.629212,0.5833562148279835,37.629212,1.572054712032939
37.650647,0.5819041767875511,37.650647,1.572859196345456
37.672083,0.5805047960667641,37.672083,1.573627096724805
37.693518,0.5791671733717689,37.693518,1.574362940885488
37.714954,0.57788700737379,37.714954,1.575066909936085
37.736389,0.5766733987789741,37.736389,1.575752043694358
37.757825,0.5755173827126092,37.757825,1.576414357771547
37.77926,0.5744327687039233,37.77926,1.577067254202574
37.800695,0.5734059736094136,37.800695,1.57771526070194
37.822131,0.5724508069583079,37.822131,1.578353849555144
37.843566,0.5715536403299585,37.843566,1.57900131272877
37.865002,0.5707238008162371,37.865002,1.579653122508317
37.886437,0.5699567154254979,37.886437,1.580318334322786
37.907873,0.5692480375518201,37.907873,1.58100618470976
37.929308,0.5686023854639946,37.929308,1.581712145954737
37.950744,0.5680152767246653,37.950744,1.5824454545953
37.972179,0.5674821836193317,37.972179,1.58321534716903
37.993614,0.5670032872565736,37.993614,1.584017295961426
38.01505,0.5665740599218901,38.01505,1.58486488411599
38.036485,0.5661945468924263,38.036485,1.585758654958464
38.057921,0.5658556927391805,38.057921,1.586698246271687
38.079356,0.5655574974621524,38.079356,1.5876932568104
38.100792,0.5652954333468415,38.100792,1.588743686574605
38.122227,0.5650603996871008,38.122227,1.589854063278801
38.143663,0.5648570600288663,38.143663,1.591024749140148
38.165098,0.564676132557411,38.165098,1.592260271873148
38.186534,0.5645085618437334,38.186534,1.593565340300882
38.207969,0.5643588756023343,38.207969,1.594935788926009
38.229404,0.564213309581131,38.229404,1.59638049206895
38.25084,0.5640718637801235,38.25084,1.597890575409283
38.272275,0.563925256384585,38.272275,1.599475456593171
38.293711,0.5637734873945155,38.293711,1.601135316729194
38.315146,0.5636073202723332,38.315146,1.60286073817119
38.336582,0.5634220914721022,38.336582,1.60466113856532
38.358017,0.5632177104395324,38.358017,1.606532171305664
38.379453,0.5629803223682512,38.379453,1.608469489786301
38.400888,0.5627097461496786,38.400888,1.610477259504571
38.422323,0.5624014087921687,38.422323,1.612546787248633
38.443759,0.5620551744642863,38.443759,1.614682781841569
38.465194,0.5616617160741598,38.465194,1.616875825637215
38.48663,0.5612162795215633,38.48663,1.619126280852733
38.508065,0.5607141559834156,38.508065,1.621434147488122
38.529501,0.5601598278970727,38.529501,1.623785299074139
38.550936,0.559548676993744,38.550936,1.626189515474106
38.572372,0.5588711497958322,38.572372,1.628632670218781
38.593807,0.5581365733952094,38.593807,1.631114763308164
38.615242,0.5573307760454876,38.615242,1.633631267027753
38.636678,0.556463039561394,38.636678,1.636177653663049
38.658113,0.5555285645655572,38.658113,1.638749214390969
38.679549,0.5545272605036875,38.679549,1.641346130320094
38.700984,0.5534589462672047,38.700984,1.643958802695682
38.72242,0.5523236218561089,38.72242,1.646587412626313
38.743855,0.5511258149849011,38.743855,1.649222542465825
38.765291,0.5498653898221459,38.765291,1.65186908214588
38.786726,0.5485469646366345,38.786726,1.654512905197234
38.808162,0.5471657400509959,38.808162,1.657163248157469
38.829597,0.545731043157102,38.829597,1.659810693380424
38.851032,0.5442427381235176,38.851032,1.662450894260178
38.872468,0.5427054432190337,38.872468,1.66508819740265
38.893903,0.5411238219895861,38.893903,1.667717893984762
38.915339,0.5394978291580299,38.915339,1.670344873938173
38.936774,0.5378319924388659,38.936774,1.672959538508141
38.95821,0.5361310659323202,38.95821,1.675566777626328
38.979645,0.5343996679071835,38.979645,1.678166410184154
39.001081,0.5326377078091659,39.001081,1.680763145004698
39.022516,0.5308452309154124,39.022516,1.683352273264882
39.043951,0.5290362731408755,39.043951,1.685943212610866
39.065387,0.5272014168393938,39.065387,1.68853596304265
39.086822,0.5253547432030646,39.086822,1.691130524560235
39.108258,0.5234868345857264,39.108258,1.693736495918361
39.129693,0.5216023545333149,39.129693,1.69635369600845
39.151129,0.5197108112462822,39.151129,1.698987014762162
39.172564,0.5177978971468051,39.172564,1.701645688717079
39.194,0.5158731204353358,39.194,1.70432537126728
39.215435,0.5139316817345033,39.215435,1.707035480058927
39.23687,0.5119735810443076,39.23687,1.709785251629602
39.258306,0.5099940642645227,39.258306,1.712575229305045
39.279741,0.5079930861180035,39.279741,1.715409759691176
39.301177,0.5059658472273794,39.301177,1.718294094936817
39.322612,0.5039028393921982,39.322612,1.721237290470969
39.344048,0.5018039720581701,39.344048,1.724240070727953
39.365483,0.499659691747698,39.365483,1.727302073490608
39.386919,0.4974699079064922,39.386919,1.730433078622257
39.408354,0.4952155135793588,39.408354,1.7336330861229
39.42979,0.4929011723122338,39.42979,1.736907167032776
39.451225,0.4905077318727784,39.451225,1.740255321351887
39.47266,0.4880350111524125,39.47266,1.743677549080233
39.494096,0.4854638126416526,39.494096,1.747169322503312
39.515531,0.4827940005090633,39.515531,1.750740421484446
39.536967,0.4800110860682422,39.536967,1.754381247268894
39.558402,0.4771052894558672,39.558402,1.758091980965236
39.579838,0.4740668760857613,39.579838,1.76186773264181
39.601273,0.4708812667172319,39.601273,1.765704155692696
39.622709,0.4675481896874087,39.622709,1.769601250117894
39.644144,0.4640483116553731,39.644144,1.77353963729934
39.665579,0.4603764710265941,39.665579,1.777524569385855
39.687015,0.4565277325922656,39.687015,1.781541557691036
39.70845,0.452482491348599,39.70845,1.785581003460141
39.729886,0.4482405209098692,39.729886,1.78963819787009
39.751321,0.443796659681545,39.751321,1.793693943411399
39.772757,0.4391409466917247,39.772757,1.797738641329325
39.794192,0.4342683109001672,39.794192,1.801767220583629
39.815628,0.4291735454351964,39.815628,1.805755955950324
39.837063,0.4238514887022815,39.837063,1.80969488645751
39.858498,0.4183066231387783,39.858498,1.813569523418784
39.879934,0.4125337418730107,39.879934,1.817370268079403
39.901369,0.4065325279649637,39.901369,1.821077379604144
39.922805,0.4003026191974772,39.922805,1.824676550415184
39.94424,0.3938484527307621,39.94424,1.828148220785879
39.965676,0.3871697116248034,39.965676,1.831487138567408
39.987111,0.3802805223488437,39.987111,1.834669035210047
40.008547,0.3731805679628681,40.008547,1.837684130850473
40.029982,0.3658743761813774,40.029982,1.840517393476544
40.051418,0.3583761413893318,40.051418,1.843154153293277
40.072853,0.3506952585943207,40.072853,1.84558426822019
40.094288,0.3428363007879899,40.094288,1.847788178530638
40.115724,0.3348183975641058,40.115724,1.849760632075802
40.137159,0.3266509892074025,40.137159,1.851486596843537
40.158595,0.3183484512114205,40.158595,1.852956111861943
40.18003,0.3099251364311276,40.18003,1.854158853941957
40.201466,0.3013954429986364,40.201466,1.855094460866419
40.222901,0.2927738143232048,40.222901,1.855748081731766
40.244337,0.2840795611071792,40.244337,1.856114283280597
40.265772,0.2753272173141072,40.265772,1.856192522187172
40.287207,0.2665361389234802,40.287207,1.85597283747959
40.308643,0.2577209730917085,40.308643,1.85545939465519
40.330078,0.2489011210754284,40.330078,1.854651831496813
40.351514,0.2400912753081953,40.351514,1.853544714747057
40.372949,0.2313061055849919,40.372949,1.852137682188764
40.394385,0.2225700615641231,40.394385,1.850439970359514
40.41582,0.2138979035948617,40.41582,1.848455925865228
40.437256,0.2052995473719647,40.437256,1.846185186488746
40.458691,0.1967946658149384,40.458691,1.84363227994457
40.480126,0.1884029997590065,40.480126,1.840811332701941
40.501562,0.180129654202269,40.501562,1.837721982543701
40.522997,0.1719993165080417,40.522997,1.83437835593909
40.544433,0.1640122243813361,40.544433,1.830790232751432
40.565868,0.1561931557397581,40.565868,1.826966487301149
40.587304,0.1485423822461778,40.587304,1.822921970491802
40.608739,0.1410749019548795,40.608739,1.818661028929314
40.630175,0.1338008682656312,40.630175,1.814197970191506
40.65161,0.1267254767308229,40.65161,1.809547464073362
40.673046,0.119863838597601,40.673046,1.804718928221043
40.694481,0.1132113808743199,40.694481,1.799731741252613
40.715916,0.1067782682800339,40.715916,1.794590611991153
40.737352,0.1005697982407091,40.737352,1.789319990094968
40.758787,0.09459126818231157,40.758787,1.783924584387139
40.780223,0.08883811643248157,40.780223,1.778418883554069
40.801658,0.08331564041718519,40.801658,1.772817738499319
40.823094,0.07802420801322558,40.823094,1.767130566869053
40.844529,0.07296420407633537,40.844529,1.761377290607075
40.865965,0.06813104995522554,40.865965,1.755562799645044
40.8874,0.06353006005479146,40.8874,1.749706472601025
40.908835,0.05914676832720284,40.908835,1.743813380515259
40.930271,0.05498647785806884,40.930271,1.737898374291309
40.951706,0.05104459301717105,40.951706,1.731966162752255
40.973142,0.04731650402518328,40.973142,1.726036848950482
40.994577,0.04379760110277931,40.994577,1.720115322817651
41.016013,0.04047334462676819,41.016013,1.714211183108503
41.037448,0.03734900372490033,41.037448,1.708324973148778
41.058884,0.03441497115296915,41.058884,1.702476252665121
41.080319,0.03166161419837406,41.080319,1.696670273806352
41.101755,0.0290842551660713,41.101755,1.690906855463891
41.12319,0.0266781993820878,41.12319,1.685196139718221
41.144625,0.02443377168649948,41.144625,1.679548268649822
41.166061,0.02234127569572054,41.166061,1.673958352327035
41.187496,0.02040095052967307,41.187496,1.668441241653422
41.208932,0.01859809243551546,41.208932,1.662992408914483
41.230367,0.01692793316391397,41.230367,1.657616562933298
41.251803,0.01538569597607016,41.251803,1.652319136967267
41.273238,0.0139616038384837,41.273238,1.647099949907812
41.294674,0.01264585849399253,41.294674,1.641964616120914
41.316109,0.01144362365949382,41.316109,1.636912773389412
41.337544,0.01033508987659084,41.337544,1.631944783930465
41.35898,0.009320405003460245,41.35898,1.627060647744076
41.380415,0.008389710649231762,41.380415,1.622260727047402
41.401851,0.007543138400608077,41.401851,1.617550092880686
41.423286,0.006770805105780234,41.423286,1.612918965380606
41.444722,0.006067816588354938,41.444722,1.608377305519062
41.466157,0.005429268413835728,41.466157,1.603915152324155
41.487593,0.004850246243350671,41.487593,1.599537939053284
41.509028,0.004325824418741584,41.509028,1.595240594666208
41.530463,0.003851068084930201,41.530463,1.591023300271508
41.551899,0.003426054708281811,41.551899,1.586886236977763
41.573334,0.003040809875242053,41.573334,1.582829585893555
41.59477,0.002695396018749162,41.59477,1.578843204938399
41.616205,0.002384843441546878,41.616205,1.574932527369699
41.637641,0.002104173072595014,41.637641,1.571092482147212
41.659076,0.001858467802012352,41.659076,1.567323069270939
41.680512,0.001632665197074165,41.680512,1.563619579917799
41.701947,0.001436879216910644,41.701947,1.559981832979212
41.723383,0.001261068239705304,41.723383,1.556410371780917
41.744818,0.001105263305063414,41.744818,1.552905015214336
41.766253,0.0009644460781706013,41.766253,1.549455802307565
41.787689,0.0008436919324321196,41.787689,1.546062914169185
41.809124,0.000737977271334126,41.809124,1.542731421839437
41.83056,0.0006422682402596112,41.83056,1.539451364346419
41.851995,0.0005565804032271722,41.851995,1.536222560581551
41.873431,0.0004809292800394436,41.873431,1.533050624910815
41.894866,0.0004153303904990604,41.894866,1.529925234145147
41.916302,0.0003597993428405812,41.916302,1.526846569393128
41.937737,0.0003092814567289314,41.937737,1.523814630654759
41.959172,0.0002688573009448914,41.959172,1.520829417930038
41.980608,0.0002283916926965489,41.980608,1.517886131841596
42.002043,0.000198040529953977,42.002043,1.514984681835142
42.023479,0.0001676582833901734,42.023479,1.512120177979015
42.044914,0.000147411219618282,42.044914,1.509297691313456
42.06635,0.0001220576875659141,42.06635,1.506512241352514
42.087785,0.0001068548912700647,42.087785,1.50376898969072
42.109221,9.163655859059477e-05,42.109221,1.501052632653062
42.130656,7.640267294651851e-05,42.130656,1.498373493428601
42.152091,6.624933950223699e-05,42.152091,1.495731662571628
42.173527,5.60856374148846e-05,42.173527,1.493116998001659
42.194962,4.591157221145658e-05,42.194962,1.490534480204647
42.216398,3.572714112845532e-05,42.216398,1.48797930980322
42.237833,3.063881244635745e-05,42.237833,1.485456467283329
42.259269,2.554530220622177e-05,42.259269,1.482966133753555
42.280704,2.044660764455066e-05,42.280704,1.480497986024835
42.30214,1.534273014309293e-05,42.30214,1.478057276245991
42.323575,1.535050524364727e-05,42.323575,1.475638933376781
42.345011,1.02388533325096e-05,42.345011,1.473253190051977
42.366446,1.024403558142182e-05,42.366446,1.470884742596566
42.387881,1.024921852120844e-05,42.387881,1.468543914199611
42.409317,5.127201075934733e-06,42.409317,1.466230795415401
42.430752,5.129792545828044e-06,42.430752,1.463935063054874
42.452188,5.132384015721356e-06,42.452188,1.461661878712562
42.473623,5.134975485614666e-06,42.473623,1.459411332942755
42.495059,0,42.495059,1.457178445259501
42.516494,0,42.516494,1.454968105594461
42.53793,0,42.53793,1.452780585610505
42.559365,0,42.559365,1.450610723713103
42.5808,0,42.5808,1.448458429347965
42.602236,0,42.602236,1.44632397417796
42.623671,0,42.623671,1.444212248134749
42.645107,0,42.645107,1.442113290246431
42.666542,0,42.666542,1.440037152039197
42.687978,0,42.687978,1.437973781986856
42.709413,0,42.709413,1.435928160575358
42.730849,0,42.730849,1.433900559467574
42.752284,0,42.752284,1.431885635960392
42.773719,0,42.773719,1.429888642202634
42.795155,0,42.795155,1.427909578194299
42.81659,0,42.81659,1.425943463449437
42.838026,0,42.838026,1.423990116859467
42.859461,0,42.859461,1.422054790573211
